state,district,market,commodity,variety,arrival_date,min_price,max_price,modal_price,arrival_quantity
Maharashtra,Pune,Pune,Tomato,Hybrid,2024-01-01,2515,3144,2768,140.99
Maharashtra,Pune,Pune,Tomato,Hybrid,2024-01-02,2280,3109,2668,144.91
Maharashtra,Pune,Pune,Tomato,Hybrid,2024-01-03,2535,3502,2976,144.58
Maharashtra,Pune,Pune,Tomato,Hybrid,2024-01-04,2238,2822,2589,161.09
Maharashtra,Pune,Pune,Tomato,Hybrid,2024-01-05,2387,2973,2698,118.08
Maharashtra,Pune,Pune,Tomato,Hybrid,2024-01-06,2143,2725,2454,166.08
Maharashtra,Pune,Pune,Tomato,Hybrid,2024-01-07,2625,3415,3031,127.26
Maharashtra,Pune,Pune,Tomato,Hybrid,2024-01-08,2202,2667,2450,163.3
Maharashtra,Pune,Pune,Tomato,Hybrid,2024-01-09,2236,2764,2471,155.88
Maharashtra,Pune,Pune,Tomato,Hybrid,2024-01-10,2180,2992,2557,139.0
Maharashtra,Pune,Pune,Tomato,Hybrid,2024-01-11,2352,3030,2688,129.01
Maharashtra,Pune,Pune,Tomato,Hybrid,2024-01-12,2117,2636,2282,176.48
Maharashtra,Pune,Pune,Tomato,Hybrid,2024-01-13,2258,2875,2634,152.91
Maharashtra,Pune,Pune,Tomato,Hybrid,2024-01-14,2301,2872,2611,147.15
Maharashtra,Pune,Pune,Tomato,Hybrid,2024-01-15,2032,2631,2329,185.89
Maharashtra,Pune,Pune,Tomato,Hybrid,2024-01-16,2140,2946,2500,152.62
Maharashtra,Pune,Pune,Tomato,Hybrid,2024-01-17,1956,2667,2300,181.35
Maharashtra,Pune,Pune,Tomato,Hybrid,2024-01-18,2359,2790,2588,166.98
Maharashtra,Pune,Pune,Tomato,Hybrid,2024-01-19,2050,2540,2231,172.86
Maharashtra,Pune,Pune,Tomato,Hybrid,2024-01-20,1991,2517,2276,171.2
Maharashtra,Pune,Pune,Tomato,Hybrid,2024-01-21,2430,2960,2638,170.46
Maharashtra,Pune,Pune,Tomato,Hybrid,2024-01-22,2129,2645,2337,159.77
Maharashtra,Pune,Pune,Tomato,Hybrid,2024-01-23,2047,2564,2295,196.02
Maharashtra,Pune,Pune,Tomato,Hybrid,2024-01-24,2010,2586,2297,167.91
Maharashtra,Pune,Pune,Tomato,Hybrid,2024-01-25,1962,2562,2222,183.57
Maharashtra,Pune,Pune,Tomato,Hybrid,2024-01-26,1937,2428,2095,181.5
Maharashtra,Pune,Pune,Tomato,Hybrid,2024-01-27,2182,2602,2386,170.9
Maharashtra,Pune,Pune,Tomato,Hybrid,2024-01-28,2166,2767,2368,181.76
Maharashtra,Pune,Pune,Tomato,Hybrid,2024-01-29,1740,2238,2004,192.69
Maharashtra,Pune,Pune,Tomato,Hybrid,2024-01-30,1882,2492,2213,182.86
Maharashtra,Pune,Pune,Tomato,Hybrid,2024-01-31,1620,2087,1885,203.77
Maharashtra,Pune,Pune,Tomato,Hybrid,2024-02-01,1864,2399,2091,195.44
Maharashtra,Pune,Pune,Tomato,Hybrid,2024-02-02,1989,2356,2146,183.41
Maharashtra,Pune,Pune,Tomato,Hybrid,2024-02-03,1513,1862,1734,227.98
Maharashtra,Pune,Pune,Tomato,Hybrid,2024-02-04,1896,2443,2220,215.33
Maharashtra,Pune,Pune,Tomato,Hybrid,2024-02-05,1684,2196,1954,207.18
Maharashtra,Pune,Pune,Tomato,Hybrid,2024-02-06,1934,2559,2225,189.26
Maharashtra,Pune,Pune,Tomato,Hybrid,2024-02-07,2028,2542,2252,154.82
Maharashtra,Pune,Pune,Tomato,Hybrid,2024-02-08,1537,2044,1801,211.38
Maharashtra,Pune,Pune,Tomato,Hybrid,2024-02-09,1515,1830,1680,236.74
Maharashtra,Pune,Pune,Tomato,Hybrid,2024-02-10,1641,1925,1774,246.47
Maharashtra,Pune,Pune,Tomato,Hybrid,2024-02-11,1782,2250,1929,200.46
Maharashtra,Pune,Pune,Tomato,Hybrid,2024-02-12,1828,2259,1997,179.83
Maharashtra,Pune,Pune,Tomato,Hybrid,2024-02-13,1365,1861,1592,251.51
Maharashtra,Pune,Pune,Tomato,Hybrid,2024-02-14,1674,2115,1908,219.27
Maharashtra,Pune,Pune,Tomato,Hybrid,2024-02-15,1783,2238,1936,209.0
Maharashtra,Pune,Pune,Tomato,Hybrid,2024-02-16,1468,1988,1701,236.29
Maharashtra,Pune,Pune,Tomato,Hybrid,2024-02-17,1579,2020,1857,202.53
Maharashtra,Pune,Pune,Tomato,Hybrid,2024-02-18,2049,2486,2271,181.48
Maharashtra,Pune,Pune,Tomato,Hybrid,2024-02-19,1350,1775,1541,268.78
Maharashtra,Pune,Pune,Tomato,Hybrid,2024-02-20,1734,2176,1921,212.33
Maharashtra,Pune,Pune,Tomato,Hybrid,2024-02-21,1468,1848,1685,223.71
Maharashtra,Pune,Pune,Tomato,Hybrid,2024-02-22,1564,1934,1697,238.47
Maharashtra,Pune,Pune,Tomato,Hybrid,2024-02-23,1519,1905,1695,255.43
Maharashtra,Pune,Pune,Tomato,Hybrid,2024-02-24,1559,1917,1787,208.74
Maharashtra,Pune,Pune,Tomato,Hybrid,2024-02-25,1493,1896,1614,252.59
Maharashtra,Pune,Pune,Tomato,Hybrid,2024-02-26,1319,1816,1549,266.36
Maharashtra,Pune,Pune,Tomato,Hybrid,2024-02-27,1582,1985,1706,231.03
Maharashtra,Pune,Pune,Tomato,Hybrid,2024-02-28,1333,1604,1452,250.0
Maharashtra,Pune,Pune,Tomato,Hybrid,2024-02-29,1503,1863,1625,225.01
Maharashtra,Pune,Pune,Tomato,Hybrid,2024-03-01,1269,1663,1411,282.96
Maharashtra,Pune,Pune,Tomato,Hybrid,2024-03-02,1438,1800,1563,236.21
Maharashtra,Pune,Pune,Tomato,Hybrid,2024-03-03,1653,2073,1881,226.33
Maharashtra,Pune,Pune,Tomato,Hybrid,2024-03-04,1437,1829,1563,261.07
Maharashtra,Pune,Pune,Tomato,Hybrid,2024-03-05,1459,1822,1596,305.91
Maharashtra,Pune,Pune,Tomato,Hybrid,2024-03-06,1528,1837,1659,248.47
Maharashtra,Pune,Pune,Tomato,Hybrid,2024-03-07,1195,1432,1333,293.52
Maharashtra,Pune,Pune,Tomato,Hybrid,2024-03-08,1635,2126,1873,183.42
Maharashtra,Pune,Pune,Tomato,Hybrid,2024-03-09,1166,1529,1356,308.37
Maharashtra,Pune,Pune,Tomato,Hybrid,2024-03-10,1302,1562,1447,283.86
Maharashtra,Pune,Pune,Tomato,Hybrid,2024-03-11,1223,1561,1369,279.49
Maharashtra,Pune,Pune,Tomato,Hybrid,2024-03-12,943,1135,1032,386.52
Maharashtra,Pune,Pune,Tomato,Hybrid,2024-03-13,1056,1457,1239,317.89
Maharashtra,Pune,Pune,Tomato,Hybrid,2024-03-14,1288,1589,1459,284.41
Maharashtra,Pune,Pune,Tomato,Hybrid,2024-03-15,1134,1458,1269,302.26
Maharashtra,Pune,Pune,Tomato,Hybrid,2024-03-16,1032,1282,1114,369.24
Maharashtra,Pune,Pune,Tomato,Hybrid,2024-03-17,1643,2040,1859,228.5
Maharashtra,Pune,Pune,Tomato,Hybrid,2024-03-18,1270,1615,1492,254.8
Maharashtra,Pune,Pune,Tomato,Hybrid,2024-03-19,1226,1493,1381,298.37
Maharashtra,Pune,Pune,Tomato,Hybrid,2024-03-20,609,788,705,546.34
Maharashtra,Pune,Pune,Tomato,Hybrid,2024-03-21,1414,1688,1570,230.78
Maharashtra,Pune,Pune,Tomato,Hybrid,2024-03-22,1357,1774,1524,238.3
Maharashtra,Pune,Pune,Tomato,Hybrid,2024-03-23,921,1227,1076,374.96
Maharashtra,Pune,Pune,Tomato,Hybrid,2024-03-24,1299,1591,1404,276.27
Maharashtra,Pune,Pune,Tomato,Hybrid,2024-03-25,1300,1657,1466,251.56
Maharashtra,Pune,Pune,Tomato,Hybrid,2024-03-26,1105,1394,1192,341.04
Maharashtra,Pune,Pune,Tomato,Hybrid,2024-03-27,1078,1392,1260,304.95
Maharashtra,Pune,Pune,Tomato,Hybrid,2024-03-28,939,1253,1093,375.05
Maharashtra,Pune,Pune,Tomato,Hybrid,2024-03-29,1228,1565,1351,297.73
Maharashtra,Pune,Pune,Tomato,Hybrid,2024-03-30,937,1194,1030,376.06
Maharashtra,Pune,Pune,Tomato,Hybrid,2024-03-31,1159,1522,1317,302.44
Maharashtra,Pune,Pune,Tomato,Hybrid,2024-04-01,1112,1352,1210,324.24
Maharashtra,Pune,Pune,Tomato,Hybrid,2024-04-02,1117,1521,1301,316.58
Maharashtra,Pune,Pune,Tomato,Hybrid,2024-04-03,1207,1611,1379,287.48
Maharashtra,Pune,Pune,Tomato,Hybrid,2024-04-04,1107,1354,1195,329.43
Maharashtra,Pune,Pune,Tomato,Hybrid,2024-04-05,858,1086,982,434.64
Maharashtra,Pune,Pune,Tomato,Hybrid,2024-04-06,1215,1539,1330,309.62
Maharashtra,Pune,Pune,Tomato,Hybrid,2024-04-07,1079,1427,1262,300.33
Maharashtra,Pune,Pune,Tomato,Hybrid,2024-04-08,1083,1335,1233,318.96
Maharashtra,Pune,Pune,Tomato,Hybrid,2024-04-09,1058,1271,1176,328.28
Maharashtra,Pune,Pune,Tomato,Hybrid,2024-04-10,976,1323,1140,339.76
Maharashtra,Pune,Pune,Tomato,Hybrid,2024-04-11,861,1184,1005,397.51
Maharashtra,Pune,Pune,Tomato,Hybrid,2024-04-12,754,968,824,459.47
Maharashtra,Pune,Pune,Tomato,Hybrid,2024-04-13,867,1075,950,413.64
Maharashtra,Pune,Pune,Tomato,Hybrid,2024-04-14,1184,1550,1379,284.77
Maharashtra,Pune,Pune,Tomato,Hybrid,2024-04-15,869,1101,1017,385.05
Maharashtra,Pune,Pune,Tomato,Hybrid,2024-04-16,1023,1276,1125,339.59
Maharashtra,Pune,Pune,Tomato,Hybrid,2024-04-17,911,1217,1044,385.34
Maharashtra,Pune,Pune,Tomato,Hybrid,2024-04-18,941,1244,1100,360.19
Maharashtra,Pune,Pune,Tomato,Hybrid,2024-04-19,956,1218,1062,380.35
Maharashtra,Pune,Pune,Tomato,Hybrid,2024-04-20,1293,1686,1442,263.11
Maharashtra,Pune,Pune,Tomato,Hybrid,2024-04-21,1393,1742,1597,235.84
Maharashtra,Pune,Pune,Tomato,Hybrid,2024-04-22,554,667,618,632.89
Maharashtra,Pune,Pune,Tomato,Hybrid,2024-04-23,972,1288,1111,384.58
Maharashtra,Pune,Pune,Tomato,Hybrid,2024-04-24,818,1028,886,454.33
Maharashtra,Pune,Pune,Tomato,Hybrid,2024-04-25,749,944,810,516.36
Maharashtra,Pune,Pune,Tomato,Hybrid,2024-04-26,1170,1368,1259,307.5
Maharashtra,Pune,Pune,Tomato,Hybrid,2024-04-27,685,859,739,556.17
Maharashtra,Pune,Pune,Tomato,Hybrid,2024-04-28,1040,1295,1177,355.02
Maharashtra,Pune,Pune,Tomato,Hybrid,2024-04-29,911,1173,999,397.1
Maharashtra,Pune,Pune,Tomato,Hybrid,2024-04-30,858,1050,968,418.43
Maharashtra,Pune,Pune,Tomato,Hybrid,2024-05-01,931,1226,1072,377.12
Maharashtra,Pune,Pune,Tomato,Hybrid,2024-05-02,667,888,776,529.47
Maharashtra,Pune,Pune,Tomato,Hybrid,2024-05-03,1189,1551,1333,298.81
Maharashtra,Pune,Pune,Tomato,Hybrid,2024-05-04,1313,1590,1427,303.84
Maharashtra,Pune,Pune,Tomato,Hybrid,2024-05-05,1202,1450,1326,319.17
Maharashtra,Pune,Pune,Tomato,Hybrid,2024-05-06,1060,1345,1203,302.8
Maharashtra,Pune,Pune,Tomato,Hybrid,2024-05-07,906,1176,1017,400.14
Maharashtra,Pune,Pune,Tomato,Hybrid,2024-05-08,1253,1601,1363,269.83
Maharashtra,Pune,Pune,Tomato,Hybrid,2024-05-09,680,903,767,515.46
Maharashtra,Pune,Pune,Tomato,Hybrid,2024-05-10,636,774,706,559.57
Maharashtra,Pune,Pune,Tomato,Hybrid,2024-05-11,993,1273,1149,330.55
Maharashtra,Pune,Pune,Tomato,Hybrid,2024-05-12,1108,1336,1227,337.07
Maharashtra,Pune,Pune,Tomato,Hybrid,2024-05-13,820,1025,949,405.39
Maharashtra,Pune,Pune,Tomato,Hybrid,2024-05-14,937,1200,1081,350.8
Maharashtra,Pune,Pune,Tomato,Hybrid,2024-05-15,1246,1691,1460,271.76
Maharashtra,Pune,Pune,Tomato,Hybrid,2024-05-16,908,1156,987,404.43
Maharashtra,Pune,Pune,Tomato,Hybrid,2024-05-17,1006,1268,1100,356.69
Maharashtra,Pune,Pune,Tomato,Hybrid,2024-05-18,908,1159,1032,375.08
Maharashtra,Pune,Pune,Tomato,Hybrid,2024-05-19,898,1166,1012,411.81
Maharashtra,Pune,Pune,Tomato,Hybrid,2024-05-20,1066,1351,1197,335.5
Maharashtra,Pune,Pune,Tomato,Hybrid,2024-05-21,1007,1237,1128,336.73
Maharashtra,Pune,Pune,Tomato,Hybrid,2024-05-22,872,1132,1024,365.38
Maharashtra,Pune,Pune,Tomato,Hybrid,2024-05-23,904,1229,1052,360.2
Maharashtra,Pune,Pune,Tomato,Hybrid,2024-05-24,1353,1667,1482,280.43
Maharashtra,Pune,Pune,Tomato,Hybrid,2024-05-25,1078,1385,1202,316.53
Maharashtra,Pune,Pune,Tomato,Hybrid,2024-05-26,1013,1289,1161,338.23
Maharashtra,Pune,Pune,Tomato,Hybrid,2024-05-27,1163,1560,1324,327.73
Maharashtra,Pune,Pune,Tomato,Hybrid,2024-05-28,830,1051,967,417.96
Maharashtra,Pune,Pune,Tomato,Hybrid,2024-05-29,962,1225,1112,348.81
Maharashtra,Pune,Pune,Tomato,Hybrid,2024-05-30,1103,1471,1249,304.59
Maharashtra,Pune,Pune,Tomato,Hybrid,2024-05-31,1121,1409,1209,313.93
Maharashtra,Pune,Pune,Tomato,Hybrid,2024-06-01,1002,1327,1160,352.71
Maharashtra,Pune,Pune,Tomato,Hybrid,2024-06-02,1293,1588,1443,285.7
Maharashtra,Pune,Pune,Tomato,Hybrid,2024-06-03,979,1249,1118,362.76
Maharashtra,Pune,Pune,Tomato,Hybrid,2024-06-04,865,1145,1007,393.97
Maharashtra,Pune,Pune,Tomato,Hybrid,2024-06-05,1231,1604,1428,252.39
Maharashtra,Pune,Pune,Tomato,Hybrid,2024-06-06,1060,1312,1209,328.25
Maharashtra,Pune,Pune,Tomato,Hybrid,2024-06-07,1324,1741,1521,251.7
Maharashtra,Pune,Pune,Tomato,Hybrid,2024-06-08,1286,1616,1449,294.92
Maharashtra,Pune,Pune,Tomato,Hybrid,2024-06-09,1486,1908,1622,241.1
Maharashtra,Pune,Pune,Tomato,Hybrid,2024-06-10,1294,1525,1399,274.0
Maharashtra,Pune,Pune,Tomato,Hybrid,2024-06-11,1265,1642,1412,278.12
Maharashtra,Pune,Pune,Tomato,Hybrid,2024-06-12,1275,1602,1472,262.84
Maharashtra,Pune,Pune,Tomato,Hybrid,2024-06-13,1352,1688,1497,258.21
Maharashtra,Pune,Pune,Tomato,Hybrid,2024-06-14,1408,1853,1598,242.92
Maharashtra,Pune,Pune,Tomato,Hybrid,2024-06-15,967,1202,1090,348.18
Maharashtra,Pune,Pune,Tomato,Hybrid,2024-06-16,1412,1901,1626,268.69
Maharashtra,Pune,Pune,Tomato,Hybrid,2024-06-17,1465,1808,1588,216.2
Maharashtra,Pune,Pune,Tomato,Hybrid,2024-06-18,1067,1434,1239,336.77
Maharashtra,Pune,Pune,Tomato,Hybrid,2024-06-19,1507,1891,1635,276.26
Maharashtra,Pune,Pune,Tomato,Hybrid,2024-06-20,1267,1677,1456,259.23
Maharashtra,Pune,Pune,Tomato,Hybrid,2024-06-21,1428,1829,1568,245.39
Maharashtra,Pune,Pune,Tomato,Hybrid,2024-06-22,1511,2046,1759,217.48
Maharashtra,Pune,Pune,Tomato,Hybrid,2024-06-23,1545,1837,1691,219.5
Maharashtra,Pune,Pune,Tomato,Hybrid,2024-06-24,1537,1931,1693,220.07
Maharashtra,Pune,Pune,Tomato,Hybrid,2024-06-25,1478,1883,1699,261.23
Maharashtra,Pune,Pune,Tomato,Hybrid,2024-06-26,1173,1553,1323,321.76
Maharashtra,Pune,Pune,Tomato,Hybrid,2024-06-27,1524,1946,1711,214.56
Maharashtra,Pune,Pune,Tomato,Hybrid,2024-06-28,1539,1990,1699,243.96
Maharashtra,Pune,Pune,Tomato,Hybrid,2024-06-29,1393,1768,1555,261.73
Maharashtra,Pune,Pune,Tomato,Hybrid,2024-06-30,1991,2523,2153,176.26
Maharashtra,Pune,Pune,Tomato,Hybrid,2024-07-01,1400,1752,1507,260.89
Maharashtra,Pune,Pune,Tomato,Hybrid,2024-07-02,1583,1965,1764,240.9
Maharashtra,Pune,Pune,Tomato,Hybrid,2024-07-03,1595,1868,1745,220.53
Maharashtra,Pune,Pune,Tomato,Hybrid,2024-07-04,1438,1886,1610,221.14
Maharashtra,Pune,Pune,Tomato,Hybrid,2024-07-05,1435,1768,1579,231.37
Maharashtra,Pune,Pune,Tomato,Hybrid,2024-07-06,1537,1943,1784,199.43
Maharashtra,Pune,Pune,Tomato,Hybrid,2024-07-07,1399,1681,1515,260.57
Maharashtra,Pune,Pune,Tomato,Hybrid,2024-07-08,1832,2461,2153,200.83
Maharashtra,Pune,Pune,Tomato,Hybrid,2024-07-09,1578,2173,1842,198.39
Maharashtra,Pune,Pune,Tomato,Hybrid,2024-07-10,2031,2736,2374,167.7
Maharashtra,Pune,Pune,Tomato,Hybrid,2024-07-11,1703,2145,1966,199.26
Maharashtra,Pune,Pune,Tomato,Hybrid,2024-07-12,1741,2095,1945,195.45
Maharashtra,Pune,Pune,Tomato,Hybrid,2024-07-13,1717,2153,1925,228.27
Maharashtra,Pune,Pune,Tomato,Hybrid,2024-07-14,2040,2579,2366,136.27
Maharashtra,Pune,Pune,Tomato,Hybrid,2024-07-15,1541,1905,1709,220.05
Maharashtra,Pune,Pune,Tomato,Hybrid,2024-07-16,1876,2409,2201,198.99
Maharashtra,Pune,Pune,Tomato,Hybrid,2024-07-17,1859,2361,2183,164.47
Maharashtra,Pune,Pune,Tomato,Hybrid,2024-07-18,1786,2170,1980,207.34
Maharashtra,Pune,Pune,Tomato,Hybrid,2024-07-19,1863,2389,2052,187.36
Maharashtra,Pune,Pune,Tomato,Hybrid,2024-07-20,1853,2241,2051,210.47
Maharashtra,Pune,Pune,Tomato,Hybrid,2024-07-21,2037,2583,2393,160.84
Maharashtra,Pune,Pune,Tomato,Hybrid,2024-07-22,1914,2530,2166,164.06
Maharashtra,Pune,Pune,Tomato,Hybrid,2024-07-23,1815,2317,2084,205.75
Maharashtra,Pune,Pune,Tomato,Hybrid,2024-07-24,1727,2140,1919,215.45
Maharashtra,Pune,Pune,Tomato,Hybrid,2024-07-25,1613,2168,1846,239.96
Maharashtra,Pune,Pune,Tomato,Hybrid,2024-07-26,1970,2408,2143,190.77
Maharashtra,Pune,Pune,Tomato,Hybrid,2024-07-27,2018,2448,2283,175.71
Maharashtra,Pune,Pune,Tomato,Hybrid,2024-07-28,2242,2734,2489,133.45
Maharashtra,Pune,Pune,Tomato,Hybrid,2024-07-29,2122,2577,2285,170.54
Maharashtra,Pune,Pune,Tomato,Hybrid,2024-07-30,1898,2609,2229,165.98
Maharashtra,Pune,Pune,Tomato,Hybrid,2024-07-31,2077,2694,2382,151.57
Maharashtra,Pune,Pune,Tomato,Hybrid,2024-08-01,2212,2735,2553,162.2
Maharashtra,Pune,Pune,Tomato,Hybrid,2024-08-02,2187,2784,2435,177.37
Maharashtra,Pune,Pune,Tomato,Hybrid,2024-08-03,1853,2234,2078,171.37
Maharashtra,Pune,Pune,Tomato,Hybrid,2024-08-04,2291,3039,2674,137.21
Maharashtra,Pune,Pune,Tomato,Hybrid,2024-08-05,2000,2541,2291,151.75
Maharashtra,Pune,Pune,Tomato,Hybrid,2024-08-06,2057,2578,2297,188.2
Maharashtra,Pune,Pune,Tomato,Hybrid,2024-08-07,2346,2824,2582,156.14
Maharashtra,Pune,Pune,Tomato,Hybrid,2024-08-08,2144,2737,2410,166.15
Maharashtra,Pune,Pune,Tomato,Hybrid,2024-08-09,2353,2956,2741,133.93
Maharashtra,Pune,Pune,Tomato,Hybrid,2024-08-10,2307,2849,2549,181.92
Maharashtra,Pune,Pune,Tomato,Hybrid,2024-08-11,2608,3271,2853,130.36
Maharashtra,Pune,Pune,Tomato,Hybrid,2024-08-12,2336,2871,2658,125.43
Maharashtra,Pune,Pune,Tomato,Hybrid,2024-08-13,2251,2940,2603,161.44
Maharashtra,Pune,Pune,Tomato,Hybrid,2024-08-14,2474,3090,2705,155.55
Maharashtra,Pune,Pune,Tomato,Hybrid,2024-08-15,2442,3155,2807,147.96
Maharashtra,Pune,Pune,Tomato,Hybrid,2024-08-16,2381,3119,2754,146.91
Maharashtra,Pune,Pune,Tomato,Hybrid,2024-08-17,2312,2944,2502,174.07
Maharashtra,Pune,Pune,Tomato,Hybrid,2024-08-18,2627,3325,2859,148.73
Maharashtra,Pune,Pune,Tomato,Hybrid,2024-08-19,2435,3242,2855,130.96
Maharashtra,Pune,Pune,Tomato,Hybrid,2024-08-20,2292,3069,2677,143.29
Maharashtra,Pune,Pune,Tomato,Hybrid,2024-08-21,2567,3315,3001,118.54
Maharashtra,Pune,Pune,Tomato,Hybrid,2024-08-22,2675,3479,3055,132.57
Maharashtra,Pune,Pune,Tomato,Hybrid,2024-08-23,2485,3069,2861,151.76
Maharashtra,Pune,Pune,Tomato,Hybrid,2024-08-24,2634,3296,2847,155.08
Maharashtra,Pune,Pune,Tomato,Hybrid,2024-08-25,2583,3312,2908,157.32
Maharashtra,Pune,Pune,Tomato,Hybrid,2024-08-26,2420,3153,2739,166.38
Maharashtra,Pune,Pune,Tomato,Hybrid,2024-08-27,2470,3098,2812,136.6
Maharashtra,Pune,Pune,Tomato,Hybrid,2024-08-28,2326,2922,2726,133.75
Maharashtra,Pune,Pune,Tomato,Hybrid,2024-08-29,2570,3340,2918,139.22
Maharashtra,Pune,Pune,Tomato,Hybrid,2024-08-30,2888,3499,3120,123.71
Maharashtra,Pune,Pune,Tomato,Hybrid,2024-08-31,2563,3021,2758,149.32
Maharashtra,Pune,Pune,Tomato,Hybrid,2024-09-01,2838,3557,3158,132.78
Maharashtra,Pune,Pune,Tomato,Hybrid,2024-09-02,2455,3086,2830,131.96
Maharashtra,Pune,Pune,Tomato,Hybrid,2024-09-03,2476,3409,2897,154.53
Maharashtra,Pune,Pune,Tomato,Hybrid,2024-09-04,2975,3571,3285,111.99
Maharashtra,Pune,Pune,Tomato,Hybrid,2024-09-05,2557,3326,2946,143.91
Maharashtra,Pune,Pune,Tomato,Hybrid,2024-09-06,2864,3897,3341,145.47
Maharashtra,Pune,Pune,Tomato,Hybrid,2024-09-07,2734,3488,2968,127.61
Maharashtra,Pune,Pune,Tomato,Hybrid,2024-09-08,2974,3726,3296,125.16
Maharashtra,Pune,Pune,Tomato,Hybrid,2024-09-09,2664,3326,3028,118.8
Maharashtra,Pune,Pune,Tomato,Hybrid,2024-09-10,2672,3414,3120,153.84
Maharashtra,Pune,Pune,Tomato,Hybrid,2024-09-11,2798,3427,3048,133.28
Maharashtra,Pune,Pune,Tomato,Hybrid,2024-09-12,3308,4002,3611,101.7
Maharashtra,Pune,Pune,Tomato,Hybrid,2024-09-13,2870,3843,3294,147.92
Maharashtra,Pune,Pune,Tomato,Hybrid,2024-09-14,3022,3837,3292,136.92
Maharashtra,Pune,Pune,Tomato,Hybrid,2024-09-15,3168,4003,3497,120.85
Maharashtra,Pune,Pune,Tomato,Hybrid,2024-09-16,2943,3981,3412,125.79
Maharashtra,Pune,Pune,Tomato,Hybrid,2024-09-17,2803,3682,3197,126.07
Maharashtra,Pune,Pune,Tomato,Hybrid,2024-09-18,3031,3723,3307,113.85
Maharashtra,Pune,Pune,Tomato,Hybrid,2024-09-19,2961,3612,3288,121.13
Maharashtra,Pune,Pune,Tomato,Hybrid,2024-09-20,3087,3660,3383,149.5
Maharashtra,Pune,Pune,Tomato,Hybrid,2024-09-21,3081,3682,3324,142.8
Maharashtra,Pune,Pune,Tomato,Hybrid,2024-09-22,3047,4166,3551,114.32
Maharashtra,Pune,Pune,Tomato,Hybrid,2024-09-23,2773,3642,3173,127.71
Maharashtra,Pune,Pune,Tomato,Hybrid,2024-09-24,2931,3801,3339,108.1
Maharashtra,Pune,Pune,Tomato,Hybrid,2024-09-25,2938,3461,3226,128.41
Maharashtra,Pune,Pune,Tomato,Hybrid,2024-09-26,3275,4051,3620,108.41
Maharashtra,Pune,Pune,Tomato,Hybrid,2024-09-27,2665,3574,3088,95.26
Maharashtra,Pune,Pune,Tomato,Hybrid,2024-09-28,2721,3636,3176,135.31
Maharashtra,Pune,Pune,Tomato,Hybrid,2024-09-29,3046,3574,3289,133.49
Maharashtra,Pune,Pune,Tomato,Hybrid,2024-09-30,3046,3930,3447,113.39
Maharashtra,Pune,Pune,Tomato,Hybrid,2024-10-01,2893,3473,3115,116.75
Maharashtra,Pune,Pune,Tomato,Hybrid,2024-10-02,2909,3601,3355,123.31
Maharashtra,Pune,Pune,Tomato,Hybrid,2024-10-03,2925,3570,3182,146.11
Maharashtra,Pune,Pune,Tomato,Hybrid,2024-10-04,3171,4045,3478,120.71
Maharashtra,Pune,Pune,Tomato,Hybrid,2024-10-05,3046,3800,3540,131.8
Maharashtra,Pune,Pune,Tomato,Hybrid,2024-10-06,3306,4063,3618,120.09
Maharashtra,Pune,Pune,Tomato,Hybrid,2024-10-07,2830,3673,3268,148.19
Maharashtra,Pune,Pune,Tomato,Hybrid,2024-10-08,3024,4017,3470,103.91
Maharashtra,Pune,Pune,Tomato,Hybrid,2024-10-09,2871,3637,3374,89.02
Maharashtra,Pune,Pune,Tomato,Hybrid,2024-10-10,3034,3724,3379,80.84
Maharashtra,Pune,Pune,Tomato,Hybrid,2024-10-11,3292,3876,3608,116.14
Maharashtra,Pune,Pune,Tomato,Hybrid,2024-10-12,2868,3888,3299,119.32
Maharashtra,Pune,Pune,Tomato,Hybrid,2024-10-13,3263,4162,3628,91.78
Maharashtra,Pune,Pune,Tomato,Hybrid,2024-10-14,2974,3825,3394,117.08
Maharashtra,Pune,Pune,Tomato,Hybrid,2024-10-15,2937,3715,3444,104.75
Maharashtra,Pune,Pune,Tomato,Hybrid,2024-10-16,2966,3796,3313,115.31
Maharashtra,Pune,Pune,Tomato,Hybrid,2024-10-17,2931,3672,3395,125.23
Maharashtra,Pune,Pune,Tomato,Hybrid,2024-10-18,3200,4402,3753,119.39
Maharashtra,Pune,Pune,Tomato,Hybrid,2024-10-19,3187,4098,3515,102.96
Maharashtra,Pune,Pune,Tomato,Hybrid,2024-10-20,3350,4429,3819,113.22
Maharashtra,Pune,Pune,Tomato,Hybrid,2024-10-21,3277,4219,3698,110.05
Maharashtra,Pune,Pune,Tomato,Hybrid,2024-10-22,3277,4119,3826,106.47
Maharashtra,Pune,Pune,Tomato,Hybrid,2024-10-23,3125,3718,3398,109.28
Maharashtra,Pune,Pune,Tomato,Hybrid,2024-10-24,3260,4062,3611,101.06
Maharashtra,Pune,Pune,Tomato,Hybrid,2024-10-25,3325,4517,3829,109.97
Maharashtra,Pune,Pune,Tomato,Hybrid,2024-10-26,3053,4037,3526,114.11
Maharashtra,Pune,Pune,Tomato,Hybrid,2024-10-27,3332,4168,3624,84.24
Maharashtra,Pune,Pune,Tomato,Hybrid,2024-10-28,2969,3758,3383,140.67
Maharashtra,Pune,Pune,Tomato,Hybrid,2024-10-29,3152,4094,3561,126.91
Maharashtra,Pune,Pune,Tomato,Hybrid,2024-10-30,3425,4146,3714,106.05
Maharashtra,Pune,Pune,Tomato,Hybrid,2024-10-31,3357,3976,3637,85.24
Maharashtra,Pune,Pune,Tomato,Hybrid,2024-11-01,3438,4104,3784,125.35
Maharashtra,Pune,Pune,Tomato,Hybrid,2024-11-02,3116,3952,3605,113.76
Maharashtra,Pune,Pune,Tomato,Hybrid,2024-11-03,3183,4267,3660,125.79
Maharashtra,Pune,Pune,Tomato,Hybrid,2024-11-04,3164,4088,3601,67.24
Maharashtra,Pune,Pune,Tomato,Hybrid,2024-11-05,3195,3784,3445,98.15
Maharashtra,Pune,Pune,Tomato,Hybrid,2024-11-06,2985,3550,3274,138.37
Maharashtra,Pune,Pune,Tomato,Hybrid,2024-11-07,3037,3768,3495,120.46
Maharashtra,Pune,Pune,Tomato,Hybrid,2024-11-08,3082,4080,3514,93.45
Maharashtra,Pune,Pune,Tomato,Hybrid,2024-11-09,2892,3691,3216,116.71
Maharashtra,Pune,Pune,Tomato,Hybrid,2024-11-10,3053,4119,3579,105.41
Maharashtra,Pune,Pune,Tomato,Hybrid,2024-11-11,3101,3916,3380,148.31
Maharashtra,Pune,Pune,Tomato,Hybrid,2024-11-12,3178,3970,3668,111.54
Maharashtra,Pune,Pune,Tomato,Hybrid,2024-11-13,3092,4063,3464,113.76
Maharashtra,Pune,Pune,Tomato,Hybrid,2024-11-14,3154,4056,3603,108.7
Maharashtra,Pune,Pune,Tomato,Hybrid,2024-11-15,3218,4091,3631,114.26
Maharashtra,Pune,Pune,Tomato,Hybrid,2024-11-16,3303,4116,3835,101.17
Maharashtra,Pune,Pune,Tomato,Hybrid,2024-11-17,3293,4350,3802,88.56
Maharashtra,Pune,Pune,Tomato,Hybrid,2024-11-18,3019,3577,3283,149.33
Maharashtra,Pune,Pune,Tomato,Hybrid,2024-11-19,3327,4117,3595,117.59
Maharashtra,Pune,Pune,Tomato,Hybrid,2024-11-20,3552,4376,3863,101.65
Maharashtra,Pune,Pune,Tomato,Hybrid,2024-11-21,3141,4138,3622,127.14
Maharashtra,Pune,Pune,Tomato,Hybrid,2024-11-22,3183,4236,3708,89.6
Maharashtra,Pune,Pune,Tomato,Hybrid,2024-11-23,3121,3924,3394,121.61
Maharashtra,Pune,Pune,Tomato,Hybrid,2024-11-24,3531,4276,3837,110.01
Maharashtra,Pune,Pune,Tomato,Hybrid,2024-11-25,3249,4098,3552,93.07
Maharashtra,Pune,Pune,Tomato,Hybrid,2024-11-26,3043,3601,3324,139.77
Maharashtra,Pune,Pune,Tomato,Hybrid,2024-11-27,2923,3705,3337,118.9
Maharashtra,Pune,Pune,Tomato,Hybrid,2024-11-28,3212,4080,3645,95.94
Maharashtra,Pune,Pune,Tomato,Hybrid,2024-11-29,2806,3484,3232,102.68
Maharashtra,Pune,Pune,Tomato,Hybrid,2024-11-30,3267,4071,3632,124.18
Maharashtra,Pune,Pune,Tomato,Hybrid,2024-12-01,3256,4100,3652,103.56
Maharashtra,Pune,Pune,Tomato,Hybrid,2024-12-02,2702,3402,3014,106.71
Maharashtra,Pune,Pune,Tomato,Hybrid,2024-12-03,3250,4081,3552,119.95
Maharashtra,Pune,Pune,Tomato,Hybrid,2024-12-04,2980,4016,3427,119.77
Maharashtra,Pune,Pune,Tomato,Hybrid,2024-12-05,2794,3452,3143,121.78
Maharashtra,Pune,Pune,Tomato,Hybrid,2024-12-06,2823,3487,3088,111.68
Maharashtra,Pune,Pune,Tomato,Hybrid,2024-12-07,3101,3760,3418,92.3
Maharashtra,Pune,Pune,Tomato,Hybrid,2024-12-08,2778,3679,3213,119.88
Maharashtra,Pune,Pune,Tomato,Hybrid,2024-12-09,2898,3457,3196,103.89
Maharashtra,Pune,Pune,Tomato,Hybrid,2024-12-10,2713,3286,2926,141.95
Maharashtra,Pune,Pune,Tomato,Hybrid,2024-12-11,2765,3692,3240,142.68
Maharashtra,Pune,Pune,Tomato,Hybrid,2024-12-12,2936,3743,3207,131.63
Maharashtra,Pune,Pune,Tomato,Hybrid,2024-12-13,2736,3395,3044,120.15
Maharashtra,Pune,Pune,Tomato,Hybrid,2024-12-14,2675,3226,2932,124.67
Maharashtra,Pune,Pune,Tomato,Hybrid,2024-12-15,2925,3499,3238,141.01
Maharashtra,Pune,Pune,Tomato,Hybrid,2024-12-16,2624,3185,2926,167.52
Maharashtra,Pune,Pune,Tomato,Hybrid,2024-12-17,2797,3485,3225,129.0
Maharashtra,Pune,Pune,Tomato,Hybrid,2024-12-18,2788,3507,3103,125.41
Maharashtra,Pune,Pune,Tomato,Hybrid,2024-12-19,2674,3350,2979,112.38
Maharashtra,Pune,Pune,Tomato,Hybrid,2024-12-20,2581,3354,2919,160.25
Maharashtra,Pune,Pune,Tomato,Hybrid,2024-12-21,2747,3398,3150,150.14
Maharashtra,Pune,Pune,Tomato,Hybrid,2024-12-22,2670,3411,3076,113.52
Maharashtra,Pune,Pune,Tomato,Hybrid,2024-12-23,2541,3439,2970,121.78
Maharashtra,Pune,Pune,Tomato,Hybrid,2024-12-24,2798,3470,3040,106.92
Maharashtra,Pune,Pune,Tomato,Hybrid,2024-12-25,2299,2999,2622,156.64
Maharashtra,Pune,Pune,Tomato,Hybrid,2024-12-26,2896,3514,3264,127.61
Maharashtra,Pune,Pune,Tomato,Hybrid,2024-12-27,2632,3490,3046,131.15
Maharashtra,Pune,Pune,Tomato,Hybrid,2024-12-28,2538,3313,2959,112.62
Maharashtra,Pune,Pune,Tomato,Hybrid,2024-12-29,2645,3389,2928,153.79
Maharashtra,Pune,Pune,Tomato,Hybrid,2024-12-30,2459,3101,2646,144.91
Maharashtra,Pune,Pune,Tomato,Hybrid,2024-12-31,2758,3522,3093,130.16
Maharashtra,Pune,Pune,Tomato,Hybrid,2025-01-01,2503,3378,2910,131.45
Maharashtra,Pune,Pune,Tomato,Hybrid,2025-01-02,2545,3292,2984,147.06
Maharashtra,Pune,Pune,Tomato,Hybrid,2025-01-03,2311,3164,2697,126.86
Maharashtra,Pune,Pune,Tomato,Hybrid,2025-01-04,2195,2786,2489,166.72
Maharashtra,Pune,Pune,Tomato,Hybrid,2025-01-05,2790,3398,3021,168.48
Maharashtra,Pune,Pune,Tomato,Hybrid,2025-01-06,2419,3205,2747,142.67
Maharashtra,Pune,Pune,Tomato,Hybrid,2025-01-07,2568,3103,2812,145.65
Maharashtra,Pune,Pune,Tomato,Hybrid,2025-01-08,2344,3110,2713,134.63
Maharashtra,Pune,Pune,Tomato,Hybrid,2025-01-09,2460,3168,2730,144.92
Maharashtra,Pune,Pune,Tomato,Hybrid,2025-01-10,2428,3118,2702,158.82
Maharashtra,Pune,Pune,Tomato,Hybrid,2025-01-11,2371,2921,2689,127.59
Maharashtra,Pune,Pune,Tomato,Hybrid,2025-01-12,2307,2937,2707,143.48
Maharashtra,Pune,Pune,Tomato,Hybrid,2025-01-13,2418,2915,2608,159.79
Maharashtra,Pune,Pune,Tomato,Hybrid,2025-01-14,2337,2855,2640,120.37
Maharashtra,Pune,Pune,Tomato,Hybrid,2025-01-15,2150,2728,2390,174.69
Maharashtra,Pune,Pune,Tomato,Hybrid,2025-01-16,2179,3008,2550,177.66
Maharashtra,Pune,Pune,Tomato,Hybrid,2025-01-17,2410,2845,2595,147.54
Maharashtra,Pune,Pune,Tomato,Hybrid,2025-01-18,2207,2625,2438,157.89
Maharashtra,Pune,Pune,Tomato,Hybrid,2025-01-19,2477,3080,2707,146.33
Maharashtra,Pune,Pune,Tomato,Hybrid,2025-01-20,2345,2936,2629,128.35
Maharashtra,Pune,Pune,Tomato,Hybrid,2025-01-21,1972,2501,2242,173.26
Maharashtra,Pune,Pune,Tomato,Hybrid,2025-01-22,2339,2749,2566,165.71
Maharashtra,Pune,Pune,Tomato,Hybrid,2025-01-23,1996,2575,2344,130.08
Maharashtra,Pune,Pune,Tomato,Hybrid,2025-01-24,2080,2548,2330,175.83
Maharashtra,Pune,Pune,Tomato,Hybrid,2025-01-25,2065,2718,2405,173.35
Maharashtra,Pune,Pune,Tomato,Hybrid,2025-01-26,2362,3094,2753,141.47
Maharashtra,Pune,Pune,Tomato,Hybrid,2025-01-27,2033,2511,2237,163.75
Maharashtra,Pune,Pune,Tomato,Hybrid,2025-01-28,1862,2428,2100,164.37
Maharashtra,Pune,Pune,Tomato,Hybrid,2025-01-29,1997,2467,2206,195.11
Maharashtra,Pune,Pune,Tomato,Hybrid,2025-01-30,2071,2839,2428,155.78
Maharashtra,Pune,Pune,Tomato,Hybrid,2025-01-31,2414,3124,2674,139.01
Maharashtra,Pune,Pune,Tomato,Hybrid,2025-02-01,2138,2818,2500,181.82
Maharashtra,Pune,Pune,Tomato,Hybrid,2025-02-02,2209,2838,2479,149.58
Maharashtra,Pune,Pune,Tomato,Hybrid,2025-02-03,1806,2261,2110,190.45
Maharashtra,Pune,Pune,Tomato,Hybrid,2025-02-04,1723,2268,1963,187.16
Maharashtra,Pune,Pune,Tomato,Hybrid,2025-02-05,1725,2158,1997,206.35
Maharashtra,Pune,Pune,Tomato,Hybrid,2025-02-06,2073,2551,2379,177.24
Maharashtra,Pune,Pune,Tomato,Hybrid,2025-02-07,2092,2585,2325,158.97
Maharashtra,Pune,Pune,Tomato,Hybrid,2025-02-08,1860,2389,2068,187.73
Maharashtra,Pune,Pune,Tomato,Hybrid,2025-02-09,1995,2751,2338,201.85
Maharashtra,Pune,Pune,Tomato,Hybrid,2025-02-10,1783,2182,1920,220.17
Maharashtra,Pune,Pune,Tomato,Hybrid,2025-02-11,2142,2674,2341,176.78
Maharashtra,Pune,Pune,Tomato,Hybrid,2025-02-12,1831,2169,1981,187.31
Maharashtra,Pune,Pune,Tomato,Hybrid,2025-02-13,1628,2092,1839,185.84
Maharashtra,Pune,Pune,Tomato,Hybrid,2025-02-14,1812,2246,1968,197.07
Maharashtra,Pune,Pune,Tomato,Hybrid,2025-02-15,1970,2494,2144,175.96
Maharashtra,Pune,Pune,Tomato,Hybrid,2025-02-16,1902,2341,2089,193.8
Maharashtra,Pune,Pune,Tomato,Hybrid,2025-02-17,1814,2272,1989,210.12
Maharashtra,Pune,Pune,Tomato,Hybrid,2025-02-18,1824,2304,1964,182.18
Maharashtra,Pune,Pune,Tomato,Hybrid,2025-02-19,1817,2171,1985,189.73
Maharashtra,Pune,Pune,Tomato,Hybrid,2025-02-20,1924,2391,2117,187.38
Maharashtra,Pune,Pune,Tomato,Hybrid,2025-02-21,1677,2173,1919,245.38
Maharashtra,Pune,Pune,Tomato,Hybrid,2025-02-22,1796,2299,1993,204.41
Maharashtra,Pune,Pune,Tomato,Hybrid,2025-02-23,1671,2155,1964,183.26
Maharashtra,Pune,Pune,Tomato,Hybrid,2025-02-24,1584,1893,1733,215.75
Maharashtra,Pune,Pune,Tomato,Hybrid,2025-02-25,1892,2295,2104,194.13
Maharashtra,Pune,Pune,Tomato,Hybrid,2025-02-26,1790,2142,2001,188.75
Maharashtra,Pune,Pune,Tomato,Hybrid,2025-02-27,1507,1806,1626,253.27
Maharashtra,Pune,Pune,Tomato,Hybrid,2025-02-28,1391,1856,1591,242.34
Maharashtra,Pune,Pune,Tomato,Hybrid,2025-03-01,1882,2320,2044,187.74
Maharashtra,Pune,Pune,Tomato,Hybrid,2025-03-02,1459,1724,1611,219.4
Maharashtra,Pune,Pune,Tomato,Hybrid,2025-03-03,1256,1485,1375,306.94
Maharashtra,Pune,Pune,Tomato,Hybrid,2025-03-04,1427,1705,1583,288.53
Maharashtra,Pune,Pune,Tomato,Hybrid,2025-03-05,1740,2209,1944,233.8
Maharashtra,Pune,Pune,Tomato,Hybrid,2025-03-06,1598,2129,1834,224.81
Maharashtra,Pune,Pune,Tomato,Hybrid,2025-03-07,1271,1646,1487,266.26
Maharashtra,Pune,Pune,Tomato,Hybrid,2025-03-08,1592,1965,1744,241.39
Maharashtra,Pune,Pune,Tomato,Hybrid,2025-03-09,1356,1729,1547,253.07
Maharashtra,Pune,Pune,Tomato,Hybrid,2025-03-10,1367,1753,1523,258.19
Maharashtra,Pune,Pune,Tomato,Hybrid,2025-03-11,1250,1605,1388,313.11
Maharashtra,Pune,Pune,Tomato,Hybrid,2025-03-12,1391,1687,1517,246.65
Maharashtra,Pune,Pune,Tomato,Hybrid,2025-03-13,1627,2089,1882,233.56
Maharashtra,Pune,Pune,Tomato,Hybrid,2025-03-14,1358,1824,1554,228.3
Maharashtra,Pune,Pune,Tomato,Hybrid,2025-03-15,1316,1664,1431,252.81
Maharashtra,Pune,Pune,Tomato,Hybrid,2025-03-16,1545,1958,1743,219.2
Maharashtra,Pune,Pune,Tomato,Hybrid,2025-03-17,1267,1647,1432,303.12
Maharashtra,Pune,Pune,Tomato,Hybrid,2025-03-18,1227,1481,1365,297.14
Maharashtra,Pune,Pune,Tomato,Hybrid,2025-03-19,1481,1722,1598,266.21
Maharashtra,Pune,Pune,Tomato,Hybrid,2025-03-20,1245,1569,1430,273.87
Maharashtra,Pune,Pune,Tomato,Hybrid,2025-03-21,1215,1608,1394,289.59
Maharashtra,Pune,Pune,Tomato,Hybrid,2025-03-22,1447,1901,1692,229.98
Maharashtra,Pune,Pune,Tomato,Hybrid,2025-03-23,988,1315,1125,365.26
Maharashtra,Pune,Pune,Tomato,Hybrid,2025-03-24,1259,1464,1361,298.7
Maharashtra,Pune,Pune,Tomato,Hybrid,2025-03-25,1006,1304,1107,349.79
Maharashtra,Pune,Pune,Tomato,Hybrid,2025-03-26,1316,1721,1520,241.71
Maharashtra,Pune,Pune,Tomato,Hybrid,2025-03-27,1303,1607,1450,272.57
Maharashtra,Pune,Pune,Tomato,Hybrid,2025-03-28,1123,1384,1223,311.64
Maharashtra,Pune,Pune,Tomato,Hybrid,2025-03-29,1069,1337,1163,341.42
Maharashtra,Pune,Pune,Tomato,Hybrid,2025-03-30,1355,1637,1517,255.54
Maharashtra,Pune,Pune,Tomato,Hybrid,2025-03-31,935,1271,1083,321.83
Maharashtra,Pune,Pune,Tomato,Hybrid,2025-04-01,1237,1556,1395,297.43
Maharashtra,Pune,Pune,Tomato,Hybrid,2025-04-02,1213,1598,1419,309.93
Maharashtra,Pune,Pune,Tomato,Hybrid,2025-04-03,1081,1464,1266,333.42
Maharashtra,Pune,Pune,Tomato,Hybrid,2025-04-04,1014,1300,1175,325.03
Maharashtra,Pune,Pune,Tomato,Hybrid,2025-04-05,1131,1522,1305,327.82
Maharashtra,Pune,Pune,Tomato,Hybrid,2025-04-06,1275,1586,1373,264.97
Maharashtra,Pune,Pune,Tomato,Hybrid,2025-04-07,1230,1549,1377,286.41
Maharashtra,Pune,Pune,Tomato,Hybrid,2025-04-08,1204,1462,1315,289.86
Maharashtra,Pune,Pune,Tomato,Hybrid,2025-04-09,1113,1475,1275,289.01
Maharashtra,Pune,Pune,Tomato,Hybrid,2025-04-10,1448,1765,1585,266.04
Maharashtra,Pune,Pune,Tomato,Hybrid,2025-04-11,1082,1438,1254,328.58
Maharashtra,Pune,Pune,Tomato,Hybrid,2025-04-12,1029,1310,1120,369.02
Maharashtra,Pune,Pune,Tomato,Hybrid,2025-04-13,1142,1543,1321,293.72
Maharashtra,Pune,Pune,Tomato,Hybrid,2025-04-14,889,1142,1004,400.78
Maharashtra,Pune,Pune,Tomato,Hybrid,2025-04-15,1137,1368,1226,344.18
Maharashtra,Pune,Pune,Tomato,Hybrid,2025-04-16,944,1146,1026,392.39
Maharashtra,Pune,Pune,Tomato,Hybrid,2025-04-17,1295,1667,1427,316.35
Maharashtra,Pune,Pune,Tomato,Hybrid,2025-04-18,1077,1450,1245,312.77
Maharashtra,Pune,Pune,Tomato,Hybrid,2025-04-19,1122,1366,1237,339.89
Maharashtra,Pune,Pune,Tomato,Hybrid,2025-04-20,1411,1765,1591,247.13
Maharashtra,Pune,Pune,Tomato,Hybrid,2025-04-21,1214,1508,1385,285.58
Maharashtra,Pune,Pune,Tomato,Hybrid,2025-04-22,1158,1480,1350,301.53
Maharashtra,Pune,Pune,Tomato,Hybrid,2025-04-23,999,1299,1127,337.54
Maharashtra,Pune,Pune,Tomato,Hybrid,2025-04-24,1243,1645,1415,302.68
Maharashtra,Pune,Pune,Tomato,Hybrid,2025-04-25,1141,1373,1267,312.19
Maharashtra,Pune,Pune,Tomato,Hybrid,2025-04-26,889,1058,982,421.07
Maharashtra,Pune,Pune,Tomato,Hybrid,2025-04-27,1210,1620,1394,280.19
Maharashtra,Pune,Pune,Tomato,Hybrid,2025-04-28,1177,1464,1300,284.43
Maharashtra,Pune,Pune,Tomato,Hybrid,2025-04-29,865,1119,1014,380.37
Maharashtra,Pune,Pune,Tomato,Hybrid,2025-04-30,1184,1486,1287,310.39
Maharashtra,Pune,Pune,Tomato,Hybrid,2025-05-01,1141,1532,1310,318.94
Maharashtra,Pune,Pune,Tomato,Hybrid,2025-05-02,1132,1475,1318,328.95
Maharashtra,Pune,Pune,Tomato,Hybrid,2025-05-03,1249,1554,1398,281.46
Maharashtra,Pune,Pune,Tomato,Hybrid,2025-05-04,1140,1468,1254,314.43
Maharashtra,Pune,Pune,Tomato,Hybrid,2025-05-05,1119,1499,1281,302.6
Maharashtra,Pune,Pune,Tomato,Hybrid,2025-05-06,1140,1575,1339,304.97
Maharashtra,Pune,Pune,Tomato,Hybrid,2025-05-07,954,1146,1041,396.69
Maharashtra,Pune,Pune,Tomato,Hybrid,2025-05-08,1096,1401,1278,337.43
Maharashtra,Pune,Pune,Tomato,Hybrid,2025-05-09,1060,1378,1213,321.92
Maharashtra,Pune,Pune,Tomato,Hybrid,2025-05-10,938,1109,1031,368.08
Maharashtra,Pune,Pune,Tomato,Hybrid,2025-05-11,1424,1686,1546,281.8
Maharashtra,Pune,Pune,Tomato,Hybrid,2025-05-12,1061,1247,1161,338.55
Maharashtra,Pune,Pune,Tomato,Hybrid,2025-05-13,1067,1449,1248,334.74
Maharashtra,Pune,Pune,Tomato,Hybrid,2025-05-14,921,1257,1074,372.29
Maharashtra,Pune,Pune,Tomato,Hybrid,2025-05-15,1309,1611,1422,286.0
Maharashtra,Pune,Pune,Tomato,Hybrid,2025-05-16,671,856,766,527.14
Maharashtra,Pune,Pune,Tomato,Hybrid,2025-05-17,1246,1513,1352,313.5
Maharashtra,Pune,Pune,Tomato,Hybrid,2025-05-18,1532,1958,1707,251.71
Maharashtra,Pune,Pune,Tomato,Hybrid,2025-05-19,1062,1376,1237,296.1
Maharashtra,Pune,Pune,Tomato,Hybrid,2025-05-20,1548,1900,1672,234.2
Maharashtra,Pune,Pune,Tomato,Hybrid,2025-05-21,1168,1398,1297,330.75
Maharashtra,Pune,Pune,Tomato,Hybrid,2025-05-22,1033,1251,1164,320.41
Maharashtra,Pune,Pune,Tomato,Hybrid,2025-05-23,1140,1360,1229,311.83
Maharashtra,Pune,Pune,Tomato,Hybrid,2025-05-24,955,1169,1062,371.63
Maharashtra,Pune,Pune,Tomato,Hybrid,2025-05-25,1266,1594,1489,244.09
Maharashtra,Pune,Pune,Tomato,Hybrid,2025-05-26,1123,1391,1228,311.19
Maharashtra,Pune,Pune,Tomato,Hybrid,2025-05-27,930,1120,1006,395.36
Maharashtra,Pune,Pune,Tomato,Hybrid,2025-05-28,1197,1543,1393,273.0
Maharashtra,Pune,Pune,Tomato,Hybrid,2025-05-29,1386,1787,1558,254.49
Maharashtra,Pune,Pune,Tomato,Hybrid,2025-05-30,1103,1392,1248,294.6
Maharashtra,Pune,Pune,Tomato,Hybrid,2025-05-31,1290,1584,1435,283.59
Maharashtra,Pune,Pune,Tomato,Hybrid,2025-06-01,1272,1573,1461,273.25
Maharashtra,Pune,Pune,Tomato,Hybrid,2025-06-02,1418,1835,1650,253.45
Maharashtra,Pune,Pune,Tomato,Hybrid,2025-06-03,890,1155,1035,371.82
Maharashtra,Pune,Pune,Tomato,Hybrid,2025-06-04,1208,1565,1411,281.8
Maharashtra,Pune,Pune,Tomato,Hybrid,2025-06-05,1336,1639,1477,274.74
Maharashtra,Pune,Pune,Tomato,Hybrid,2025-06-06,1299,1688,1442,274.9
Maharashtra,Pune,Pune,Tomato,Hybrid,2025-06-07,1493,1781,1644,245.18
Maharashtra,Pune,Pune,Tomato,Hybrid,2025-06-08,1217,1596,1430,278.55
Maharashtra,Pune,Pune,Tomato,Hybrid,2025-06-09,1279,1534,1427,249.28
Maharashtra,Pune,Pune,Tomato,Hybrid,2025-06-10,1354,1775,1543,241.23
Maharashtra,Pune,Pune,Tomato,Hybrid,2025-06-11,1542,1903,1703,238.94
Maharashtra,Pune,Pune,Tomato,Hybrid,2025-06-12,1161,1536,1328,311.98
Maharashtra,Pune,Pune,Tomato,Hybrid,2025-06-13,1656,2105,1808,215.28
Maharashtra,Pune,Pune,Tomato,Hybrid,2025-06-14,1355,1755,1548,267.98
Maharashtra,Pune,Pune,Tomato,Hybrid,2025-06-15,1788,2261,1973,175.77
Maharashtra,Pune,Pune,Tomato,Hybrid,2025-06-16,1200,1473,1357,285.66
Maharashtra,Pune,Pune,Tomato,Hybrid,2025-06-17,1349,1678,1564,264.89
Maharashtra,Pune,Pune,Tomato,Hybrid,2025-06-18,1641,2017,1871,232.59
Maharashtra,Pune,Pune,Tomato,Hybrid,2025-06-19,1219,1532,1348,281.68
Maharashtra,Pune,Pune,Tomato,Hybrid,2025-06-20,1343,1619,1446,264.97
Maharashtra,Pune,Pune,Tomato,Hybrid,2025-06-21,1368,1651,1539,263.67
Maharashtra,Pune,Pune,Tomato,Hybrid,2025-06-22,1717,2095,1950,203.17
Maharashtra,Pune,Pune,Tomato,Hybrid,2025-06-23,1426,1773,1653,234.01
Maharashtra,Pune,Pune,Tomato,Hybrid,2025-06-24,1475,1974,1689,258.44
Maharashtra,Pune,Pune,Tomato,Hybrid,2025-06-25,1688,2181,1879,205.74
Maharashtra,Pune,Pune,Tomato,Hybrid,2025-06-26,1543,1940,1752,232.74
Maharashtra,Pune,Pune,Tomato,Hybrid,2025-06-27,1408,1778,1574,253.73
Maharashtra,Pune,Pune,Tomato,Hybrid,2025-06-28,1701,2120,1922,213.55
Maharashtra,Pune,Pune,Tomato,Hybrid,2025-06-29,1567,2031,1834,206.61
Maharashtra,Pune,Pune,Tomato,Hybrid,2025-06-30,1289,1561,1438,286.6
Maharashtra,Pune,Pune,Tomato,Hybrid,2025-07-01,1988,2491,2236,163.31
Maharashtra,Pune,Pune,Tomato,Hybrid,2025-07-02,1870,2271,2079,219.85
Maharashtra,Pune,Pune,Tomato,Hybrid,2025-07-03,1614,2053,1817,216.35
Maharashtra,Pune,Pune,Tomato,Hybrid,2025-07-04,1754,2291,1965,208.54
Maharashtra,Pune,Pune,Tomato,Hybrid,2025-07-05,1715,2308,1994,192.72
Maharashtra,Pune,Pune,Tomato,Hybrid,2025-07-06,2055,2412,2220,172.83
Maharashtra,Pune,Pune,Tomato,Hybrid,2025-07-07,1773,2324,1995,198.06
Maharashtra,Pune,Pune,Tomato,Hybrid,2025-07-08,1465,1833,1678,254.92
Maharashtra,Pune,Pune,Tomato,Hybrid,2025-07-09,1702,2147,1910,227.95
Maharashtra,Pune,Pune,Tomato,Hybrid,2025-07-10,2068,2483,2227,181.17
Maharashtra,Pune,Pune,Tomato,Hybrid,2025-07-11,1927,2528,2151,193.78
Maharashtra,Pune,Pune,Tomato,Hybrid,2025-07-12,1875,2284,2042,191.66
Maharashtra,Pune,Pune,Tomato,Hybrid,2025-07-13,2119,2759,2354,124.12
Maharashtra,Pune,Pune,Tomato,Hybrid,2025-07-14,1868,2373,2064,186.03
Maharashtra,Pune,Pune,Tomato,Hybrid,2025-07-15,1747,2218,1999,204.2
Maharashtra,Pune,Pune,Tomato,Hybrid,2025-07-16,1774,2405,2046,206.48
Maharashtra,Pune,Pune,Tomato,Hybrid,2025-07-17,2054,2519,2351,176.14
Maharashtra,Pune,Pune,Tomato,Hybrid,2025-07-18,2119,2530,2330,177.7
Maharashtra,Pune,Pune,Tomato,Hybrid,2025-07-19,2135,2730,2365,178.76
Maharashtra,Pune,Pune,Tomato,Hybrid,2025-07-20,2103,2757,2454,177.42
Maharashtra,Pune,Pune,Tomato,Hybrid,2025-07-21,1927,2352,2183,170.23
Maharashtra,Pune,Pune,Tomato,Hybrid,2025-07-22,1957,2513,2140,180.43
Maharashtra,Pune,Pune,Tomato,Hybrid,2025-07-23,1681,2209,1963,204.93
Maharashtra,Pune,Pune,Tomato,Hybrid,2025-07-24,2087,2635,2444,176.09
Maharashtra,Pune,Pune,Tomato,Hybrid,2025-07-25,1786,2263,2056,181.17
Maharashtra,Pune,Pune,Tomato,Hybrid,2025-07-26,2203,2824,2516,154.49
Maharashtra,Pune,Pune,Tomato,Hybrid,2025-07-27,2462,3014,2652,130.73
Maharashtra,Pune,Pune,Tomato,Hybrid,2025-07-28,2239,3041,2604,132.44
Maharashtra,Pune,Pune,Tomato,Hybrid,2025-07-29,1691,2148,1886,212.73
Maharashtra,Pune,Pune,Tomato,Hybrid,2025-07-30,2164,2859,2489,151.73
Maharashtra,Pune,Pune,Tomato,Hybrid,2025-07-31,2287,2883,2558,162.39
Maharashtra,Pune,Pune,Tomato,Hybrid,2025-08-01,2235,2884,2564,146.81
Maharashtra,Pune,Pune,Tomato,Hybrid,2025-08-02,2151,2571,2389,159.62
Maharashtra,Pune,Pune,Tomato,Hybrid,2025-08-03,2156,2857,2537,172.91
Maharashtra,Pune,Pune,Tomato,Hybrid,2025-08-04,2244,2619,2447,164.16
Maharashtra,Pune,Pune,Tomato,Hybrid,2025-08-05,2386,2947,2726,132.26
Maharashtra,Pune,Pune,Tomato,Hybrid,2025-08-06,2161,2602,2356,155.79
Maharashtra,Pune,Pune,Tomato,Hybrid,2025-08-07,2359,3119,2666,151.44
Maharashtra,Pune,Pune,Tomato,Hybrid,2025-08-08,2323,3105,2710,144.58
Maharashtra,Pune,Pune,Tomato,Hybrid,2025-08-09,2000,2548,2221,176.28
Maharashtra,Pune,Pune,Tomato,Hybrid,2025-08-10,2786,3467,3005,150.32
Maharashtra,Pune,Pune,Tomato,Hybrid,2025-08-11,2331,2885,2667,151.44
Maharashtra,Pune,Pune,Tomato,Hybrid,2025-08-12,2419,3144,2833,157.84
Maharashtra,Pune,Pune,Tomato,Hybrid,2025-08-13,2427,3073,2743,153.39
Maharashtra,Pune,Pune,Tomato,Hybrid,2025-08-14,2343,2866,2664,130.34
Maharashtra,Pune,Pune,Tomato,Hybrid,2025-08-15,2474,3143,2701,168.4
Maharashtra,Pune,Pune,Tomato,Hybrid,2025-08-16,2588,3401,2915,118.77
Maharashtra,Pune,Pune,Tomato,Hybrid,2025-08-17,2780,3411,3094,111.91
Maharashtra,Pune,Pune,Tomato,Hybrid,2025-08-18,2601,3161,2861,124.88
Maharashtra,Pune,Pune,Tomato,Hybrid,2025-08-19,2403,2892,2649,174.13
Maharashtra,Pune,Pune,Tomato,Hybrid,2025-08-20,2483,3039,2823,149.32
Maharashtra,Pune,Pune,Tomato,Hybrid,2025-08-21,2535,3380,2909,121.1
Maharashtra,Pune,Pune,Tomato,Hybrid,2025-08-22,2562,3210,2880,122.58
Maharashtra,Pune,Pune,Tomato,Hybrid,2025-08-23,2871,3784,3375,129.1
Maharashtra,Pune,Pune,Tomato,Hybrid,2025-08-24,2816,3439,3114,135.37
Maharashtra,Pune,Pune,Tomato,Hybrid,2025-08-25,2726,3599,3057,140.31
Maharashtra,Pune,Pune,Tomato,Hybrid,2025-08-26,2681,3428,3119,135.84
Maharashtra,Pune,Pune,Tomato,Hybrid,2025-08-27,2663,3370,3034,153.76
Maharashtra,Pune,Pune,Tomato,Hybrid,2025-08-28,2812,3286,3064,130.01
Maharashtra,Pune,Pune,Tomato,Hybrid,2025-08-29,2814,3455,3084,132.06
Maharashtra,Pune,Pune,Tomato,Hybrid,2025-08-30,2380,3048,2783,129.87
Maharashtra,Pune,Pune,Tomato,Hybrid,2025-08-31,2930,3613,3220,98.33
Maharashtra,Pune,Pune,Tomato,Hybrid,2025-09-01,2837,3300,3060,132.87
Maharashtra,Pune,Pune,Tomato,Hybrid,2025-09-02,2508,3145,2897,127.45
Maharashtra,Pune,Pune,Tomato,Hybrid,2025-09-03,3022,3663,3372,125.8
Maharashtra,Pune,Pune,Tomato,Hybrid,2025-09-04,2862,3716,3248,139.02
Maharashtra,Pune,Pune,Tomato,Hybrid,2025-09-05,2797,3338,3029,111.87
Maharashtra,Pune,Pune,Tomato,Hybrid,2025-09-06,3055,3629,3370,116.37
Maharashtra,Pune,Pune,Tomato,Hybrid,2025-09-07,2761,3771,3208,154.78
Maharashtra,Pune,Pune,Tomato,Hybrid,2025-09-08,2568,3303,2885,140.03
Maharashtra,Pune,Pune,Tomato,Hybrid,2025-09-09,2933,3594,3207,118.12
Maharashtra,Pune,Pune,Tomato,Hybrid,2025-09-10,2439,3110,2858,161.56
Maharashtra,Pune,Pune,Tomato,Hybrid,2025-09-11,2576,3507,3016,127.3
Maharashtra,Pune,Pune,Tomato,Hybrid,2025-09-12,2975,3504,3210,132.19
Maharashtra,Pune,Pune,Tomato,Hybrid,2025-09-13,2668,3423,3015,138.28
Maharashtra,Pune,Pune,Tomato,Hybrid,2025-09-14,3251,3819,3501,103.18
Maharashtra,Pune,Pune,Tomato,Hybrid,2025-09-15,3058,3653,3358,118.21
Maharashtra,Pune,Pune,Tomato,Hybrid,2025-09-16,3193,4187,3671,105.01
Maharashtra,Pune,Pune,Tomato,Hybrid,2025-09-17,2854,3682,3188,131.3
Maharashtra,Pune,Pune,Tomato,Hybrid,2025-09-18,2822,3679,3317,119.37
Maharashtra,Pune,Pune,Tomato,Hybrid,2025-09-19,2769,3678,3162,134.3
Maharashtra,Pune,Pune,Tomato,Hybrid,2025-09-20,2932,3559,3316,123.41
Maharashtra,Pune,Pune,Tomato,Hybrid,2025-09-21,3387,4342,3941,96.78
Maharashtra,Pune,Pune,Tomato,Hybrid,2025-09-22,3262,3773,3510,110.1
Maharashtra,Pune,Pune,Tomato,Hybrid,2025-09-23,2927,3829,3321,139.06
Maharashtra,Pune,Pune,Tomato,Hybrid,2025-09-24,2843,3418,3114,142.28
Maharashtra,Pune,Pune,Tomato,Hybrid,2025-09-25,2804,3407,3107,140.84
Maharashtra,Pune,Pune,Tomato,Hybrid,2025-09-26,3016,3734,3476,99.61
Maharashtra,Pune,Pune,Tomato,Hybrid,2025-09-27,3159,3868,3411,126.39
Maharashtra,Pune,Pune,Tomato,Hybrid,2025-09-28,3566,4615,4001,75.51
Maharashtra,Pune,Pune,Tomato,Hybrid,2025-09-29,3036,3868,3294,100.26
Maharashtra,Pune,Pune,Tomato,Hybrid,2025-09-30,3177,3908,3482,127.55
Maharashtra,Pune,Pune,Tomato,Hybrid,2025-10-01,2930,3560,3265,121.11
Maharashtra,Pune,Pune,Tomato,Hybrid,2025-10-02,3202,3983,3695,100.86
Maharashtra,Pune,Pune,Tomato,Hybrid,2025-10-03,2814,3574,3076,131.72
Maharashtra,Pune,Pune,Tomato,Hybrid,2025-10-04,3443,4312,3776,88.81
Maharashtra,Pune,Pune,Tomato,Hybrid,2025-10-05,2999,3643,3392,121.54
Maharashtra,Pune,Pune,Tomato,Hybrid,2025-10-06,3046,3998,3583,103.21
Maharashtra,Pune,Pune,Tomato,Hybrid,2025-10-07,3208,3785,3457,115.06
Maharashtra,Pune,Pune,Tomato,Hybrid,2025-10-08,2945,3629,3391,100.49
Maharashtra,Pune,Pune,Tomato,Hybrid,2025-10-09,3379,4323,3716,89.33
Maharashtra,Pune,Pune,Tomato,Hybrid,2025-10-10,2882,3778,3290,110.2
Maharashtra,Pune,Pune,Tomato,Hybrid,2025-10-11,3099,4119,3523,119.34
Maharashtra,Pune,Pune,Tomato,Hybrid,2025-10-12,3280,4178,3656,129.65
Maharashtra,Pune,Pune,Tomato,Hybrid,2025-10-13,3251,3902,3585,98.34
Maharashtra,Pune,Pune,Tomato,Hybrid,2025-10-14,3427,3976,3700,128.05
Maharashtra,Pune,Pune,Tomato,Hybrid,2025-10-15,3274,4304,3747,83.14
Maharashtra,Pune,Pune,Tomato,Hybrid,2025-10-16,3178,4015,3566,114.8
Maharashtra,Pune,Pune,Tomato,Hybrid,2025-10-17,3435,4299,3749,102.88
Maharashtra,Pune,Pune,Tomato,Hybrid,2025-10-18,3312,4111,3586,137.36
Maharashtra,Pune,Pune,Tomato,Hybrid,2025-10-19,3415,4539,3917,107.42
Maharashtra,Pune,Pune,Tomato,Hybrid,2025-10-20,3070,4123,3501,96.61
Maharashtra,Pune,Pune,Tomato,Hybrid,2025-10-21,3390,4225,3733,117.76
Maharashtra,Pune,Pune,Tomato,Hybrid,2025-10-22,3219,3977,3656,118.35
Maharashtra,Pune,Pune,Tomato,Hybrid,2025-10-23,3334,4060,3785,117.36
Maharashtra,Pune,Pune,Tomato,Hybrid,2025-10-24,3071,3930,3388,111.53
Maharashtra,Pune,Pune,Tomato,Hybrid,2025-10-25,3206,4224,3753,106.26
Maharashtra,Pune,Pune,Tomato,Hybrid,2025-10-26,3406,4563,3940,106.82
Maharashtra,Pune,Pune,Tomato,Hybrid,2025-10-27,2778,3761,3228,139.13
Maharashtra,Pune,Pune,Tomato,Hybrid,2025-10-28,3126,4174,3580,97.67
Maharashtra,Pune,Pune,Tomato,Hybrid,2025-10-29,3356,4392,3857,111.93
Maharashtra,Pune,Pune,Tomato,Hybrid,2025-10-30,3584,4162,3885,105.85
Maharashtra,Pune,Pune,Tomato,Hybrid,2025-10-31,3218,3966,3600,112.15
Maharashtra,Pune,Pune,Tomato,Hybrid,2025-11-01,3131,3851,3480,93.5
Maharashtra,Pune,Pune,Tomato,Hybrid,2025-11-02,3166,4279,3701,130.0
Maharashtra,Pune,Pune,Tomato,Hybrid,2025-11-03,3181,3891,3516,87.02
Maharashtra,Pune,Pune,Tomato,Hybrid,2025-11-04,3363,4144,3633,100.78
Maharashtra,Pune,Pune,Tomato,Hybrid,2025-11-05,3342,4308,3860,124.32
Maharashtra,Pune,Pune,Tomato,Hybrid,2025-11-06,3124,3942,3582,114.46
Maharashtra,Pune,Pune,Tomato,Hybrid,2025-11-07,3178,4187,3715,105.87
Maharashtra,Pune,Pune,Tomato,Hybrid,2025-11-08,3281,4141,3609,95.86
Maharashtra,Pune,Pune,Tomato,Hybrid,2025-11-09,3055,3807,3464,100.38
Maharashtra,Pune,Pune,Tomato,Hybrid,2025-11-10,3118,3942,3578,88.93
Maharashtra,Pune,Pune,Tomato,Hybrid,2025-11-11,3302,3964,3676,108.77
Maharashtra,Pune,Pune,Tomato,Hybrid,2025-11-12,3175,4026,3536,107.92
Maharashtra,Pune,Pune,Tomato,Hybrid,2025-11-13,2890,3993,3395,129.09
Maharashtra,Pune,Pune,Tomato,Hybrid,2025-11-14,3418,4287,3770,87.82
Maharashtra,Pune,Pune,Tomato,Hybrid,2025-11-15,3067,3981,3416,102.16
Maharashtra,Pune,Pune,Tomato,Hybrid,2025-11-16,3344,4381,3861,107.67
Maharashtra,Pune,Pune,Tomato,Hybrid,2025-11-17,3305,4012,3744,123.31
Maharashtra,Pune,Pune,Tomato,Hybrid,2025-11-18,2944,3906,3323,126.88
Maharashtra,Pune,Pune,Tomato,Hybrid,2025-11-19,3282,4340,3794,99.36
Maharashtra,Pune,Pune,Tomato,Hybrid,2025-11-20,3070,4126,3581,107.97
Maharashtra,Pune,Pune,Tomato,Hybrid,2025-11-21,3094,3971,3553,123.85
Maharashtra,Pune,Pune,Tomato,Hybrid,2025-11-22,3500,4259,3884,122.68
Maharashtra,Pune,Pune,Tomato,Hybrid,2025-11-23,3135,4223,3620,113.34
Maharashtra,Pune,Pune,Tomato,Hybrid,2025-11-24,2930,3688,3361,107.46
Maharashtra,Pune,Pune,Tomato,Hybrid,2025-11-25,3208,4014,3531,101.41
Maharashtra,Pune,Pune,Tomato,Hybrid,2025-11-26,3177,3986,3430,119.04
Maharashtra,Pune,Pune,Tomato,Hybrid,2025-11-27,3342,4083,3614,116.65
Maharashtra,Pune,Pune,Tomato,Hybrid,2025-11-28,3275,4145,3601,91.4
Maharashtra,Pune,Pune,Tomato,Hybrid,2025-11-29,2962,3944,3367,118.18
Maharashtra,Pune,Pune,Tomato,Hybrid,2025-11-30,3344,4261,3837,138.66
Maharashtra,Pune,Pune,Tomato,Hybrid,2025-12-01,3185,3906,3488,124.36
Maharashtra,Pune,Pune,Tomato,Hybrid,2025-12-02,2929,3609,3231,132.96
Maharashtra,Pune,Pune,Tomato,Hybrid,2025-12-03,3532,4113,3819,92.19
Maharashtra,Pune,Pune,Tomato,Hybrid,2025-12-04,2966,3593,3350,131.1
Maharashtra,Pune,Pune,Tomato,Hybrid,2025-12-05,2941,3869,3442,86.25
Maharashtra,Pune,Pune,Tomato,Hybrid,2025-12-06,3010,3665,3336,140.36
Maharashtra,Pune,Pune,Tomato,Hybrid,2025-12-07,3005,3830,3512,108.56
Maharashtra,Pune,Pune,Tomato,Hybrid,2025-12-08,3196,4000,3492,118.5
Maharashtra,Pune,Pune,Tomato,Hybrid,2025-12-09,2910,3651,3327,109.84
Maharashtra,Pune,Pune,Tomato,Hybrid,2025-12-10,3430,4329,3904,120.1
Maharashtra,Pune,Pune,Tomato,Hybrid,2025-12-11,3014,4034,3446,123.12
Maharashtra,Pune,Pune,Tomato,Hybrid,2025-12-12,2919,3740,3323,124.09
Maharashtra,Pune,Pune,Tomato,Hybrid,2025-12-13,2942,3702,3290,107.59
Maharashtra,Pune,Pune,Tomato,Hybrid,2025-12-14,3194,4106,3533,107.38
Maharashtra,Pune,Pune,Tomato,Hybrid,2025-12-15,2946,3784,3328,128.09
Maharashtra,Pune,Pune,Tomato,Hybrid,2025-12-16,2915,3867,3373,103.51
Maharashtra,Pune,Pune,Tomato,Hybrid,2025-12-17,2760,3421,3197,119.44
Maharashtra,Pune,Pune,Tomato,Hybrid,2025-12-18,3059,3734,3433,129.13
Maharashtra,Pune,Pune,Tomato,Hybrid,2025-12-19,2673,3408,3114,108.29
Maharashtra,Pune,Pune,Tomato,Hybrid,2025-12-20,3185,3943,3663,114.6
Maharashtra,Pune,Pune,Tomato,Hybrid,2025-12-21,2700,3658,3112,118.78
Maharashtra,Pune,Pune,Tomato,Hybrid,2025-12-22,2939,3718,3328,150.32
Maharashtra,Pune,Pune,Tomato,Hybrid,2025-12-23,3184,3826,3514,118.54
Maharashtra,Pune,Pune,Tomato,Hybrid,2025-12-24,2470,3061,2686,147.48
Maharashtra,Pune,Pune,Tomato,Hybrid,2025-12-25,2660,3206,2961,135.02
Maharashtra,Pune,Pune,Tomato,Hybrid,2025-12-26,2685,3241,2966,127.39
Maharashtra,Pune,Pune,Tomato,Hybrid,2025-12-27,2828,3675,3264,117.8
Maharashtra,Pune,Pune,Tomato,Hybrid,2025-12-28,2912,3435,3188,123.46
Maharashtra,Pune,Pune,Tomato,Hybrid,2025-12-29,3147,4006,3496,96.59
Maharashtra,Pune,Pune,Tomato,Hybrid,2025-12-30,2850,3606,3108,153.79
Maharashtra,Pune,Pune,Tomato,Hybrid,2025-12-31,2656,3506,3030,149.05
Maharashtra,Pune,Pune,Tomato,Hybrid,2026-01-01,2557,3249,2784,139.2
Maharashtra,Pune,Pune,Tomato,Hybrid,2026-01-02,2519,3312,2859,137.56
Maharashtra,Pune,Pune,Tomato,Hybrid,2026-01-03,2546,3473,2977,133.89
Maharashtra,Pune,Pune,Tomato,Hybrid,2026-01-04,3032,3522,3269,87.43
Maharashtra,Pune,Pune,Tomato,Hybrid,2026-01-05,2454,3230,2788,145.21
Maharashtra,Pune,Pune,Tomato,Hybrid,2026-01-06,2248,2872,2591,162.13
Maharashtra,Pune,Pune,Tomato,Hybrid,2026-01-07,2460,3136,2797,138.81
Maharashtra,Pune,Pune,Tomato,Hybrid,2026-01-08,2767,3268,3052,148.87
Maharashtra,Pune,Pune,Tomato,Hybrid,2026-01-09,2656,3200,2989,115.42
Maharashtra,Pune,Pune,Tomato,Hybrid,2026-01-10,2646,3189,2960,143.81
Maharashtra,Pune,Pune,Tomato,Hybrid,2026-01-11,2797,3533,3065,151.04
Maharashtra,Pune,Pune,Tomato,Hybrid,2026-01-12,2392,3178,2778,163.71
Maharashtra,Pune,Pune,Tomato,Hybrid,2026-01-13,2630,3325,3046,140.48
Maharashtra,Pune,Pune,Tomato,Hybrid,2026-01-14,2608,3261,2827,147.03
Maharashtra,Pune,Pune,Tomato,Hybrid,2026-01-15,2819,3469,3060,145.48
Maharashtra,Pune,Pune,Tomato,Hybrid,2026-01-16,2263,2928,2549,161.32
Maharashtra,Pune,Pune,Tomato,Hybrid,2026-01-17,2242,2809,2562,144.79
Maharashtra,Pune,Pune,Tomato,Hybrid,2026-01-18,2563,3127,2778,121.47
Maharashtra,Pune,Pune,Tomato,Hybrid,2026-01-19,2254,2812,2461,183.7
Maharashtra,Pune,Pune,Tomato,Hybrid,2026-01-20,2296,2787,2536,168.97
Maharashtra,Pune,Pune,Tomato,Hybrid,2026-01-21,2334,2931,2665,156.89
Maharashtra,Pune,Pune,Tomato,Hybrid,2026-01-22,2361,3091,2722,131.26
Maharashtra,Pune,Pune,Tomato,Hybrid,2026-01-23,2514,3174,2747,125.67
Maharashtra,Pune,Pune,Tomato,Hybrid,2026-01-24,2098,2808,2448,170.5
Maharashtra,Pune,Pune,Tomato,Hybrid,2026-01-25,2150,2771,2522,127.58
Maharashtra,Pune,Pune,Tomato,Hybrid,2026-01-26,2172,2911,2546,132.07
Maharashtra,Pune,Pune,Tomato,Hybrid,2026-01-27,2427,2914,2635,145.75
Maharashtra,Pune,Pune,Tomato,Hybrid,2026-01-28,2221,2894,2553,159.85
Maharashtra,Pune,Pune,Tomato,Hybrid,2026-01-29,2397,3078,2609,160.97
Maharashtra,Pune,Pune,Tomato,Hybrid,2026-01-30,1933,2518,2269,170.87
Maharashtra,Pune,Pune,Tomato,Hybrid,2026-01-31,2181,2846,2492,180.38
Maharashtra,Pune,Pune,Tomato,Hybrid,2026-02-01,2436,2873,2674,168.03
Maharashtra,Pune,Pune,Tomato,Hybrid,2026-02-02,2158,2745,2411,180.61
Maharashtra,Pune,Pune,Tomato,Hybrid,2026-02-03,2166,2848,2416,179.58
Maharashtra,Pune,Pune,Tomato,Hybrid,2026-02-04,2074,2546,2288,196.53
Maharashtra,Pune,Pune,Tomato,Hybrid,2026-02-05,2238,2838,2421,142.58
Maharashtra,Pune,Pune,Tomato,Hybrid,2026-02-06,2062,2805,2378,135.03
Maharashtra,Pune,Pune,Tomato,Hybrid,2026-02-07,2157,2586,2404,178.0
Maharashtra,Pune,Pune,Tomato,Hybrid,2026-02-08,2507,3081,2773,135.22
Maharashtra,Pune,Pune,Tomato,Hybrid,2026-02-09,2314,2916,2555,155.05
Maharashtra,Pune,Pune,Tomato,Hybrid,2026-02-10,1890,2383,2098,181.47
Maharashtra,Pune,Pune,Tomato,Hybrid,2026-02-11,2051,2646,2314,157.94
Maharashtra,Pune,Pune,Tomato,Hybrid,2026-02-12,1815,2464,2132,190.88
Maharashtra,Pune,Pune,Tomato,Hybrid,2026-02-13,2250,2841,2453,174.24
Maharashtra,Pune,Pune,Tomato,Hybrid,2026-02-14,1922,2409,2162,191.54
Maharashtra,Pune,Pune,Tomato,Hybrid,2026-02-15,2030,2727,2328,152.84
Maharashtra,Pune,Pune,Tomato,Hybrid,2026-02-16,2091,2561,2381,189.91
Maharashtra,Pune,Pune,Tomato,Hybrid,2026-02-17,1785,2368,2083,183.34
Maharashtra,Pune,Pune,Tomato,Hybrid,2026-02-18,1722,2188,1874,220.65
Maharashtra,Pune,Pune,Tomato,Hybrid,2026-02-19,1896,2516,2172,170.26
Maharashtra,Pune,Pune,Tomato,Hybrid,2026-02-20,1936,2339,2086,202.14
Maharashtra,Pune,Pune,Tomato,Hybrid,2026-02-21,1790,2237,1929,202.34
Maharashtra,Pune,Pune,Tomato,Hybrid,2026-02-22,1811,2313,2116,175.95
Maharashtra,Pune,Pune,Tomato,Hybrid,2026-02-23,1658,2057,1903,184.86
Maharashtra,Pune,Pune,Tomato,Hybrid,2026-02-24,1782,2216,1921,202.52
Maharashtra,Pune,Pune,Tomato,Hybrid,2026-02-25,1690,2244,1938,211.53
Maharashtra,Pune,Pune,Tomato,Hybrid,2026-02-26,1490,1860,1715,215.27
Maharashtra,Pune,Pune,Tomato,Hybrid,2026-02-27,1604,1911,1775,203.66
Maharashtra,Pune,Pune,Tomato,Hybrid,2026-02-28,1726,2219,2003,189.34
Maharashtra,Pune,Pune,Tomato,Hybrid,2026-03-01,1768,2290,2023,183.02
Maharashtra,Pune,Pune,Tomato,Hybrid,2026-03-02,1566,1966,1747,231.19
Maharashtra,Pune,Pune,Tomato,Hybrid,2026-03-03,1664,2144,1908,192.49
Maharashtra,Pune,Pune,Tomato,Hybrid,2026-03-04,1586,2105,1814,205.81
Maharashtra,Pune,Pune,Tomato,Hybrid,2026-03-05,1588,2059,1791,211.57
Maharashtra,Pune,Pune,Tomato,Hybrid,2026-03-06,1939,2476,2126,198.48
Maharashtra,Pune,Pune,Tomato,Hybrid,2026-03-07,1698,2182,1851,185.02
Maharashtra,Pune,Pune,Tomato,Hybrid,2026-03-08,1614,2095,1864,225.12
Maharashtra,Pune,Pune,Tomato,Hybrid,2026-03-09,1501,1963,1689,260.02
Maharashtra,Pune,Pune,Tomato,Hybrid,2026-03-10,1681,2107,1905,202.38
Maharashtra,Pune,Pune,Tomato,Hybrid,2026-03-11,1720,2183,2000,193.89
Maharashtra,Pune,Pune,Tomato,Hybrid,2026-03-12,1819,2334,2046,217.94
Maharashtra,Pune,Pune,Tomato,Hybrid,2026-03-13,1533,1991,1742,204.58
Maharashtra,Pune,Pune,Tomato,Hybrid,2026-03-14,1482,1887,1714,214.58
Maharashtra,Pune,Pune,Tomato,Hybrid,2026-03-15,1558,1874,1701,224.72
Maharashtra,Pune,Pune,Tomato,Hybrid,2026-03-16,1230,1619,1398,286.57
Maharashtra,Pune,Pune,Tomato,Hybrid,2026-03-17,1345,1749,1504,259.84
Maharashtra,Pune,Pune,Tomato,Hybrid,2026-03-18,1377,1668,1524,267.1
Maharashtra,Pune,Pune,Tomato,Hybrid,2026-03-19,1462,1846,1680,231.1
Maharashtra,Pune,Pune,Tomato,Hybrid,2026-03-20,1538,1837,1690,252.75
Maharashtra,Pune,Pune,Tomato,Hybrid,2026-03-21,1034,1355,1206,319.59
Maharashtra,Pune,Pune,Tomato,Hybrid,2026-03-22,1347,1813,1550,245.47
Maharashtra,Pune,Pune,Tomato,Hybrid,2026-03-23,1006,1200,1104,326.89
Maharashtra,Pune,Pune,Tomato,Hybrid,2026-03-24,944,1240,1051,369.29
Maharashtra,Pune,Pune,Tomato,Hybrid,2026-03-25,1318,1567,1439,296.02
Maharashtra,Pune,Pune,Tomato,Hybrid,2026-03-26,1392,1811,1548,223.86
Maharashtra,Pune,Pune,Tomato,Hybrid,2026-03-27,1370,1722,1604,305.78
Maharashtra,Pune,Pune,Tomato,Hybrid,2026-03-28,1033,1225,1126,377.56
Maharashtra,Pune,Pune,Tomato,Hybrid,2026-03-29,1419,1756,1633,236.13
Maharashtra,Pune,Pune,Tomato,Hybrid,2026-03-30,1194,1463,1329,302.91
Maharashtra,Pune,Pune,Tomato,Hybrid,2026-03-31,1277,1555,1397,266.51
Maharashtra,Pune,Pune,Tomato,Hybrid,2026-04-01,1246,1497,1366,295.27
Maharashtra,Pune,Pune,Tomato,Hybrid,2026-04-02,1458,1755,1577,278.84
Maharashtra,Pune,Pune,Tomato,Hybrid,2026-04-03,1334,1603,1463,290.11
Maharashtra,Pune,Pune,Tomato,Hybrid,2026-04-04,1300,1603,1402,281.49
Maharashtra,Pune,Pune,Tomato,Hybrid,2026-04-05,1401,1783,1558,257.39
Maharashtra,Pune,Pune,Tomato,Hybrid,2026-04-06,1415,1784,1528,252.33
Maharashtra,Pune,Pune,Tomato,Hybrid,2026-04-07,1094,1475,1254,330.12
Maharashtra,Pune,Pune,Tomato,Hybrid,2026-04-08,1454,1728,1565,275.13
Maharashtra,Pune,Pune,Tomato,Hybrid,2026-04-09,1144,1420,1292,303.06
Maharashtra,Pune,Pune,Tomato,Hybrid,2026-04-10,1455,1715,1573,244.75
Maharashtra,Pune,Pune,Tomato,Hybrid,2026-04-11,1285,1623,1503,260.62
Maharashtra,Pune,Pune,Tomato,Hybrid,2026-04-12,1372,1872,1591,231.68
Maharashtra,Pune,Pune,Tomato,Hybrid,2026-04-13,1167,1505,1342,250.21
Maharashtra,Pune,Pune,Tomato,Hybrid,2026-04-14,1446,1801,1589,260.87
Maharashtra,Pune,Pune,Tomato,Hybrid,2026-04-15,1056,1397,1197,357.04
Maharashtra,Pune,Pune,Tomato,Hybrid,2026-04-16,1367,1711,1568,235.96
Maharashtra,Pune,Pune,Tomato,Hybrid,2026-04-17,1118,1468,1264,297.44
Maharashtra,Pune,Pune,Tomato,Hybrid,2026-04-18,1266,1563,1419,270.51
Maharashtra,Pune,Pune,Tomato,Hybrid,2026-04-19,1040,1294,1158,340.94
Maharashtra,Pune,Pune,Tomato,Hybrid,2026-04-20,1285,1685,1464,272.08
Maharashtra,Pune,Pune,Tomato,Hybrid,2026-04-21,1323,1636,1445,277.05
Maharashtra,Pune,Pune,Tomato,Hybrid,2026-04-22,1303,1633,1477,272.44
Maharashtra,Pune,Pune,Tomato,Hybrid,2026-04-23,1184,1481,1321,301.17
Maharashtra,Pune,Pune,Tomato,Hybrid,2026-04-24,1377,1845,1615,254.23
Maharashtra,Pune,Pune,Tomato,Hybrid,2026-04-25,1010,1324,1169,339.91
Maharashtra,Pune,Pune,Tomato,Hybrid,2026-04-26,1419,1826,1550,253.15
Maharashtra,Pune,Pune,Tomato,Hybrid,2026-04-27,808,1018,946,405.7
Maharashtra,Pune,Pune,Tomato,Hybrid,2026-04-28,1098,1439,1265,341.36
Maharashtra,Pune,Pune,Tomato,Hybrid,2026-04-29,1254,1656,1427,254.3
Maharashtra,Pune,Pune,Tomato,Hybrid,2026-04-30,1162,1468,1323,319.21
Maharashtra,Pune,Pune,Tomato,Hybrid,2026-05-01,1071,1334,1236,335.96
Maharashtra,Pune,Pune,Tomato,Hybrid,2026-05-02,981,1170,1069,327.96
Maharashtra,Pune,Pune,Tomato,Hybrid,2026-05-03,1566,1902,1710,224.63
Maharashtra,Pune,Pune,Tomato,Hybrid,2026-05-04,888,1040,960,406.67
Maharashtra,Pune,Pune,Tomato,Hybrid,2026-05-05,1234,1485,1383,293.07
Maharashtra,Pune,Pune,Tomato,Hybrid,2026-05-06,780,1033,904,428.18
Maharashtra,Pune,Pune,Tomato,Hybrid,2026-05-07,1238,1471,1365,296.81
Maharashtra,Pune,Pune,Tomato,Hybrid,2026-05-08,1065,1390,1185,331.08
Maharashtra,Pune,Pune,Tomato,Hybrid,2026-05-09,1104,1421,1257,318.4
Maharashtra,Pune,Pune,Tomato,Hybrid,2026-05-10,1579,1962,1725,224.52
Maharashtra,Pune,Pune,Tomato,Hybrid,2026-05-11,922,1191,1074,358.07
Maharashtra,Pune,Pune,Tomato,Hybrid,2026-05-12,1524,1819,1688,221.75
Maharashtra,Pune,Pune,Tomato,Hybrid,2026-05-13,1005,1353,1165,333.98
Maharashtra,Pune,Pune,Tomato,Hybrid,2026-05-14,1183,1598,1370,281.11
Maharashtra,Pune,Pune,Tomato,Hybrid,2026-05-15,997,1289,1120,358.4
Maharashtra,Pune,Pune,Tomato,Hybrid,2026-05-16,1296,1604,1439,285.58
Maharashtra,Pune,Pune,Tomato,Hybrid,2026-05-17,1439,1778,1592,273.22
Maharashtra,Pune,Pune,Tomato,Hybrid,2026-05-18,1294,1745,1502,271.94
Maharashtra,Pune,Pune,Tomato,Hybrid,2026-05-19,1447,1819,1636,244.16
Maharashtra,Pune,Pune,Tomato,Hybrid,2026-05-20,1279,1566,1394,288.72
Maharashtra,Pune,Pune,Tomato,Hybrid,2026-05-21,971,1199,1084,367.47
Maharashtra,Pune,Pune,Tomato,Hybrid,2026-05-22,1296,1581,1427,283.8
Maharashtra,Pune,Pune,Tomato,Hybrid,2026-05-23,1518,1827,1640,250.22
Maharashtra,Pune,Pune,Tomato,Hybrid,2026-05-24,1379,1592,1484,279.68
Maharashtra,Pune,Pune,Tomato,Hybrid,2026-05-25,1554,1860,1717,246.69
Maharashtra,Pune,Pune,Tomato,Hybrid,2026-05-26,1091,1409,1247,326.15
Maharashtra,Pune,Pune,Tomato,Hybrid,2026-05-27,1106,1430,1281,304.89
Maharashtra,Pune,Pune,Tomato,Hybrid,2026-05-28,1345,1748,1570,256.0
Maharashtra,Pune,Pune,Tomato,Hybrid,2026-05-29,1466,1862,1699,257.91
Maharashtra,Pune,Pune,Tomato,Hybrid,2026-05-30,1488,1797,1610,240.59
Maharashtra,Pune,Pune,Tomato,Hybrid,2026-05-31,1141,1519,1339,315.52
Maharashtra,Pune,Pune,Tomato,Hybrid,2026-06-01,1326,1646,1478,267.37
Maharashtra,Pune,Pune,Tomato,Hybrid,2026-06-02,1363,1794,1563,260.0
Maharashtra,Pune,Pune,Tomato,Hybrid,2026-06-03,1455,1869,1653,235.55
Maharashtra,Pune,Pune,Tomato,Hybrid,2026-06-04,1432,1810,1562,244.48
Maharashtra,Pune,Pune,Tomato,Hybrid,2026-06-05,1341,1717,1465,259.62
Maharashtra,Pune,Pune,Tomato,Hybrid,2026-06-06,1391,1849,1586,236.24
Maharashtra,Pune,Pune,Tomato,Hybrid,2026-06-07,1092,1387,1246,312.19
Maharashtra,Pune,Pune,Tomato,Hybrid,2026-06-08,1218,1576,1360,292.82
Maharashtra,Pune,Pune,Tomato,Hybrid,2026-06-09,1325,1690,1537,264.48
Maharashtra,Pune,Pune,Tomato,Hybrid,2026-06-10,1313,1563,1452,246.45
Maharashtra,Pune,Pune,Tomato,Hybrid,2026-06-11,1501,1808,1657,232.75
Maharashtra,Pune,Pune,Tomato,Hybrid,2026-06-12,1337,1697,1452,284.37
Maharashtra,Pune,Pune,Tomato,Hybrid,2026-06-13,1345,1670,1523,248.73
Maharashtra,Pune,Pune,Tomato,Hybrid,2026-06-14,1847,2372,2044,201.47
Maharashtra,Pune,Pune,Tomato,Hybrid,2026-06-15,1350,1648,1485,261.7
Maharashtra,Pune,Pune,Tomato,Hybrid,2026-06-16,1314,1809,1534,271.55
Maharashtra,Pune,Pune,Tomato,Hybrid,2026-06-17,1771,2122,1926,233.05
Maharashtra,Pune,Pune,Tomato,Hybrid,2026-06-18,1935,2449,2192,171.39
Maharashtra,Pune,Pune,Tomato,Hybrid,2026-06-19,1768,2104,1926,177.36
Maharashtra,Pune,Pune,Tomato,Hybrid,2026-06-20,1692,2089,1847,220.78
Maharashtra,Pune,Pune,Tomato,Hybrid,2026-06-21,1648,1986,1809,208.75
Maharashtra,Pune,Pune,Tomato,Hybrid,2026-06-22,1717,2243,1960,208.81
Maharashtra,Pune,Pune,Tomato,Hybrid,2026-06-23,1958,2454,2165,205.76
Maharashtra,Pune,Pune,Tomato,Hybrid,2026-06-24,1444,1734,1584,242.13
Maharashtra,Pune,Pune,Tomato,Hybrid,2026-06-25,1539,1970,1710,242.94
Maharashtra,Pune,Pune,Tomato,Hybrid,2026-06-26,1807,2116,1968,186.4
Maharashtra,Pune,Pune,Tomato,Hybrid,2026-06-27,1584,2090,1783,240.84
Maharashtra,Pune,Pune,Tomato,Hybrid,2026-06-28,1726,2188,2028,164.88
Maharashtra,Pune,Pune,Tomato,Hybrid,2026-06-29,1545,1883,1729,257.71
Maharashtra,Pune,Pune,Tomato,Hybrid,2026-06-30,2013,2335,2171,163.58
Maharashtra,Pune,Pune,Tomato,Hybrid,2026-07-01,1828,2297,2042,208.0
Maharashtra,Pune,Pune,Tomato,Hybrid,2026-07-02,1595,1925,1727,245.18
Maharashtra,Pune,Pune,Tomato,Hybrid,2026-07-03,1857,2398,2126,175.27
Maharashtra,Pune,Pune,Tomato,Hybrid,2026-07-04,1986,2488,2174,186.63
Maharashtra,Pune,Pune,Tomato,Hybrid,2026-07-05,2010,2462,2301,174.32
Maharashtra,Pune,Pune,Tomato,Hybrid,2026-07-06,1711,2160,1895,198.29
Maharashtra,Pune,Pune,Tomato,Hybrid,2026-07-07,1890,2301,2081,190.98
Maharashtra,Pune,Pune,Tomato,Hybrid,2026-07-08,1986,2455,2263,204.11
Maharashtra,Pune,Pune,Tomato,Hybrid,2026-07-09,1892,2457,2205,189.29
Maharashtra,Pune,Pune,Tomato,Hybrid,2026-07-10,2013,2506,2342,179.9
Maharashtra,Pune,Pune,Tomato,Hybrid,2026-07-11,1774,2184,2038,214.64
Maharashtra,Pune,Pune,Tomato,Hybrid,2026-07-12,2394,2926,2584,155.27
Maharashtra,Pune,Pune,Tomato,Hybrid,2026-07-13,1822,2266,2038,194.76
Maharashtra,Pune,Pune,Tomato,Hybrid,2026-07-14,1724,2143,1983,222.25
Maharashtra,Pune,Pune,Tomato,Hybrid,2026-07-15,1876,2559,2171,178.08
Maharashtra,Pune,Pune,Tomato,Hybrid,2026-07-16,2355,3020,2560,117.37
Maharashtra,Pune,Pune,Tomato,Hybrid,2026-07-17,2239,2820,2555,160.06
Maharashtra,Pune,Pune,Tomato,Hybrid,2026-07-18,2394,2924,2647,135.42
Maharashtra,Pune,Pune,Tomato,Hybrid,2026-07-19,2217,2921,2577,139.6
Maharashtra,Pune,Pune,Tomato,Hybrid,2026-07-20,2308,2956,2535,172.13
Maharashtra,Pune,Pune,Tomato,Hybrid,2026-07-21,2451,2972,2725,145.32
Maharashtra,Pune,Pune,Tomato,Hybrid,2026-07-22,2574,3061,2804,126.01
Maharashtra,Pune,Pune,Tomato,Hybrid,2026-07-23,2188,2756,2440,147.56
Maharashtra,Pune,Pune,Tomato,Hybrid,2026-07-24,2239,2746,2506,144.46
Maharashtra,Pune,Pune,Tomato,Hybrid,2026-07-25,2296,3027,2691,154.28
Maharashtra,Pune,Pune,Tomato,Hybrid,2026-07-26,2157,2805,2466,173.11
Maharashtra,Pune,Pune,Tomato,Hybrid,2026-07-27,2435,3159,2770,151.57
Maharashtra,Pune,Pune,Tomato,Hybrid,2026-07-28,2092,2612,2309,169.27
Maharashtra,Pune,Pune,Tomato,Hybrid,2026-07-29,2302,2986,2703,142.86
Maharashtra,Pune,Pune,Tomato,Hybrid,2026-07-30,2181,2686,2412,182.63
Maharashtra,Pune,Pune,Tomato,Hybrid,2026-07-31,2267,3011,2567,178.12
Maharashtra,Pune,Pune,Tomato,Hybrid,2026-08-01,2283,2996,2546,150.42
Maharashtra,Pune,Pune,Tomato,Hybrid,2026-08-02,2371,3043,2703,144.02
Maharashtra,Pune,Pune,Tomato,Hybrid,2026-08-03,2524,3039,2714,131.21
Maharashtra,Pune,Pune,Tomato,Hybrid,2026-08-04,2144,2912,2495,133.41
Maharashtra,Pune,Pune,Tomato,Hybrid,2026-08-05,2167,2685,2400,144.67
Maharashtra,Pune,Pune,Tomato,Hybrid,2026-08-06,2424,3108,2649,152.16
Maharashtra,Pune,Pune,Tomato,Hybrid,2026-08-07,2446,3185,2837,141.55
Maharashtra,Pune,Pune,Tomato,Hybrid,2026-08-08,2688,3374,3047,157.07
Maharashtra,Pune,Pune,Tomato,Hybrid,2026-08-09,2508,3344,2906,121.8
Maharashtra,Pune,Pune,Tomato,Hybrid,2026-08-10,2913,3590,3167,142.9
Maharashtra,Pune,Pune,Tomato,Hybrid,2026-08-11,2722,3287,3047,121.5
Maharashtra,Pune,Pune,Tomato,Hybrid,2026-08-12,2665,3333,3023,133.08
Maharashtra,Pune,Pune,Tomato,Hybrid,2026-08-13,2543,3265,2875,136.6
Maharashtra,Pune,Pune,Tomato,Hybrid,2026-08-14,2749,3236,3000,154.34
Maharashtra,Pune,Pune,Tomato,Hybrid,2026-08-15,3059,3859,3338,112.57
Maharashtra,Pune,Pune,Tomato,Hybrid,2026-08-16,2695,3655,3134,124.87
Maharashtra,Pune,Pune,Tomato,Hybrid,2026-08-17,2688,3517,2998,94.1
Maharashtra,Pune,Pune,Tomato,Hybrid,2026-08-18,2698,3464,2949,164.99
Maharashtra,Pune,Pune,Tomato,Hybrid,2026-08-19,2556,3294,2887,131.12
Maharashtra,Pune,Pune,Tomato,Hybrid,2026-08-20,2630,3425,2929,132.99
Maharashtra,Pune,Pune,Tomato,Hybrid,2026-08-21,2492,3027,2815,132.69
Maharashtra,Pune,Pune,Tomato,Hybrid,2026-08-22,2820,3486,3144,132.23
Maharashtra,Pune,Pune,Tomato,Hybrid,2026-08-23,3007,3740,3282,141.43
Maharashtra,Pune,Pune,Tomato,Hybrid,2026-08-24,2773,3691,3140,146.31
Maharashtra,Pune,Pune,Tomato,Hybrid,2026-08-25,3066,4025,3534,125.39
Maharashtra,Pune,Pune,Tomato,Hybrid,2026-08-26,2489,3309,2912,140.38
Maharashtra,Pune,Pune,Tomato,Hybrid,2026-08-27,2767,3644,3187,148.08
Maharashtra,Pune,Pune,Tomato,Hybrid,2026-08-28,2727,3445,3160,113.24
Maharashtra,Pune,Pune,Tomato,Hybrid,2026-08-29,2659,3467,3113,108.38
Maharashtra,Pune,Pune,Tomato,Hybrid,2026-08-30,2501,3301,2840,170.23
Maharashtra,Pune,Pune,Tomato,Hybrid,2026-08-31,2726,3436,3188,106.64
Karnataka,Bengaluru Urban,Bengaluru,Tomato,Local,2024-01-01,2388,2936,2595,181.06
Karnataka,Bengaluru Urban,Bengaluru,Tomato,Local,2024-01-02,2166,2582,2402,144.81
Karnataka,Bengaluru Urban,Bengaluru,Tomato,Local,2024-01-03,1979,2484,2292,169.5
Karnataka,Bengaluru Urban,Bengaluru,Tomato,Local,2024-01-04,2046,2610,2353,152.39
Karnataka,Bengaluru Urban,Bengaluru,Tomato,Local,2024-01-05,2120,2650,2476,128.35
Karnataka,Bengaluru Urban,Bengaluru,Tomato,Local,2024-01-06,2196,2795,2487,180.02
Karnataka,Bengaluru Urban,Bengaluru,Tomato,Local,2024-01-07,2099,2608,2394,164.45
Karnataka,Bengaluru Urban,Bengaluru,Tomato,Local,2024-01-08,2155,2741,2462,170.82
Karnataka,Bengaluru Urban,Bengaluru,Tomato,Local,2024-01-09,1916,2567,2217,175.42
Karnataka,Bengaluru Urban,Bengaluru,Tomato,Local,2024-01-10,2066,2726,2327,199.2
Karnataka,Bengaluru Urban,Bengaluru,Tomato,Local,2024-01-11,1938,2551,2207,174.08
Karnataka,Bengaluru Urban,Bengaluru,Tomato,Local,2024-01-12,1931,2478,2225,178.75
Karnataka,Bengaluru Urban,Bengaluru,Tomato,Local,2024-01-13,1945,2605,2250,175.08
Karnataka,Bengaluru Urban,Bengaluru,Tomato,Local,2024-01-14,2226,2856,2519,144.05
Karnataka,Bengaluru Urban,Bengaluru,Tomato,Local,2024-01-15,2008,2351,2184,188.45
Karnataka,Bengaluru Urban,Bengaluru,Tomato,Local,2024-01-16,1796,2298,2033,201.15
Karnataka,Bengaluru Urban,Bengaluru,Tomato,Local,2024-01-17,2057,2400,2212,141.62
Karnataka,Bengaluru Urban,Bengaluru,Tomato,Local,2024-01-18,1700,2148,1975,224.94
Karnataka,Bengaluru Urban,Bengaluru,Tomato,Local,2024-01-19,1822,2264,2016,178.82
Karnataka,Bengaluru Urban,Bengaluru,Tomato,Local,2024-01-20,1626,2054,1812,202.77
Karnataka,Bengaluru Urban,Bengaluru,Tomato,Local,2024-01-21,1971,2497,2204,161.09
Karnataka,Bengaluru Urban,Bengaluru,Tomato,Local,2024-01-22,1793,2335,2105,175.94
Karnataka,Bengaluru Urban,Bengaluru,Tomato,Local,2024-01-23,1817,2391,2086,211.6
Karnataka,Bengaluru Urban,Bengaluru,Tomato,Local,2024-01-24,2023,2531,2226,182.59
Karnataka,Bengaluru Urban,Bengaluru,Tomato,Local,2024-01-25,1599,2049,1836,215.15
Karnataka,Bengaluru Urban,Bengaluru,Tomato,Local,2024-01-26,1779,2182,2038,231.98
Karnataka,Bengaluru Urban,Bengaluru,Tomato,Local,2024-01-27,1539,1816,1693,233.42
Karnataka,Bengaluru Urban,Bengaluru,Tomato,Local,2024-01-28,1899,2466,2198,182.01
Karnataka,Bengaluru Urban,Bengaluru,Tomato,Local,2024-01-29,1717,2140,1920,194.9
Karnataka,Bengaluru Urban,Bengaluru,Tomato,Local,2024-01-30,1785,2211,2062,192.82
Karnataka,Bengaluru Urban,Bengaluru,Tomato,Local,2024-01-31,1784,2199,1936,220.66
Karnataka,Bengaluru Urban,Bengaluru,Tomato,Local,2024-02-01,1674,2154,1840,234.9
Karnataka,Bengaluru Urban,Bengaluru,Tomato,Local,2024-02-02,1462,1832,1678,240.3
Karnataka,Bengaluru Urban,Bengaluru,Tomato,Local,2024-02-03,1546,1962,1729,213.04
Karnataka,Bengaluru Urban,Bengaluru,Tomato,Local,2024-02-04,1947,2454,2273,155.88
Karnataka,Bengaluru Urban,Bengaluru,Tomato,Local,2024-02-05,1543,1959,1779,203.19
Karnataka,Bengaluru Urban,Bengaluru,Tomato,Local,2024-02-06,1692,2269,1988,193.25
Karnataka,Bengaluru Urban,Bengaluru,Tomato,Local,2024-02-07,1798,2085,1945,212.66
Karnataka,Bengaluru Urban,Bengaluru,Tomato,Local,2024-02-08,1909,2420,2114,165.13
Karnataka,Bengaluru Urban,Bengaluru,Tomato,Local,2024-02-09,1478,1727,1606,261.68
Karnataka,Bengaluru Urban,Bengaluru,Tomato,Local,2024-02-10,1555,1954,1786,218.31
Karnataka,Bengaluru Urban,Bengaluru,Tomato,Local,2024-02-11,1892,2511,2177,181.91
Karnataka,Bengaluru Urban,Bengaluru,Tomato,Local,2024-02-12,1356,1679,1536,274.04
Karnataka,Bengaluru Urban,Bengaluru,Tomato,Local,2024-02-13,1565,1867,1692,235.71
Karnataka,Bengaluru Urban,Bengaluru,Tomato,Local,2024-02-14,1607,2088,1775,234.12
Karnataka,Bengaluru Urban,Bengaluru,Tomato,Local,2024-02-15,1362,1733,1507,258.51
Karnataka,Bengaluru Urban,Bengaluru,Tomato,Local,2024-02-16,1276,1583,1433,281.62
Karnataka,Bengaluru Urban,Bengaluru,Tomato,Local,2024-02-17,1736,2090,1908,193.33
Karnataka,Bengaluru Urban,Bengaluru,Tomato,Local,2024-02-18,1321,1764,1526,250.01
Karnataka,Bengaluru Urban,Bengaluru,Tomato,Local,2024-02-19,1371,1760,1506,274.11
Karnataka,Bengaluru Urban,Bengaluru,Tomato,Local,2024-02-20,1414,1696,1526,265.05
Karnataka,Bengaluru Urban,Bengaluru,Tomato,Local,2024-02-21,1322,1609,1487,263.57
Karnataka,Bengaluru Urban,Bengaluru,Tomato,Local,2024-02-22,1303,1661,1424,261.38
Karnataka,Bengaluru Urban,Bengaluru,Tomato,Local,2024-02-23,1514,1902,1648,233.82
Karnataka,Bengaluru Urban,Bengaluru,Tomato,Local,2024-02-24,1464,1812,1582,237.93
Karnataka,Bengaluru Urban,Bengaluru,Tomato,Local,2024-02-25,1490,1860,1652,208.41
Karnataka,Bengaluru Urban,Bengaluru,Tomato,Local,2024-02-26,1263,1610,1382,275.62
Karnataka,Bengaluru Urban,Bengaluru,Tomato,Local,2024-02-27,1502,1913,1650,221.13
Karnataka,Bengaluru Urban,Bengaluru,Tomato,Local,2024-02-28,1319,1557,1436,280.85
Karnataka,Bengaluru Urban,Bengaluru,Tomato,Local,2024-02-29,1444,1753,1597,261.05
Karnataka,Bengaluru Urban,Bengaluru,Tomato,Local,2024-03-01,1212,1630,1419,280.16
Karnataka,Bengaluru Urban,Bengaluru,Tomato,Local,2024-03-02,1404,1735,1594,247.18
Karnataka,Bengaluru Urban,Bengaluru,Tomato,Local,2024-03-03,1365,1814,1578,269.39
Karnataka,Bengaluru Urban,Bengaluru,Tomato,Local,2024-03-04,1517,1986,1710,235.55
Karnataka,Bengaluru Urban,Bengaluru,Tomato,Local,2024-03-05,1248,1690,1454,284.94
Karnataka,Bengaluru Urban,Bengaluru,Tomato,Local,2024-03-06,1356,1800,1543,272.5
Karnataka,Bengaluru Urban,Bengaluru,Tomato,Local,2024-03-07,1114,1473,1262,318.78
Karnataka,Bengaluru Urban,Bengaluru,Tomato,Local,2024-03-08,1303,1641,1495,286.67
Karnataka,Bengaluru Urban,Bengaluru,Tomato,Local,2024-03-09,1187,1448,1301,309.0
Karnataka,Bengaluru Urban,Bengaluru,Tomato,Local,2024-03-10,1340,1689,1523,260.6
Karnataka,Bengaluru Urban,Bengaluru,Tomato,Local,2024-03-11,1141,1504,1289,275.23
Karnataka,Bengaluru Urban,Bengaluru,Tomato,Local,2024-03-12,1526,2088,1772,258.1
Karnataka,Bengaluru Urban,Bengaluru,Tomato,Local,2024-03-13,1125,1415,1246,316.22
Karnataka,Bengaluru Urban,Bengaluru,Tomato,Local,2024-03-14,927,1109,1016,362.97
Karnataka,Bengaluru Urban,Bengaluru,Tomato,Local,2024-03-15,1171,1485,1325,314.91
Karnataka,Bengaluru Urban,Bengaluru,Tomato,Local,2024-03-16,1218,1511,1367,277.26
Karnataka,Bengaluru Urban,Bengaluru,Tomato,Local,2024-03-17,1314,1611,1497,262.7
Karnataka,Bengaluru Urban,Bengaluru,Tomato,Local,2024-03-18,964,1189,1111,336.21
Karnataka,Bengaluru Urban,Bengaluru,Tomato,Local,2024-03-19,945,1184,1099,368.15
Karnataka,Bengaluru Urban,Bengaluru,Tomato,Local,2024-03-20,1100,1347,1244,320.85
Karnataka,Bengaluru Urban,Bengaluru,Tomato,Local,2024-03-21,756,978,859,463.68
Karnataka,Bengaluru Urban,Bengaluru,Tomato,Local,2024-03-22,928,1283,1088,368.91
Karnataka,Bengaluru Urban,Bengaluru,Tomato,Local,2024-03-23,1188,1515,1354,285.74
Karnataka,Bengaluru Urban,Bengaluru,Tomato,Local,2024-03-24,1215,1540,1322,330.18
Karnataka,Bengaluru Urban,Bengaluru,Tomato,Local,2024-03-25,1012,1342,1139,347.34
Karnataka,Bengaluru Urban,Bengaluru,Tomato,Local,2024-03-26,908,1199,1017,401.73
Karnataka,Bengaluru Urban,Bengaluru,Tomato,Local,2024-03-27,837,1097,984,421.99
Karnataka,Bengaluru Urban,Bengaluru,Tomato,Local,2024-03-28,1071,1418,1221,316.03
Karnataka,Bengaluru Urban,Bengaluru,Tomato,Local,2024-03-29,852,1086,996,386.19
Karnataka,Bengaluru Urban,Bengaluru,Tomato,Local,2024-03-30,742,934,840,478.5
Karnataka,Bengaluru Urban,Bengaluru,Tomato,Local,2024-03-31,804,1101,937,421.33
Karnataka,Bengaluru Urban,Bengaluru,Tomato,Local,2024-04-01,890,1125,1018,384.1
Karnataka,Bengaluru Urban,Bengaluru,Tomato,Local,2024-04-02,991,1314,1153,335.19
Karnataka,Bengaluru Urban,Bengaluru,Tomato,Local,2024-04-03,945,1297,1104,378.24
Karnataka,Bengaluru Urban,Bengaluru,Tomato,Local,2024-04-04,1000,1348,1158,335.78
Karnataka,Bengaluru Urban,Bengaluru,Tomato,Local,2024-04-05,971,1249,1065,366.95
Karnataka,Bengaluru Urban,Bengaluru,Tomato,Local,2024-04-06,902,1138,1033,386.53
Karnataka,Bengaluru Urban,Bengaluru,Tomato,Local,2024-04-07,888,1081,994,374.39
Karnataka,Bengaluru Urban,Bengaluru,Tomato,Local,2024-04-08,755,971,863,466.57
Karnataka,Bengaluru Urban,Bengaluru,Tomato,Local,2024-04-09,1027,1238,1139,359.84
Karnataka,Bengaluru Urban,Bengaluru,Tomato,Local,2024-04-10,799,1013,908,437.59
Karnataka,Bengaluru Urban,Bengaluru,Tomato,Local,2024-04-11,842,1084,974,404.71
Karnataka,Bengaluru Urban,Bengaluru,Tomato,Local,2024-04-12,898,1075,967,413.55
Karnataka,Bengaluru Urban,Bengaluru,Tomato,Local,2024-04-13,831,1007,923,446.61
Karnataka,Bengaluru Urban,Bengaluru,Tomato,Local,2024-04-14,1152,1491,1347,301.2
Karnataka,Bengaluru Urban,Bengaluru,Tomato,Local,2024-04-15,985,1218,1121,331.91
Karnataka,Bengaluru Urban,Bengaluru,Tomato,Local,2024-04-16,1055,1299,1198,336.25
Karnataka,Bengaluru Urban,Bengaluru,Tomato,Local,2024-04-17,802,1047,918,420.73
Karnataka,Bengaluru Urban,Bengaluru,Tomato,Local,2024-04-18,1098,1450,1249,329.48
Karnataka,Bengaluru Urban,Bengaluru,Tomato,Local,2024-04-19,898,1070,982,381.76
Karnataka,Bengaluru Urban,Bengaluru,Tomato,Local,2024-04-20,1020,1372,1197,314.22
Karnataka,Bengaluru Urban,Bengaluru,Tomato,Local,2024-04-21,985,1202,1096,359.04
Karnataka,Bengaluru Urban,Bengaluru,Tomato,Local,2024-04-22,725,927,841,467.94
Karnataka,Bengaluru Urban,Bengaluru,Tomato,Local,2024-04-23,857,1101,997,393.96
Karnataka,Bengaluru Urban,Bengaluru,Tomato,Local,2024-04-24,963,1183,1046,403.39
Karnataka,Bengaluru Urban,Bengaluru,Tomato,Local,2024-04-25,681,924,789,504.27
Karnataka,Bengaluru Urban,Bengaluru,Tomato,Local,2024-04-26,758,921,832,453.81
Karnataka,Bengaluru Urban,Bengaluru,Tomato,Local,2024-04-27,973,1251,1139,351.32
Karnataka,Bengaluru Urban,Bengaluru,Tomato,Local,2024-04-28,834,1074,917,428.9
Karnataka,Bengaluru Urban,Bengaluru,Tomato,Local,2024-04-29,622,751,671,576.81
Karnataka,Bengaluru Urban,Bengaluru,Tomato,Local,2024-04-30,617,758,669,589.5
Karnataka,Bengaluru Urban,Bengaluru,Tomato,Local,2024-05-01,969,1234,1104,367.43
Karnataka,Bengaluru Urban,Bengaluru,Tomato,Local,2024-05-02,861,1107,943,434.96
Karnataka,Bengaluru Urban,Bengaluru,Tomato,Local,2024-05-03,1108,1410,1212,337.39
Karnataka,Bengaluru Urban,Bengaluru,Tomato,Local,2024-05-04,813,1055,922,427.55
Karnataka,Bengaluru Urban,Bengaluru,Tomato,Local,2024-05-05,1230,1596,1400,278.03
Karnataka,Bengaluru Urban,Bengaluru,Tomato,Local,2024-05-06,937,1145,1048,366.81
Karnataka,Bengaluru Urban,Bengaluru,Tomato,Local,2024-05-07,1035,1274,1165,327.24
Karnataka,Bengaluru Urban,Bengaluru,Tomato,Local,2024-05-08,892,1173,1004,402.65
Karnataka,Bengaluru Urban,Bengaluru,Tomato,Local,2024-05-09,1130,1454,1299,308.21
Karnataka,Bengaluru Urban,Bengaluru,Tomato,Local,2024-05-10,837,1058,985,396.98
Karnataka,Bengaluru Urban,Bengaluru,Tomato,Local,2024-05-11,1048,1274,1172,344.82
Karnataka,Bengaluru Urban,Bengaluru,Tomato,Local,2024-05-12,1166,1481,1283,331.57
Karnataka,Bengaluru Urban,Bengaluru,Tomato,Local,2024-05-13,874,1137,996,403.42
Karnataka,Bengaluru Urban,Bengaluru,Tomato,Local,2024-05-14,906,1124,990,388.41
Karnataka,Bengaluru Urban,Bengaluru,Tomato,Local,2024-05-15,880,1061,958,377.51
Karnataka,Bengaluru Urban,Bengaluru,Tomato,Local,2024-05-16,980,1267,1134,355.63
Karnataka,Bengaluru Urban,Bengaluru,Tomato,Local,2024-05-17,1014,1295,1136,336.08
Karnataka,Bengaluru Urban,Bengaluru,Tomato,Local,2024-05-18,835,1081,978,395.74
Karnataka,Bengaluru Urban,Bengaluru,Tomato,Local,2024-05-19,1255,1553,1389,287.89
Karnataka,Bengaluru Urban,Bengaluru,Tomato,Local,2024-05-20,902,1115,1036,393.77
Karnataka,Bengaluru Urban,Bengaluru,Tomato,Local,2024-05-21,869,1122,994,403.84
Karnataka,Bengaluru Urban,Bengaluru,Tomato,Local,2024-05-22,1204,1551,1395,303.23
Karnataka,Bengaluru Urban,Bengaluru,Tomato,Local,2024-05-23,1046,1350,1152,345.05
Karnataka,Bengaluru Urban,Bengaluru,Tomato,Local,2024-05-24,1025,1354,1184,356.17
Karnataka,Bengaluru Urban,Bengaluru,Tomato,Local,2024-05-25,1174,1489,1320,324.61
Karnataka,Bengaluru Urban,Bengaluru,Tomato,Local,2024-05-26,1135,1519,1311,270.83
Karnataka,Bengaluru Urban,Bengaluru,Tomato,Local,2024-05-27,1213,1509,1371,277.22
Karnataka,Bengaluru Urban,Bengaluru,Tomato,Local,2024-05-28,781,990,845,479.91
Karnataka,Bengaluru Urban,Bengaluru,Tomato,Local,2024-05-29,764,903,841,471.29
Karnataka,Bengaluru Urban,Bengaluru,Tomato,Local,2024-05-30,784,910,849,461.63
Karnataka,Bengaluru Urban,Bengaluru,Tomato,Local,2024-05-31,1259,1528,1416,285.07
Karnataka,Bengaluru Urban,Bengaluru,Tomato,Local,2024-06-01,1063,1296,1182,342.11
Karnataka,Bengaluru Urban,Bengaluru,Tomato,Local,2024-06-02,799,1010,934,414.53
Karnataka,Bengaluru Urban,Bengaluru,Tomato,Local,2024-06-03,932,1212,1077,377.19
Karnataka,Bengaluru Urban,Bengaluru,Tomato,Local,2024-06-04,907,1144,1063,375.51
Karnataka,Bengaluru Urban,Bengaluru,Tomato,Local,2024-06-05,1110,1330,1210,318.59
Karnataka,Bengaluru Urban,Bengaluru,Tomato,Local,2024-06-06,1023,1309,1155,341.54
Karnataka,Bengaluru Urban,Bengaluru,Tomato,Local,2024-06-07,845,1045,966,421.69
Karnataka,Bengaluru Urban,Bengaluru,Tomato,Local,2024-06-08,1037,1339,1138,344.08
Karnataka,Bengaluru Urban,Bengaluru,Tomato,Local,2024-06-09,1446,1888,1657,251.02
Karnataka,Bengaluru Urban,Bengaluru,Tomato,Local,2024-06-10,962,1163,1056,332.41
Karnataka,Bengaluru Urban,Bengaluru,Tomato,Local,2024-06-11,1170,1538,1369,285.94
Karnataka,Bengaluru Urban,Bengaluru,Tomato,Local,2024-06-12,1192,1464,1334,308.34
Karnataka,Bengaluru Urban,Bengaluru,Tomato,Local,2024-06-13,1303,1640,1456,265.75
Karnataka,Bengaluru Urban,Bengaluru,Tomato,Local,2024-06-14,1179,1416,1313,307.5
Karnataka,Bengaluru Urban,Bengaluru,Tomato,Local,2024-06-15,1264,1529,1411,283.57
Karnataka,Bengaluru Urban,Bengaluru,Tomato,Local,2024-06-16,1521,2012,1724,236.43
Karnataka,Bengaluru Urban,Bengaluru,Tomato,Local,2024-06-17,1288,1552,1431,280.92
Karnataka,Bengaluru Urban,Bengaluru,Tomato,Local,2024-06-18,1138,1422,1233,311.67
Karnataka,Bengaluru Urban,Bengaluru,Tomato,Local,2024-06-19,1053,1405,1218,340.93
Karnataka,Bengaluru Urban,Bengaluru,Tomato,Local,2024-06-20,1060,1267,1179,333.7
Karnataka,Bengaluru Urban,Bengaluru,Tomato,Local,2024-06-21,1181,1614,1370,258.94
Karnataka,Bengaluru Urban,Bengaluru,Tomato,Local,2024-06-22,1195,1593,1380,282.37
Karnataka,Bengaluru Urban,Bengaluru,Tomato,Local,2024-06-23,1580,1992,1855,184.8
Karnataka,Bengaluru Urban,Bengaluru,Tomato,Local,2024-06-24,1486,1742,1614,241.99
Karnataka,Bengaluru Urban,Bengaluru,Tomato,Local,2024-06-25,1419,1871,1611,247.01
Karnataka,Bengaluru Urban,Bengaluru,Tomato,Local,2024-06-26,1233,1467,1333,318.38
Karnataka,Bengaluru Urban,Bengaluru,Tomato,Local,2024-06-27,1547,1990,1698,217.74
Karnataka,Bengaluru Urban,Bengaluru,Tomato,Local,2024-06-28,1470,1742,1617,236.05
Karnataka,Bengaluru Urban,Bengaluru,Tomato,Local,2024-06-29,1152,1553,1318,288.77
Karnataka,Bengaluru Urban,Bengaluru,Tomato,Local,2024-06-30,1775,2125,1912,220.41
Karnataka,Bengaluru Urban,Bengaluru,Tomato,Local,2024-07-01,1361,1613,1480,287.92
Karnataka,Bengaluru Urban,Bengaluru,Tomato,Local,2024-07-02,1553,2003,1762,213.08
Karnataka,Bengaluru Urban,Bengaluru,Tomato,Local,2024-07-03,1607,1992,1851,208.35
Karnataka,Bengaluru Urban,Bengaluru,Tomato,Local,2024-07-04,1369,1759,1586,221.33
Karnataka,Bengaluru Urban,Bengaluru,Tomato,Local,2024-07-05,1388,1807,1548,253.75
Karnataka,Bengaluru Urban,Bengaluru,Tomato,Local,2024-07-06,1536,1899,1701,216.37
Karnataka,Bengaluru Urban,Bengaluru,Tomato,Local,2024-07-07,1523,1832,1711,256.29
Karnataka,Bengaluru Urban,Bengaluru,Tomato,Local,2024-07-08,1535,1998,1799,239.2
Karnataka,Bengaluru Urban,Bengaluru,Tomato,Local,2024-07-09,1510,1984,1696,238.56
Karnataka,Bengaluru Urban,Bengaluru,Tomato,Local,2024-07-10,1658,2113,1814,242.88
Karnataka,Bengaluru Urban,Bengaluru,Tomato,Local,2024-07-11,1330,1776,1510,222.79
Karnataka,Bengaluru Urban,Bengaluru,Tomato,Local,2024-07-12,1542,1884,1678,239.65
Karnataka,Bengaluru Urban,Bengaluru,Tomato,Local,2024-07-13,1577,2082,1785,210.64
Karnataka,Bengaluru Urban,Bengaluru,Tomato,Local,2024-07-14,1805,2171,2018,189.07
Karnataka,Bengaluru Urban,Bengaluru,Tomato,Local,2024-07-15,1535,1972,1758,232.45
Karnataka,Bengaluru Urban,Bengaluru,Tomato,Local,2024-07-16,1522,1907,1759,237.04
Karnataka,Bengaluru Urban,Bengaluru,Tomato,Local,2024-07-17,1766,2178,1989,188.42
Karnataka,Bengaluru Urban,Bengaluru,Tomato,Local,2024-07-18,1652,1978,1786,207.23
Karnataka,Bengaluru Urban,Bengaluru,Tomato,Local,2024-07-19,1620,2189,1874,215.92
Karnataka,Bengaluru Urban,Bengaluru,Tomato,Local,2024-07-20,2011,2328,2165,177.77
Karnataka,Bengaluru Urban,Bengaluru,Tomato,Local,2024-07-21,1834,2292,2102,180.75
Karnataka,Bengaluru Urban,Bengaluru,Tomato,Local,2024-07-22,1603,2053,1806,224.66
Karnataka,Bengaluru Urban,Bengaluru,Tomato,Local,2024-07-23,1719,2017,1883,209.36
Karnataka,Bengaluru Urban,Bengaluru,Tomato,Local,2024-07-24,1790,2284,2023,199.7
Karnataka,Bengaluru Urban,Bengaluru,Tomato,Local,2024-07-25,1495,1896,1623,236.55
Karnataka,Bengaluru Urban,Bengaluru,Tomato,Local,2024-07-26,1999,2543,2163,159.59
Karnataka,Bengaluru Urban,Bengaluru,Tomato,Local,2024-07-27,1365,1840,1565,261.6
Karnataka,Bengaluru Urban,Bengaluru,Tomato,Local,2024-07-28,1937,2444,2220,162.03
Karnataka,Bengaluru Urban,Bengaluru,Tomato,Local,2024-07-29,1729,2194,2018,186.84
Karnataka,Bengaluru Urban,Bengaluru,Tomato,Local,2024-07-30,1866,2368,2143,141.97
Karnataka,Bengaluru Urban,Bengaluru,Tomato,Local,2024-07-31,1899,2404,2048,185.29
Karnataka,Bengaluru Urban,Bengaluru,Tomato,Local,2024-08-01,2052,2381,2224,150.17
Karnataka,Bengaluru Urban,Bengaluru,Tomato,Local,2024-08-02,1811,2337,2128,194.47
Karnataka,Bengaluru Urban,Bengaluru,Tomato,Local,2024-08-03,2197,2852,2418,156.55
Karnataka,Bengaluru Urban,Bengaluru,Tomato,Local,2024-08-04,2102,2625,2355,141.09
Karnataka,Bengaluru Urban,Bengaluru,Tomato,Local,2024-08-05,1907,2325,2123,204.21
Karnataka,Bengaluru Urban,Bengaluru,Tomato,Local,2024-08-06,2203,2914,2472,166.49
Karnataka,Bengaluru Urban,Bengaluru,Tomato,Local,2024-08-07,1799,2148,1973,221.04
Karnataka,Bengaluru Urban,Bengaluru,Tomato,Local,2024-08-08,1762,2303,1992,181.1
Karnataka,Bengaluru Urban,Bengaluru,Tomato,Local,2024-08-09,2205,2726,2461,159.74
Karnataka,Bengaluru Urban,Bengaluru,Tomato,Local,2024-08-10,1885,2445,2172,192.8
Karnataka,Bengaluru Urban,Bengaluru,Tomato,Local,2024-08-11,2172,2886,2453,194.38
Karnataka,Bengaluru Urban,Bengaluru,Tomato,Local,2024-08-12,2072,2725,2406,167.75
Karnataka,Bengaluru Urban,Bengaluru,Tomato,Local,2024-08-13,2130,2607,2347,184.26
Karnataka,Bengaluru Urban,Bengaluru,Tomato,Local,2024-08-14,2041,2698,2315,157.74
Karnataka,Bengaluru Urban,Bengaluru,Tomato,Local,2024-08-15,2281,2752,2460,156.6
Karnataka,Bengaluru Urban,Bengaluru,Tomato,Local,2024-08-16,2177,2647,2406,134.66
Karnataka,Bengaluru Urban,Bengaluru,Tomato,Local,2024-08-17,2072,2606,2359,160.01
Karnataka,Bengaluru Urban,Bengaluru,Tomato,Local,2024-08-18,1940,2475,2242,175.11
Karnataka,Bengaluru Urban,Bengaluru,Tomato,Local,2024-08-19,2083,2666,2352,173.83
Karnataka,Bengaluru Urban,Bengaluru,Tomato,Local,2024-08-20,2338,2809,2602,166.79
Karnataka,Bengaluru Urban,Bengaluru,Tomato,Local,2024-08-21,2133,2736,2376,169.45
Karnataka,Bengaluru Urban,Bengaluru,Tomato,Local,2024-08-22,2163,2950,2537,149.64
Karnataka,Bengaluru Urban,Bengaluru,Tomato,Local,2024-08-23,1940,2648,2254,172.56
Karnataka,Bengaluru Urban,Bengaluru,Tomato,Local,2024-08-24,2389,2898,2674,125.19
Karnataka,Bengaluru Urban,Bengaluru,Tomato,Local,2024-08-25,2177,2800,2511,145.82
Karnataka,Bengaluru Urban,Bengaluru,Tomato,Local,2024-08-26,2047,2591,2328,180.65
Karnataka,Bengaluru Urban,Bengaluru,Tomato,Local,2024-08-27,2092,2701,2445,172.94
Karnataka,Bengaluru Urban,Bengaluru,Tomato,Local,2024-08-28,2336,2982,2561,128.44
Karnataka,Bengaluru Urban,Bengaluru,Tomato,Local,2024-08-29,2270,2770,2508,172.98
Karnataka,Bengaluru Urban,Bengaluru,Tomato,Local,2024-08-30,2219,2908,2608,146.79
Karnataka,Bengaluru Urban,Bengaluru,Tomato,Local,2024-08-31,2536,3071,2783,126.14
Karnataka,Bengaluru Urban,Bengaluru,Tomato,Local,2024-09-01,2369,3076,2675,161.55
Karnataka,Bengaluru Urban,Bengaluru,Tomato,Local,2024-09-02,2410,3139,2681,130.4
Karnataka,Bengaluru Urban,Bengaluru,Tomato,Local,2024-09-03,2430,2986,2714,136.23
Karnataka,Bengaluru Urban,Bengaluru,Tomato,Local,2024-09-04,2105,2742,2348,163.89
Karnataka,Bengaluru Urban,Bengaluru,Tomato,Local,2024-09-05,2642,3187,2963,149.02
Karnataka,Bengaluru Urban,Bengaluru,Tomato,Local,2024-09-06,2343,2919,2678,124.14
Karnataka,Bengaluru Urban,Bengaluru,Tomato,Local,2024-09-07,2083,2683,2393,166.2
Karnataka,Bengaluru Urban,Bengaluru,Tomato,Local,2024-09-08,2509,3377,2923,146.22
Karnataka,Bengaluru Urban,Bengaluru,Tomato,Local,2024-09-09,2375,3153,2764,153.47
Karnataka,Bengaluru Urban,Bengaluru,Tomato,Local,2024-09-10,2507,3115,2780,160.38
Karnataka,Bengaluru Urban,Bengaluru,Tomato,Local,2024-09-11,2408,2883,2672,148.69
Karnataka,Bengaluru Urban,Bengaluru,Tomato,Local,2024-09-12,2236,2714,2502,150.08
Karnataka,Bengaluru Urban,Bengaluru,Tomato,Local,2024-09-13,2524,3163,2925,145.07
Karnataka,Bengaluru Urban,Bengaluru,Tomato,Local,2024-09-14,2088,2776,2432,193.46
Karnataka,Bengaluru Urban,Bengaluru,Tomato,Local,2024-09-15,2677,3207,2974,135.8
Karnataka,Bengaluru Urban,Bengaluru,Tomato,Local,2024-09-16,2326,2971,2671,142.19
Karnataka,Bengaluru Urban,Bengaluru,Tomato,Local,2024-09-17,2608,3266,2845,147.97
Karnataka,Bengaluru Urban,Bengaluru,Tomato,Local,2024-09-18,2514,3287,2883,129.37
Karnataka,Bengaluru Urban,Bengaluru,Tomato,Local,2024-09-19,2506,2908,2711,131.61
Karnataka,Bengaluru Urban,Bengaluru,Tomato,Local,2024-09-20,2768,3554,3019,145.31
Karnataka,Bengaluru Urban,Bengaluru,Tomato,Local,2024-09-21,2651,3187,2940,150.77
Karnataka,Bengaluru Urban,Bengaluru,Tomato,Local,2024-09-22,2567,3340,3009,144.31
Karnataka,Bengaluru Urban,Bengaluru,Tomato,Local,2024-09-23,2588,3141,2919,148.81
Karnataka,Bengaluru Urban,Bengaluru,Tomato,Local,2024-09-24,2532,3124,2739,107.11
Karnataka,Bengaluru Urban,Bengaluru,Tomato,Local,2024-09-25,2520,3467,2946,105.18
Karnataka,Bengaluru Urban,Bengaluru,Tomato,Local,2024-09-26,2516,3279,2864,104.99
Karnataka,Bengaluru Urban,Bengaluru,Tomato,Local,2024-09-27,2714,3440,3114,141.36
Karnataka,Bengaluru Urban,Bengaluru,Tomato,Local,2024-09-28,2548,3392,2987,119.91
Karnataka,Bengaluru Urban,Bengaluru,Tomato,Local,2024-09-29,2420,3232,2826,106.67
Karnataka,Bengaluru Urban,Bengaluru,Tomato,Local,2024-09-30,2490,3275,2818,150.96
Karnataka,Bengaluru Urban,Bengaluru,Tomato,Local,2024-10-01,2600,3173,2908,143.68
Karnataka,Bengaluru Urban,Bengaluru,Tomato,Local,2024-10-02,2604,3547,3050,140.04
Karnataka,Bengaluru Urban,Bengaluru,Tomato,Local,2024-10-03,2399,2899,2684,136.12
Karnataka,Bengaluru Urban,Bengaluru,Tomato,Local,2024-10-04,2641,3331,3054,152.12
Karnataka,Bengaluru Urban,Bengaluru,Tomato,Local,2024-10-05,2691,3399,3161,129.73
Karnataka,Bengaluru Urban,Bengaluru,Tomato,Local,2024-10-06,2923,3698,3336,123.04
Karnataka,Bengaluru Urban,Bengaluru,Tomato,Local,2024-10-07,2317,3129,2719,155.57
Karnataka,Bengaluru Urban,Bengaluru,Tomato,Local,2024-10-08,2897,3646,3186,152.03
Karnataka,Bengaluru Urban,Bengaluru,Tomato,Local,2024-10-09,2517,3174,2927,117.95
Karnataka,Bengaluru Urban,Bengaluru,Tomato,Local,2024-10-10,2917,3585,3147,132.1
Karnataka,Bengaluru Urban,Bengaluru,Tomato,Local,2024-10-11,2764,3552,3073,148.12
Karnataka,Bengaluru Urban,Bengaluru,Tomato,Local,2024-10-12,2698,3638,3157,133.15
Karnataka,Bengaluru Urban,Bengaluru,Tomato,Local,2024-10-13,2807,3441,3115,138.48
Karnataka,Bengaluru Urban,Bengaluru,Tomato,Local,2024-10-14,2549,3061,2810,145.21
Karnataka,Bengaluru Urban,Bengaluru,Tomato,Local,2024-10-15,2805,3321,3038,106.43
Karnataka,Bengaluru Urban,Bengaluru,Tomato,Local,2024-10-16,2768,3640,3110,118.66
Karnataka,Bengaluru Urban,Bengaluru,Tomato,Local,2024-10-17,2701,3381,3110,112.97
Karnataka,Bengaluru Urban,Bengaluru,Tomato,Local,2024-10-18,2897,3513,3182,149.61
Karnataka,Bengaluru Urban,Bengaluru,Tomato,Local,2024-10-19,2536,3010,2731,127.09
Karnataka,Bengaluru Urban,Bengaluru,Tomato,Local,2024-10-20,2745,3366,3066,108.87
Karnataka,Bengaluru Urban,Bengaluru,Tomato,Local,2024-10-21,2747,3223,2980,138.58
Karnataka,Bengaluru Urban,Bengaluru,Tomato,Local,2024-10-22,2735,3726,3167,129.02
Karnataka,Bengaluru Urban,Bengaluru,Tomato,Local,2024-10-23,2861,3490,3164,124.12
Karnataka,Bengaluru Urban,Bengaluru,Tomato,Local,2024-10-24,2554,3235,2979,118.9
Karnataka,Bengaluru Urban,Bengaluru,Tomato,Local,2024-10-25,2779,3302,3042,116.49
Karnataka,Bengaluru Urban,Bengaluru,Tomato,Local,2024-10-26,2703,3374,3122,113.37
Karnataka,Bengaluru Urban,Bengaluru,Tomato,Local,2024-10-27,2840,3553,3147,141.95
Karnataka,Bengaluru Urban,Bengaluru,Tomato,Local,2024-10-28,2878,3514,3197,141.03
Karnataka,Bengaluru Urban,Bengaluru,Tomato,Local,2024-10-29,2821,3468,3062,121.06
Karnataka,Bengaluru Urban,Bengaluru,Tomato,Local,2024-10-30,2843,3704,3145,112.74
Karnataka,Bengaluru Urban,Bengaluru,Tomato,Local,2024-10-31,2731,3677,3181,114.93
Karnataka,Bengaluru Urban,Bengaluru,Tomato,Local,2024-11-01,2734,3392,3036,141.93
Karnataka,Bengaluru Urban,Bengaluru,Tomato,Local,2024-11-02,2545,3277,2794,132.77
Karnataka,Bengaluru Urban,Bengaluru,Tomato,Local,2024-11-03,2847,3525,3272,129.79
Karnataka,Bengaluru Urban,Bengaluru,Tomato,Local,2024-11-04,2770,3535,3076,125.27
Karnataka,Bengaluru Urban,Bengaluru,Tomato,Local,2024-11-05,2721,3548,3193,109.53
Karnataka,Bengaluru Urban,Bengaluru,Tomato,Local,2024-11-06,2664,3188,2909,141.53
Karnataka,Bengaluru Urban,Bengaluru,Tomato,Local,2024-11-07,2601,3134,2897,162.48
Karnataka,Bengaluru Urban,Bengaluru,Tomato,Local,2024-11-08,2951,3469,3173,116.24
Karnataka,Bengaluru Urban,Bengaluru,Tomato,Local,2024-11-09,2948,3722,3179,106.13
Karnataka,Bengaluru Urban,Bengaluru,Tomato,Local,2024-11-10,2941,4022,3416,116.14
Karnataka,Bengaluru Urban,Bengaluru,Tomato,Local,2024-11-11,2532,3368,2904,131.88
Karnataka,Bengaluru Urban,Bengaluru,Tomato,Local,2024-11-12,2568,3448,2927,131.97
Karnataka,Bengaluru Urban,Bengaluru,Tomato,Local,2024-11-13,2468,3369,2859,165.82
Karnataka,Bengaluru Urban,Bengaluru,Tomato,Local,2024-11-14,2521,3171,2946,146.89
Karnataka,Bengaluru Urban,Bengaluru,Tomato,Local,2024-11-15,2826,3438,3057,114.77
Karnataka,Bengaluru Urban,Bengaluru,Tomato,Local,2024-11-16,2714,3443,2993,150.21
Karnataka,Bengaluru Urban,Bengaluru,Tomato,Local,2024-11-17,2789,3337,3096,111.71
Karnataka,Bengaluru Urban,Bengaluru,Tomato,Local,2024-11-18,2827,3413,3041,97.65
Karnataka,Bengaluru Urban,Bengaluru,Tomato,Local,2024-11-19,2706,3363,2962,153.06
Karnataka,Bengaluru Urban,Bengaluru,Tomato,Local,2024-11-20,2664,3378,2965,147.62
Karnataka,Bengaluru Urban,Bengaluru,Tomato,Local,2024-11-21,2424,3030,2827,136.27
Karnataka,Bengaluru Urban,Bengaluru,Tomato,Local,2024-11-22,2542,3375,2932,142.4
Karnataka,Bengaluru Urban,Bengaluru,Tomato,Local,2024-11-23,2578,3511,2987,102.28
Karnataka,Bengaluru Urban,Bengaluru,Tomato,Local,2024-11-24,2874,3573,3336,111.02
Karnataka,Bengaluru Urban,Bengaluru,Tomato,Local,2024-11-25,2588,3291,2920,130.97
Karnataka,Bengaluru Urban,Bengaluru,Tomato,Local,2024-11-26,2678,3301,2951,132.6
Karnataka,Bengaluru Urban,Bengaluru,Tomato,Local,2024-11-27,2573,3191,2812,152.4
Karnataka,Bengaluru Urban,Bengaluru,Tomato,Local,2024-11-28,2554,3295,2837,128.59
Karnataka,Bengaluru Urban,Bengaluru,Tomato,Local,2024-11-29,2480,3084,2697,138.74
Karnataka,Bengaluru Urban,Bengaluru,Tomato,Local,2024-11-30,2441,3210,2818,96.81
Karnataka,Bengaluru Urban,Bengaluru,Tomato,Local,2024-12-01,2469,3229,2758,101.1
Karnataka,Bengaluru Urban,Bengaluru,Tomato,Local,2024-12-02,2556,3196,2817,161.41
Karnataka,Bengaluru Urban,Bengaluru,Tomato,Local,2024-12-03,2379,2942,2682,147.13
Karnataka,Bengaluru Urban,Bengaluru,Tomato,Local,2024-12-04,2634,3210,2844,148.64
Karnataka,Bengaluru Urban,Bengaluru,Tomato,Local,2024-12-05,2561,3308,2977,165.34
Karnataka,Bengaluru Urban,Bengaluru,Tomato,Local,2024-12-06,2567,3349,2898,124.61
Karnataka,Bengaluru Urban,Bengaluru,Tomato,Local,2024-12-07,2440,3240,2765,136.15
Karnataka,Bengaluru Urban,Bengaluru,Tomato,Local,2024-12-08,2579,3122,2893,161.86
Karnataka,Bengaluru Urban,Bengaluru,Tomato,Local,2024-12-09,2470,3383,2876,113.22
Karnataka,Bengaluru Urban,Bengaluru,Tomato,Local,2024-12-10,2512,3319,2889,121.25
Karnataka,Bengaluru Urban,Bengaluru,Tomato,Local,2024-12-11,2617,3399,2910,152.67
Karnataka,Bengaluru Urban,Bengaluru,Tomato,Local,2024-12-12,2400,3252,2759,134.88
Karnataka,Bengaluru Urban,Bengaluru,Tomato,Local,2024-12-13,2717,3283,3003,121.38
Karnataka,Bengaluru Urban,Bengaluru,Tomato,Local,2024-12-14,2341,2905,2651,135.13
Karnataka,Bengaluru Urban,Bengaluru,Tomato,Local,2024-12-15,2539,3100,2895,140.43
Karnataka,Bengaluru Urban,Bengaluru,Tomato,Local,2024-12-16,2446,3087,2838,147.44
Karnataka,Bengaluru Urban,Bengaluru,Tomato,Local,2024-12-17,2398,3198,2809,160.06
Karnataka,Bengaluru Urban,Bengaluru,Tomato,Local,2024-12-18,2344,2980,2571,132.35
Karnataka,Bengaluru Urban,Bengaluru,Tomato,Local,2024-12-19,2465,3226,2793,139.85
Karnataka,Bengaluru Urban,Bengaluru,Tomato,Local,2024-12-20,2617,3063,2837,139.0
Karnataka,Bengaluru Urban,Bengaluru,Tomato,Local,2024-12-21,2367,3012,2589,161.84
Karnataka,Bengaluru Urban,Bengaluru,Tomato,Local,2024-12-22,2415,3073,2828,139.46
Karnataka,Bengaluru Urban,Bengaluru,Tomato,Local,2024-12-23,2670,3174,2961,151.5
Karnataka,Bengaluru Urban,Bengaluru,Tomato,Local,2024-12-24,2481,3188,2747,145.83
Karnataka,Bengaluru Urban,Bengaluru,Tomato,Local,2024-12-25,2330,2956,2628,146.13
Karnataka,Bengaluru Urban,Bengaluru,Tomato,Local,2024-12-26,2352,3049,2642,142.56
Karnataka,Bengaluru Urban,Bengaluru,Tomato,Local,2024-12-27,2180,2632,2417,163.09
Karnataka,Bengaluru Urban,Bengaluru,Tomato,Local,2024-12-28,2264,3087,2625,165.22
Karnataka,Bengaluru Urban,Bengaluru,Tomato,Local,2024-12-29,2339,2852,2598,152.94
Karnataka,Bengaluru Urban,Bengaluru,Tomato,Local,2024-12-30,2394,2902,2579,160.98
Karnataka,Bengaluru Urban,Bengaluru,Tomato,Local,2024-12-31,2390,3138,2777,138.32
Karnataka,Bengaluru Urban,Bengaluru,Tomato,Local,2025-01-01,2126,2801,2407,165.99
Karnataka,Bengaluru Urban,Bengaluru,Tomato,Local,2025-01-02,2287,2695,2486,153.19
Karnataka,Bengaluru Urban,Bengaluru,Tomato,Local,2025-01-03,2183,2691,2426,167.66
Karnataka,Bengaluru Urban,Bengaluru,Tomato,Local,2025-01-04,2155,2620,2391,176.45
Karnataka,Bengaluru Urban,Bengaluru,Tomato,Local,2025-01-05,2345,3177,2726,151.03
Karnataka,Bengaluru Urban,Bengaluru,Tomato,Local,2025-01-06,1999,2459,2261,178.89
Karnataka,Bengaluru Urban,Bengaluru,Tomato,Local,2025-01-07,2231,2926,2599,164.32
Karnataka,Bengaluru Urban,Bengaluru,Tomato,Local,2025-01-08,2254,2811,2525,157.12
Karnataka,Bengaluru Urban,Bengaluru,Tomato,Local,2025-01-09,2139,2708,2409,182.42
Karnataka,Bengaluru Urban,Bengaluru,Tomato,Local,2025-01-10,2152,2699,2439,166.74
Karnataka,Bengaluru Urban,Bengaluru,Tomato,Local,2025-01-11,2428,3234,2794,137.15
Karnataka,Bengaluru Urban,Bengaluru,Tomato,Local,2025-01-12,1890,2413,2201,177.36
Karnataka,Bengaluru Urban,Bengaluru,Tomato,Local,2025-01-13,1970,2556,2281,177.57
Karnataka,Bengaluru Urban,Bengaluru,Tomato,Local,2025-01-14,2150,2668,2405,135.42
Karnataka,Bengaluru Urban,Bengaluru,Tomato,Local,2025-01-15,2105,2627,2392,164.69
Karnataka,Bengaluru Urban,Bengaluru,Tomato,Local,2025-01-16,2058,2469,2260,151.28
Karnataka,Bengaluru Urban,Bengaluru,Tomato,Local,2025-01-17,2190,2827,2497,152.3
Karnataka,Bengaluru Urban,Bengaluru,Tomato,Local,2025-01-18,2020,2752,2365,155.38
Karnataka,Bengaluru Urban,Bengaluru,Tomato,Local,2025-01-19,2148,2812,2446,158.18
Karnataka,Bengaluru Urban,Bengaluru,Tomato,Local,2025-01-20,1959,2481,2277,169.72
Karnataka,Bengaluru Urban,Bengaluru,Tomato,Local,2025-01-21,1808,2452,2089,189.35
Karnataka,Bengaluru Urban,Bengaluru,Tomato,Local,2025-01-22,2023,2475,2190,184.44
Karnataka,Bengaluru Urban,Bengaluru,Tomato,Local,2025-01-23,2095,2736,2321,154.86
Karnataka,Bengaluru Urban,Bengaluru,Tomato,Local,2025-01-24,1961,2485,2296,154.68
Karnataka,Bengaluru Urban,Bengaluru,Tomato,Local,2025-01-25,1993,2467,2237,186.32
Karnataka,Bengaluru Urban,Bengaluru,Tomato,Local,2025-01-26,1947,2551,2212,167.64
Karnataka,Bengaluru Urban,Bengaluru,Tomato,Local,2025-01-27,1655,2102,1944,204.84
Karnataka,Bengaluru Urban,Bengaluru,Tomato,Local,2025-01-28,1983,2549,2201,177.79
Karnataka,Bengaluru Urban,Bengaluru,Tomato,Local,2025-01-29,1507,2047,1755,217.7
Karnataka,Bengaluru Urban,Bengaluru,Tomato,Local,2025-01-30,1765,2226,1981,207.09
Karnataka,Bengaluru Urban,Bengaluru,Tomato,Local,2025-01-31,1908,2403,2128,188.32
Karnataka,Bengaluru Urban,Bengaluru,Tomato,Local,2025-02-01,1861,2512,2162,197.4
Karnataka,Bengaluru Urban,Bengaluru,Tomato,Local,2025-02-02,1821,2325,2093,176.81
Karnataka,Bengaluru Urban,Bengaluru,Tomato,Local,2025-02-03,1710,2283,1937,179.17
Karnataka,Bengaluru Urban,Bengaluru,Tomato,Local,2025-02-04,1711,2328,2003,189.87
Karnataka,Bengaluru Urban,Bengaluru,Tomato,Local,2025-02-05,2171,2641,2426,183.63
Karnataka,Bengaluru Urban,Bengaluru,Tomato,Local,2025-02-06,1667,2030,1857,198.03
Karnataka,Bengaluru Urban,Bengaluru,Tomato,Local,2025-02-07,1574,1986,1829,231.03
Karnataka,Bengaluru Urban,Bengaluru,Tomato,Local,2025-02-08,1884,2421,2064,212.47
Karnataka,Bengaluru Urban,Bengaluru,Tomato,Local,2025-02-09,1670,2233,1921,213.27
Karnataka,Bengaluru Urban,Bengaluru,Tomato,Local,2025-02-10,1585,1959,1716,254.91
Karnataka,Bengaluru Urban,Bengaluru,Tomato,Local,2025-02-11,1537,1874,1742,209.04
Karnataka,Bengaluru Urban,Bengaluru,Tomato,Local,2025-02-12,1491,1873,1690,234.17
Karnataka,Bengaluru Urban,Bengaluru,Tomato,Local,2025-02-13,1668,2147,1934,213.81
Karnataka,Bengaluru Urban,Bengaluru,Tomato,Local,2025-02-14,1520,1909,1663,232.52
Karnataka,Bengaluru Urban,Bengaluru,Tomato,Local,2025-02-15,1483,1967,1727,212.0
Karnataka,Bengaluru Urban,Bengaluru,Tomato,Local,2025-02-16,1665,2174,1858,233.01
Karnataka,Bengaluru Urban,Bengaluru,Tomato,Local,2025-02-17,1346,1778,1529,262.16
Karnataka,Bengaluru Urban,Bengaluru,Tomato,Local,2025-02-18,1799,2286,1957,221.74
Karnataka,Bengaluru Urban,Bengaluru,Tomato,Local,2025-02-19,1810,2260,1988,203.77
Karnataka,Bengaluru Urban,Bengaluru,Tomato,Local,2025-02-20,1625,1932,1790,213.71
Karnataka,Bengaluru Urban,Bengaluru,Tomato,Local,2025-02-21,1328,1623,1514,259.41
Karnataka,Bengaluru Urban,Bengaluru,Tomato,Local,2025-02-22,1670,2123,1857,180.38
Karnataka,Bengaluru Urban,Bengaluru,Tomato,Local,2025-02-23,1511,2046,1758,233.41
Karnataka,Bengaluru Urban,Bengaluru,Tomato,Local,2025-02-24,1498,1743,1613,263.96
Karnataka,Bengaluru Urban,Bengaluru,Tomato,Local,2025-02-25,1576,2104,1795,199.61
Karnataka,Bengaluru Urban,Bengaluru,Tomato,Local,2025-02-26,1476,1878,1645,229.81
Karnataka,Bengaluru Urban,Bengaluru,Tomato,Local,2025-02-27,1383,1645,1507,242.75
Karnataka,Bengaluru Urban,Bengaluru,Tomato,Local,2025-02-28,1494,1884,1640,260.26
Karnataka,Bengaluru Urban,Bengaluru,Tomato,Local,2025-03-01,1506,1831,1638,220.92
Karnataka,Bengaluru Urban,Bengaluru,Tomato,Local,2025-03-02,1479,1911,1717,238.18
Karnataka,Bengaluru Urban,Bengaluru,Tomato,Local,2025-03-03,1373,1742,1493,269.87
Karnataka,Bengaluru Urban,Bengaluru,Tomato,Local,2025-03-04,1316,1600,1449,269.76
Karnataka,Bengaluru Urban,Bengaluru,Tomato,Local,2025-03-05,1324,1722,1490,287.56
Karnataka,Bengaluru Urban,Bengaluru,Tomato,Local,2025-03-06,1205,1520,1369,257.97
Karnataka,Bengaluru Urban,Bengaluru,Tomato,Local,2025-03-07,1507,1933,1714,232.78
Karnataka,Bengaluru Urban,Bengaluru,Tomato,Local,2025-03-08,1146,1541,1314,314.68
Karnataka,Bengaluru Urban,Bengaluru,Tomato,Local,2025-03-09,1548,1842,1716,255.31
Karnataka,Bengaluru Urban,Bengaluru,Tomato,Local,2025-03-10,1293,1605,1447,309.55
Karnataka,Bengaluru Urban,Bengaluru,Tomato,Local,2025-03-11,1277,1548,1439,283.69
Karnataka,Bengaluru Urban,Bengaluru,Tomato,Local,2025-03-12,1348,1785,1550,302.18
Karnataka,Bengaluru Urban,Bengaluru,Tomato,Local,2025-03-13,1213,1507,1368,282.67
Karnataka,Bengaluru Urban,Bengaluru,Tomato,Local,2025-03-14,1380,1776,1530,239.71
Karnataka,Bengaluru Urban,Bengaluru,Tomato,Local,2025-03-15,1132,1529,1298,302.96
Karnataka,Bengaluru Urban,Bengaluru,Tomato,Local,2025-03-16,1519,2013,1786,232.73
Karnataka,Bengaluru Urban,Bengaluru,Tomato,Local,2025-03-17,1244,1585,1347,286.31
Karnataka,Bengaluru Urban,Bengaluru,Tomato,Local,2025-03-18,979,1210,1058,404.92
Karnataka,Bengaluru Urban,Bengaluru,Tomato,Local,2025-03-19,1178,1520,1355,281.22
Karnataka,Bengaluru Urban,Bengaluru,Tomato,Local,2025-03-20,1488,1843,1694,215.25
Karnataka,Bengaluru Urban,Bengaluru,Tomato,Local,2025-03-21,1387,1701,1536,258.03
Karnataka,Bengaluru Urban,Bengaluru,Tomato,Local,2025-03-22,1337,1684,1442,282.7
Karnataka,Bengaluru Urban,Bengaluru,Tomato,Local,2025-03-23,1347,1733,1580,286.55
Karnataka,Bengaluru Urban,Bengaluru,Tomato,Local,2025-03-24,1422,1831,1590,238.76
Karnataka,Bengaluru Urban,Bengaluru,Tomato,Local,2025-03-25,1181,1537,1378,261.99
Karnataka,Bengaluru Urban,Bengaluru,Tomato,Local,2025-03-26,1318,1561,1418,295.33
Karnataka,Bengaluru Urban,Bengaluru,Tomato,Local,2025-03-27,862,1134,974,406.24
Karnataka,Bengaluru Urban,Bengaluru,Tomato,Local,2025-03-28,1201,1616,1386,290.98
Karnataka,Bengaluru Urban,Bengaluru,Tomato,Local,2025-03-29,968,1274,1086,347.82
Karnataka,Bengaluru Urban,Bengaluru,Tomato,Local,2025-03-30,1276,1547,1389,278.74
Karnataka,Bengaluru Urban,Bengaluru,Tomato,Local,2025-03-31,1015,1349,1152,323.63
Karnataka,Bengaluru Urban,Bengaluru,Tomato,Local,2025-04-01,1160,1400,1249,341.17
Karnataka,Bengaluru Urban,Bengaluru,Tomato,Local,2025-04-02,981,1224,1060,370.29
Karnataka,Bengaluru Urban,Bengaluru,Tomato,Local,2025-04-03,1199,1550,1321,276.44
Karnataka,Bengaluru Urban,Bengaluru,Tomato,Local,2025-04-04,1121,1391,1229,337.77
Karnataka,Bengaluru Urban,Bengaluru,Tomato,Local,2025-04-05,918,1204,1067,373.17
Karnataka,Bengaluru Urban,Bengaluru,Tomato,Local,2025-04-06,1395,1689,1504,298.17
Karnataka,Bengaluru Urban,Bengaluru,Tomato,Local,2025-04-07,1070,1377,1167,328.63
Karnataka,Bengaluru Urban,Bengaluru,Tomato,Local,2025-04-08,853,1009,925,417.52
Karnataka,Bengaluru Urban,Bengaluru,Tomato,Local,2025-04-09,840,1090,984,428.0
Karnataka,Bengaluru Urban,Bengaluru,Tomato,Local,2025-04-10,1223,1452,1321,282.95
Karnataka,Bengaluru Urban,Bengaluru,Tomato,Local,2025-04-11,988,1233,1068,371.81
Karnataka,Bengaluru Urban,Bengaluru,Tomato,Local,2025-04-12,1201,1567,1332,304.82
Karnataka,Bengaluru Urban,Bengaluru,Tomato,Local,2025-04-13,1234,1499,1384,289.15
Karnataka,Bengaluru Urban,Bengaluru,Tomato,Local,2025-04-14,861,1077,959,414.15
Karnataka,Bengaluru Urban,Bengaluru,Tomato,Local,2025-04-15,1074,1290,1160,320.32
Karnataka,Bengaluru Urban,Bengaluru,Tomato,Local,2025-04-16,1269,1558,1413,271.41
Karnataka,Bengaluru Urban,Bengaluru,Tomato,Local,2025-04-17,883,1032,952,409.42
Karnataka,Bengaluru Urban,Bengaluru,Tomato,Local,2025-04-18,970,1292,1118,353.16
Karnataka,Bengaluru Urban,Bengaluru,Tomato,Local,2025-04-19,954,1290,1113,355.58
Karnataka,Bengaluru Urban,Bengaluru,Tomato,Local,2025-04-20,1216,1516,1324,300.56
Karnataka,Bengaluru Urban,Bengaluru,Tomato,Local,2025-04-21,1031,1269,1158,348.77
Karnataka,Bengaluru Urban,Bengaluru,Tomato,Local,2025-04-22,1132,1325,1219,335.79
Karnataka,Bengaluru Urban,Bengaluru,Tomato,Local,2025-04-23,952,1136,1042,370.15
Karnataka,Bengaluru Urban,Bengaluru,Tomato,Local,2025-04-24,1163,1520,1300,298.5
Karnataka,Bengaluru Urban,Bengaluru,Tomato,Local,2025-04-25,1016,1314,1125,348.83
Karnataka,Bengaluru Urban,Bengaluru,Tomato,Local,2025-04-26,1285,1720,1485,253.88
Karnataka,Bengaluru Urban,Bengaluru,Tomato,Local,2025-04-27,1041,1309,1163,340.34
Karnataka,Bengaluru Urban,Bengaluru,Tomato,Local,2025-04-28,935,1202,1066,354.53
Karnataka,Bengaluru Urban,Bengaluru,Tomato,Local,2025-04-29,1029,1298,1130,350.68
Karnataka,Bengaluru Urban,Bengaluru,Tomato,Local,2025-04-30,973,1256,1069,368.18
Karnataka,Bengaluru Urban,Bengaluru,Tomato,Local,2025-05-01,891,1167,1030,367.55
Karnataka,Bengaluru Urban,Bengaluru,Tomato,Local,2025-05-02,982,1227,1084,350.39
Karnataka,Bengaluru Urban,Bengaluru,Tomato,Local,2025-05-03,853,1020,953,387.73
Karnataka,Bengaluru Urban,Bengaluru,Tomato,Local,2025-05-04,1230,1465,1332,290.6
Karnataka,Bengaluru Urban,Bengaluru,Tomato,Local,2025-05-05,1158,1476,1258,285.46
Karnataka,Bengaluru Urban,Bengaluru,Tomato,Local,2025-05-06,993,1226,1099,363.53
Karnataka,Bengaluru Urban,Bengaluru,Tomato,Local,2025-05-07,919,1229,1062,372.26
Karnataka,Bengaluru Urban,Bengaluru,Tomato,Local,2025-05-08,778,1028,883,442.04
Karnataka,Bengaluru Urban,Bengaluru,Tomato,Local,2025-05-09,890,1137,1036,396.12
Karnataka,Bengaluru Urban,Bengaluru,Tomato,Local,2025-05-10,1061,1350,1189,344.61
Karnataka,Bengaluru Urban,Bengaluru,Tomato,Local,2025-05-11,1333,1619,1495,257.29
Karnataka,Bengaluru Urban,Bengaluru,Tomato,Local,2025-05-12,1055,1260,1141,330.89
Karnataka,Bengaluru Urban,Bengaluru,Tomato,Local,2025-05-13,1072,1324,1233,328.73
Karnataka,Bengaluru Urban,Bengaluru,Tomato,Local,2025-05-14,1063,1364,1228,314.87
Karnataka,Bengaluru Urban,Bengaluru,Tomato,Local,2025-05-15,1252,1624,1457,271.99
Karnataka,Bengaluru Urban,Bengaluru,Tomato,Local,2025-05-16,1497,1780,1635,226.1
Karnataka,Bengaluru Urban,Bengaluru,Tomato,Local,2025-05-17,1154,1480,1290,321.35
Karnataka,Bengaluru Urban,Bengaluru,Tomato,Local,2025-05-18,1081,1350,1197,326.97
Karnataka,Bengaluru Urban,Bengaluru,Tomato,Local,2025-05-19,878,1080,952,434.01
Karnataka,Bengaluru Urban,Bengaluru,Tomato,Local,2025-05-20,1095,1392,1203,316.54
Karnataka,Bengaluru Urban,Bengaluru,Tomato,Local,2025-05-21,1195,1529,1371,288.64
Karnataka,Bengaluru Urban,Bengaluru,Tomato,Local,2025-05-22,1161,1579,1355,298.61
Karnataka,Bengaluru Urban,Bengaluru,Tomato,Local,2025-05-23,951,1221,1094,353.9
Karnataka,Bengaluru Urban,Bengaluru,Tomato,Local,2025-05-24,968,1239,1124,335.31
Karnataka,Bengaluru Urban,Bengaluru,Tomato,Local,2025-05-25,1018,1336,1160,371.72
Karnataka,Bengaluru Urban,Bengaluru,Tomato,Local,2025-05-26,1098,1443,1253,322.3
Karnataka,Bengaluru Urban,Bengaluru,Tomato,Local,2025-05-27,1248,1545,1435,267.74
Karnataka,Bengaluru Urban,Bengaluru,Tomato,Local,2025-05-28,965,1217,1079,377.87
Karnataka,Bengaluru Urban,Bengaluru,Tomato,Local,2025-05-29,1018,1223,1108,367.88
Karnataka,Bengaluru Urban,Bengaluru,Tomato,Local,2025-05-30,962,1161,1077,348.75
Karnataka,Bengaluru Urban,Bengaluru,Tomato,Local,2025-05-31,1094,1402,1210,337.16
Karnataka,Bengaluru Urban,Bengaluru,Tomato,Local,2025-06-01,1543,1895,1709,237.95
Karnataka,Bengaluru Urban,Bengaluru,Tomato,Local,2025-06-02,1061,1365,1185,347.83
Karnataka,Bengaluru Urban,Bengaluru,Tomato,Local,2025-06-03,986,1290,1112,342.34
Karnataka,Bengaluru Urban,Bengaluru,Tomato,Local,2025-06-04,1226,1588,1358,302.99
Karnataka,Bengaluru Urban,Bengaluru,Tomato,Local,2025-06-05,1202,1539,1326,293.95
Karnataka,Bengaluru Urban,Bengaluru,Tomato,Local,2025-06-06,1139,1486,1329,314.2
Karnataka,Bengaluru Urban,Bengaluru,Tomato,Local,2025-06-07,1153,1364,1265,298.36
Karnataka,Bengaluru Urban,Bengaluru,Tomato,Local,2025-06-08,1346,1619,1499,282.68
Karnataka,Bengaluru Urban,Bengaluru,Tomato,Local,2025-06-09,1161,1452,1253,312.14
Karnataka,Bengaluru Urban,Bengaluru,Tomato,Local,2025-06-10,1098,1315,1187,330.31
Karnataka,Bengaluru Urban,Bengaluru,Tomato,Local,2025-06-11,1350,1562,1459,253.44
Karnataka,Bengaluru Urban,Bengaluru,Tomato,Local,2025-06-12,1421,1887,1600,250.65
Karnataka,Bengaluru Urban,Bengaluru,Tomato,Local,2025-06-13,1275,1530,1372,291.9
Karnataka,Bengaluru Urban,Bengaluru,Tomato,Local,2025-06-14,1341,1656,1534,231.95
Karnataka,Bengaluru Urban,Bengaluru,Tomato,Local,2025-06-15,1547,1833,1664,255.88
Karnataka,Bengaluru Urban,Bengaluru,Tomato,Local,2025-06-16,1142,1457,1323,291.85
Karnataka,Bengaluru Urban,Bengaluru,Tomato,Local,2025-06-17,1245,1689,1449,284.85
Karnataka,Bengaluru Urban,Bengaluru,Tomato,Local,2025-06-18,1200,1495,1357,298.24
Karnataka,Bengaluru Urban,Bengaluru,Tomato,Local,2025-06-19,1374,1591,1479,292.87
Karnataka,Bengaluru Urban,Bengaluru,Tomato,Local,2025-06-20,1336,1658,1501,230.81
Karnataka,Bengaluru Urban,Bengaluru,Tomato,Local,2025-06-21,1525,1909,1648,245.92
Karnataka,Bengaluru Urban,Bengaluru,Tomato,Local,2025-06-22,1599,1927,1746,244.24
Karnataka,Bengaluru Urban,Bengaluru,Tomato,Local,2025-06-23,1145,1421,1290,293.4
Karnataka,Bengaluru Urban,Bengaluru,Tomato,Local,2025-06-24,1366,1796,1592,250.46
Karnataka,Bengaluru Urban,Bengaluru,Tomato,Local,2025-06-25,1402,1835,1585,227.38
Karnataka,Bengaluru Urban,Bengaluru,Tomato,Local,2025-06-26,1363,1718,1555,278.5
Karnataka,Bengaluru Urban,Bengaluru,Tomato,Local,2025-06-27,1285,1734,1479,266.73
Karnataka,Bengaluru Urban,Bengaluru,Tomato,Local,2025-06-28,1532,1943,1724,240.79
Karnataka,Bengaluru Urban,Bengaluru,Tomato,Local,2025-06-29,1659,2095,1916,198.32
Karnataka,Bengaluru Urban,Bengaluru,Tomato,Local,2025-06-30,1390,1623,1503,288.74
Karnataka,Bengaluru Urban,Bengaluru,Tomato,Local,2025-07-01,1690,1992,1832,216.51
Karnataka,Bengaluru Urban,Bengaluru,Tomato,Local,2025-07-02,1660,2264,1924,183.13
Karnataka,Bengaluru Urban,Bengaluru,Tomato,Local,2025-07-03,1380,1657,1537,224.98
Karnataka,Bengaluru Urban,Bengaluru,Tomato,Local,2025-07-04,1506,1955,1768,226.22
Karnataka,Bengaluru Urban,Bengaluru,Tomato,Local,2025-07-05,1437,1775,1557,266.38
Karnataka,Bengaluru Urban,Bengaluru,Tomato,Local,2025-07-06,1455,1799,1651,244.53
Karnataka,Bengaluru Urban,Bengaluru,Tomato,Local,2025-07-07,1631,1977,1832,217.52
Karnataka,Bengaluru Urban,Bengaluru,Tomato,Local,2025-07-08,1459,1775,1588,266.62
Karnataka,Bengaluru Urban,Bengaluru,Tomato,Local,2025-07-09,1600,1929,1755,217.79
Karnataka,Bengaluru Urban,Bengaluru,Tomato,Local,2025-07-10,1528,1957,1745,236.6
Karnataka,Bengaluru Urban,Bengaluru,Tomato,Local,2025-07-11,1536,2007,1782,204.54
Karnataka,Bengaluru Urban,Bengaluru,Tomato,Local,2025-07-12,1871,2251,2024,194.29
Karnataka,Bengaluru Urban,Bengaluru,Tomato,Local,2025-07-13,2008,2351,2196,180.03
Karnataka,Bengaluru Urban,Bengaluru,Tomato,Local,2025-07-14,1522,1914,1753,199.29
Karnataka,Bengaluru Urban,Bengaluru,Tomato,Local,2025-07-15,1700,2100,1952,197.69
Karnataka,Bengaluru Urban,Bengaluru,Tomato,Local,2025-07-16,1888,2309,2056,183.41
Karnataka,Bengaluru Urban,Bengaluru,Tomato,Local,2025-07-17,1750,2210,2021,195.04
Karnataka,Bengaluru Urban,Bengaluru,Tomato,Local,2025-07-18,1637,2177,1860,204.79
Karnataka,Bengaluru Urban,Bengaluru,Tomato,Local,2025-07-19,1666,1938,1802,246.28
Karnataka,Bengaluru Urban,Bengaluru,Tomato,Local,2025-07-20,1996,2385,2220,157.27
Karnataka,Bengaluru Urban,Bengaluru,Tomato,Local,2025-07-21,2034,2560,2245,159.77
Karnataka,Bengaluru Urban,Bengaluru,Tomato,Local,2025-07-22,1736,2128,1963,197.57
Karnataka,Bengaluru Urban,Bengaluru,Tomato,Local,2025-07-23,1811,2388,2069,201.29
Karnataka,Bengaluru Urban,Bengaluru,Tomato,Local,2025-07-24,1644,2094,1797,220.05
Karnataka,Bengaluru Urban,Bengaluru,Tomato,Local,2025-07-25,1845,2378,2061,194.01
Karnataka,Bengaluru Urban,Bengaluru,Tomato,Local,2025-07-26,1907,2221,2071,183.71
Karnataka,Bengaluru Urban,Bengaluru,Tomato,Local,2025-07-27,2010,2430,2269,199.08
Karnataka,Bengaluru Urban,Bengaluru,Tomato,Local,2025-07-28,1822,2335,2040,210.6
Karnataka,Bengaluru Urban,Bengaluru,Tomato,Local,2025-07-29,1956,2442,2192,181.21
Karnataka,Bengaluru Urban,Bengaluru,Tomato,Local,2025-07-30,1938,2404,2218,184.96
Karnataka,Bengaluru Urban,Bengaluru,Tomato,Local,2025-07-31,1945,2416,2154,199.17
Karnataka,Bengaluru Urban,Bengaluru,Tomato,Local,2025-08-01,1964,2562,2297,153.26
Karnataka,Bengaluru Urban,Bengaluru,Tomato,Local,2025-08-02,1748,2230,1921,230.13
Karnataka,Bengaluru Urban,Bengaluru,Tomato,Local,2025-08-03,2259,2838,2443,141.37
Karnataka,Bengaluru Urban,Bengaluru,Tomato,Local,2025-08-04,1913,2426,2163,195.71
Karnataka,Bengaluru Urban,Bengaluru,Tomato,Local,2025-08-05,2097,2573,2269,172.4
Karnataka,Bengaluru Urban,Bengaluru,Tomato,Local,2025-08-06,2120,2750,2416,167.79
Karnataka,Bengaluru Urban,Bengaluru,Tomato,Local,2025-08-07,2120,2683,2414,173.44
Karnataka,Bengaluru Urban,Bengaluru,Tomato,Local,2025-08-08,1951,2599,2243,166.63
Karnataka,Bengaluru Urban,Bengaluru,Tomato,Local,2025-08-09,1998,2615,2244,167.3
Karnataka,Bengaluru Urban,Bengaluru,Tomato,Local,2025-08-10,2208,2896,2513,155.93
Karnataka,Bengaluru Urban,Bengaluru,Tomato,Local,2025-08-11,2367,2955,2554,158.21
Karnataka,Bengaluru Urban,Bengaluru,Tomato,Local,2025-08-12,2048,2828,2400,202.51
Karnataka,Bengaluru Urban,Bengaluru,Tomato,Local,2025-08-13,2062,2514,2283,168.15
Karnataka,Bengaluru Urban,Bengaluru,Tomato,Local,2025-08-14,2402,3151,2712,171.07
Karnataka,Bengaluru Urban,Bengaluru,Tomato,Local,2025-08-15,2161,2766,2420,138.57
Karnataka,Bengaluru Urban,Bengaluru,Tomato,Local,2025-08-16,2180,2627,2418,183.69
Karnataka,Bengaluru Urban,Bengaluru,Tomato,Local,2025-08-17,2392,2823,2633,159.98
Karnataka,Bengaluru Urban,Bengaluru,Tomato,Local,2025-08-18,2269,2782,2466,138.82
Karnataka,Bengaluru Urban,Bengaluru,Tomato,Local,2025-08-19,2257,2749,2538,167.66
Karnataka,Bengaluru Urban,Bengaluru,Tomato,Local,2025-08-20,2273,2885,2465,171.85
Karnataka,Bengaluru Urban,Bengaluru,Tomato,Local,2025-08-21,2333,2982,2580,163.84
Karnataka,Bengaluru Urban,Bengaluru,Tomato,Local,2025-08-22,2244,2960,2632,135.48
Karnataka,Bengaluru Urban,Bengaluru,Tomato,Local,2025-08-23,2247,2857,2556,149.31
Karnataka,Bengaluru Urban,Bengaluru,Tomato,Local,2025-08-24,2380,2914,2673,151.05
Karnataka,Bengaluru Urban,Bengaluru,Tomato,Local,2025-08-25,2571,3309,2874,153.13
Karnataka,Bengaluru Urban,Bengaluru,Tomato,Local,2025-08-26,2503,3179,2830,129.07
Karnataka,Bengaluru Urban,Bengaluru,Tomato,Local,2025-08-27,2491,3074,2848,162.15
Karnataka,Bengaluru Urban,Bengaluru,Tomato,Local,2025-08-28,2260,2921,2573,159.65
Karnataka,Bengaluru Urban,Bengaluru,Tomato,Local,2025-08-29,2350,3017,2762,139.22
Karnataka,Bengaluru Urban,Bengaluru,Tomato,Local,2025-08-30,2380,2944,2733,151.78
Karnataka,Bengaluru Urban,Bengaluru,Tomato,Local,2025-08-31,2586,3336,2849,153.55
Karnataka,Bengaluru Urban,Bengaluru,Tomato,Local,2025-09-01,2233,2931,2505,152.41
Karnataka,Bengaluru Urban,Bengaluru,Tomato,Local,2025-09-02,2639,3099,2860,164.96
Karnataka,Bengaluru Urban,Bengaluru,Tomato,Local,2025-09-03,2587,3292,2931,136.5
Karnataka,Bengaluru Urban,Bengaluru,Tomato,Local,2025-09-04,2421,3245,2764,138.38
Karnataka,Bengaluru Urban,Bengaluru,Tomato,Local,2025-09-05,2491,2998,2756,117.0
Karnataka,Bengaluru Urban,Bengaluru,Tomato,Local,2025-09-06,2827,3502,3075,127.32
Karnataka,Bengaluru Urban,Bengaluru,Tomato,Local,2025-09-07,2647,3102,2860,143.96
Karnataka,Bengaluru Urban,Bengaluru,Tomato,Local,2025-09-08,2482,3084,2684,160.51
Karnataka,Bengaluru Urban,Bengaluru,Tomato,Local,2025-09-09,2427,3119,2741,155.08
Karnataka,Bengaluru Urban,Bengaluru,Tomato,Local,2025-09-10,2615,3295,2821,143.85
Karnataka,Bengaluru Urban,Bengaluru,Tomato,Local,2025-09-11,2677,3366,3003,123.47
Karnataka,Bengaluru Urban,Bengaluru,Tomato,Local,2025-09-12,2736,3359,3012,105.33
Karnataka,Bengaluru Urban,Bengaluru,Tomato,Local,2025-09-13,2836,3364,3127,140.72
Karnataka,Bengaluru Urban,Bengaluru,Tomato,Local,2025-09-14,2659,3348,3053,146.63
Karnataka,Bengaluru Urban,Bengaluru,Tomato,Local,2025-09-15,2672,3499,3036,129.77
Karnataka,Bengaluru Urban,Bengaluru,Tomato,Local,2025-09-16,2730,3393,2938,120.95
Karnataka,Bengaluru Urban,Bengaluru,Tomato,Local,2025-09-17,2570,3299,2959,111.65
Karnataka,Bengaluru Urban,Bengaluru,Tomato,Local,2025-09-18,2669,3601,3074,139.57
Karnataka,Bengaluru Urban,Bengaluru,Tomato,Local,2025-09-19,2423,3094,2722,165.49
Karnataka,Bengaluru Urban,Bengaluru,Tomato,Local,2025-09-20,2579,3155,2896,179.11
Karnataka,Bengaluru Urban,Bengaluru,Tomato,Local,2025-09-21,2736,3671,3180,144.71
Karnataka,Bengaluru Urban,Bengaluru,Tomato,Local,2025-09-22,2515,3053,2821,135.25
Karnataka,Bengaluru Urban,Bengaluru,Tomato,Local,2025-09-23,2588,3402,2939,112.33
Karnataka,Bengaluru Urban,Bengaluru,Tomato,Local,2025-09-24,2478,3202,2844,136.72
Karnataka,Bengaluru Urban,Bengaluru,Tomato,Local,2025-09-25,2770,3554,3094,112.28
Karnataka,Bengaluru Urban,Bengaluru,Tomato,Local,2025-09-26,2758,3523,2993,121.13
Karnataka,Bengaluru Urban,Bengaluru,Tomato,Local,2025-09-27,2592,3409,3047,139.16
Karnataka,Bengaluru Urban,Bengaluru,Tomato,Local,2025-09-28,2834,3625,3231,113.5
Karnataka,Bengaluru Urban,Bengaluru,Tomato,Local,2025-09-29,2869,3551,3177,129.13
Karnataka,Bengaluru Urban,Bengaluru,Tomato,Local,2025-09-30,2707,3335,3102,112.12
Karnataka,Bengaluru Urban,Bengaluru,Tomato,Local,2025-10-01,2784,3740,3226,128.72
Karnataka,Bengaluru Urban,Bengaluru,Tomato,Local,2025-10-02,2778,3588,3173,120.88
Karnataka,Bengaluru Urban,Bengaluru,Tomato,Local,2025-10-03,2653,3325,3048,155.75
Karnataka,Bengaluru Urban,Bengaluru,Tomato,Local,2025-10-04,2714,3387,3054,111.44
Karnataka,Bengaluru Urban,Bengaluru,Tomato,Local,2025-10-05,2973,3538,3299,119.25
Karnataka,Bengaluru Urban,Bengaluru,Tomato,Local,2025-10-06,2831,3499,3239,119.4
Karnataka,Bengaluru Urban,Bengaluru,Tomato,Local,2025-10-07,2892,3474,3229,143.82
Karnataka,Bengaluru Urban,Bengaluru,Tomato,Local,2025-10-08,2772,3600,3199,108.9
Karnataka,Bengaluru Urban,Bengaluru,Tomato,Local,2025-10-09,2675,3359,2889,142.57
Karnataka,Bengaluru Urban,Bengaluru,Tomato,Local,2025-10-10,2664,3488,3103,130.65
Karnataka,Bengaluru Urban,Bengaluru,Tomato,Local,2025-10-11,2777,3602,3159,106.86
Karnataka,Bengaluru Urban,Bengaluru,Tomato,Local,2025-10-12,2871,3844,3292,104.66
Karnataka,Bengaluru Urban,Bengaluru,Tomato,Local,2025-10-13,2783,3272,3048,142.72
Karnataka,Bengaluru Urban,Bengaluru,Tomato,Local,2025-10-14,2785,3535,3185,132.08
Karnataka,Bengaluru Urban,Bengaluru,Tomato,Local,2025-10-15,2834,3759,3201,118.93
Karnataka,Bengaluru Urban,Bengaluru,Tomato,Local,2025-10-16,2861,3694,3220,98.63
Karnataka,Bengaluru Urban,Bengaluru,Tomato,Local,2025-10-17,2853,3737,3298,107.53
Karnataka,Bengaluru Urban,Bengaluru,Tomato,Local,2025-10-18,3021,3680,3265,115.95
Karnataka,Bengaluru Urban,Bengaluru,Tomato,Local,2025-10-19,2703,3480,3165,114.85
Karnataka,Bengaluru Urban,Bengaluru,Tomato,Local,2025-10-20,2982,3588,3222,154.38
Karnataka,Bengaluru Urban,Bengaluru,Tomato,Local,2025-10-21,2842,3507,3190,153.27
Karnataka,Bengaluru Urban,Bengaluru,Tomato,Local,2025-10-22,2687,3478,2964,96.0
Karnataka,Bengaluru Urban,Bengaluru,Tomato,Local,2025-10-23,2819,3579,3168,123.41
Karnataka,Bengaluru Urban,Bengaluru,Tomato,Local,2025-10-24,3055,3861,3289,110.66
Karnataka,Bengaluru Urban,Bengaluru,Tomato,Local,2025-10-25,2953,3649,3258,117.97
Karnataka,Bengaluru Urban,Bengaluru,Tomato,Local,2025-10-26,3146,3934,3541,113.88
Karnataka,Bengaluru Urban,Bengaluru,Tomato,Local,2025-10-27,3089,4175,3571,107.43
Karnataka,Bengaluru Urban,Bengaluru,Tomato,Local,2025-10-28,2902,3844,3382,138.72
Karnataka,Bengaluru Urban,Bengaluru,Tomato,Local,2025-10-29,2558,3079,2851,149.16
Karnataka,Bengaluru Urban,Bengaluru,Tomato,Local,2025-10-30,2814,3428,3029,126.76
Karnataka,Bengaluru Urban,Bengaluru,Tomato,Local,2025-10-31,2615,3590,3049,147.83
Karnataka,Bengaluru Urban,Bengaluru,Tomato,Local,2025-11-01,2820,3353,3126,101.56
Karnataka,Bengaluru Urban,Bengaluru,Tomato,Local,2025-11-02,2956,3649,3389,137.28
Karnataka,Bengaluru Urban,Bengaluru,Tomato,Local,2025-11-03,2564,3436,2998,144.4
Karnataka,Bengaluru Urban,Bengaluru,Tomato,Local,2025-11-04,2573,3202,2927,156.96
Karnataka,Bengaluru Urban,Bengaluru,Tomato,Local,2025-11-05,2885,3653,3264,103.38
Karnataka,Bengaluru Urban,Bengaluru,Tomato,Local,2025-11-06,2948,3747,3317,111.21
Karnataka,Bengaluru Urban,Bengaluru,Tomato,Local,2025-11-07,2629,3524,3068,120.59
Karnataka,Bengaluru Urban,Bengaluru,Tomato,Local,2025-11-08,2905,3677,3296,105.47
Karnataka,Bengaluru Urban,Bengaluru,Tomato,Local,2025-11-09,2589,3331,3017,123.49
Karnataka,Bengaluru Urban,Bengaluru,Tomato,Local,2025-11-10,2910,3736,3334,137.2
Karnataka,Bengaluru Urban,Bengaluru,Tomato,Local,2025-11-11,2648,3633,3109,118.37
Karnataka,Bengaluru Urban,Bengaluru,Tomato,Local,2025-11-12,2697,3352,3092,117.61
Karnataka,Bengaluru Urban,Bengaluru,Tomato,Local,2025-11-13,2661,3527,3091,131.24
Karnataka,Bengaluru Urban,Bengaluru,Tomato,Local,2025-11-14,3017,3704,3373,102.7
Karnataka,Bengaluru Urban,Bengaluru,Tomato,Local,2025-11-15,2728,3416,3055,134.44
Karnataka,Bengaluru Urban,Bengaluru,Tomato,Local,2025-11-16,3148,4039,3423,93.18
Karnataka,Bengaluru Urban,Bengaluru,Tomato,Local,2025-11-17,2513,3180,2895,161.87
Karnataka,Bengaluru Urban,Bengaluru,Tomato,Local,2025-11-18,2605,3134,2822,135.06
Karnataka,Bengaluru Urban,Bengaluru,Tomato,Local,2025-11-19,2701,3363,2946,111.62
Karnataka,Bengaluru Urban,Bengaluru,Tomato,Local,2025-11-20,2668,3130,2914,152.12
Karnataka,Bengaluru Urban,Bengaluru,Tomato,Local,2025-11-21,2777,3542,3149,142.13
Karnataka,Bengaluru Urban,Bengaluru,Tomato,Local,2025-11-22,2732,3379,3114,143.07
Karnataka,Bengaluru Urban,Bengaluru,Tomato,Local,2025-11-23,2871,3725,3254,78.2
Karnataka,Bengaluru Urban,Bengaluru,Tomato,Local,2025-11-24,2828,3649,3149,124.45
Karnataka,Bengaluru Urban,Bengaluru,Tomato,Local,2025-11-25,2701,3489,3080,115.17
Karnataka,Bengaluru Urban,Bengaluru,Tomato,Local,2025-11-26,2863,3723,3205,107.07
Karnataka,Bengaluru Urban,Bengaluru,Tomato,Local,2025-11-27,2824,3536,3197,125.1
Karnataka,Bengaluru Urban,Bengaluru,Tomato,Local,2025-11-28,2928,3766,3193,126.52
Karnataka,Bengaluru Urban,Bengaluru,Tomato,Local,2025-11-29,2846,3575,3261,127.48
Karnataka,Bengaluru Urban,Bengaluru,Tomato,Local,2025-11-30,2899,3726,3240,87.51
Karnataka,Bengaluru Urban,Bengaluru,Tomato,Local,2025-12-01,2870,3617,3200,100.04
Karnataka,Bengaluru Urban,Bengaluru,Tomato,Local,2025-12-02,2450,3097,2859,150.08
Karnataka,Bengaluru Urban,Bengaluru,Tomato,Local,2025-12-03,2796,3496,3048,106.75
Karnataka,Bengaluru Urban,Bengaluru,Tomato,Local,2025-12-04,2601,3282,2948,151.82
Karnataka,Bengaluru Urban,Bengaluru,Tomato,Local,2025-12-05,2631,3277,3048,130.3
Karnataka,Bengaluru Urban,Bengaluru,Tomato,Local,2025-12-06,2667,3339,2910,148.23
Karnataka,Bengaluru Urban,Bengaluru,Tomato,Local,2025-12-07,2834,3519,3139,135.19
Karnataka,Bengaluru Urban,Bengaluru,Tomato,Local,2025-12-08,2444,3181,2825,171.76
Karnataka,Bengaluru Urban,Bengaluru,Tomato,Local,2025-12-09,2900,3647,3191,125.99
Karnataka,Bengaluru Urban,Bengaluru,Tomato,Local,2025-12-10,2693,3535,3026,121.98
Karnataka,Bengaluru Urban,Bengaluru,Tomato,Local,2025-12-11,2642,3532,3066,96.85
Karnataka,Bengaluru Urban,Bengaluru,Tomato,Local,2025-12-12,2955,3672,3200,133.1
Karnataka,Bengaluru Urban,Bengaluru,Tomato,Local,2025-12-13,2373,3023,2791,166.23
Karnataka,Bengaluru Urban,Bengaluru,Tomato,Local,2025-12-14,2983,3885,3377,123.16
Karnataka,Bengaluru Urban,Bengaluru,Tomato,Local,2025-12-15,2377,3193,2747,144.77
Karnataka,Bengaluru Urban,Bengaluru,Tomato,Local,2025-12-16,2565,3519,2985,137.26
Karnataka,Bengaluru Urban,Bengaluru,Tomato,Local,2025-12-17,2458,3207,2742,152.2
Karnataka,Bengaluru Urban,Bengaluru,Tomato,Local,2025-12-18,2640,3475,3052,111.49
Karnataka,Bengaluru Urban,Bengaluru,Tomato,Local,2025-12-19,2362,2941,2699,137.26
Karnataka,Bengaluru Urban,Bengaluru,Tomato,Local,2025-12-20,2453,3158,2821,152.93
Karnataka,Bengaluru Urban,Bengaluru,Tomato,Local,2025-12-21,2932,3535,3161,112.72
Karnataka,Bengaluru Urban,Bengaluru,Tomato,Local,2025-12-22,2420,3216,2806,157.54
Karnataka,Bengaluru Urban,Bengaluru,Tomato,Local,2025-12-23,2892,3511,3139,129.07
Karnataka,Bengaluru Urban,Bengaluru,Tomato,Local,2025-12-24,2521,3223,2836,145.62
Karnataka,Bengaluru Urban,Bengaluru,Tomato,Local,2025-12-25,2398,3116,2737,146.43
Karnataka,Bengaluru Urban,Bengaluru,Tomato,Local,2025-12-26,2191,2721,2476,151.13
Karnataka,Bengaluru Urban,Bengaluru,Tomato,Local,2025-12-27,2524,3093,2832,126.47
Karnataka,Bengaluru Urban,Bengaluru,Tomato,Local,2025-12-28,2585,3281,3021,105.66
Karnataka,Bengaluru Urban,Bengaluru,Tomato,Local,2025-12-29,2541,3203,2801,153.64
Karnataka,Bengaluru Urban,Bengaluru,Tomato,Local,2025-12-30,2596,3464,3043,124.79
Karnataka,Bengaluru Urban,Bengaluru,Tomato,Local,2025-12-31,2370,2969,2698,169.77
Karnataka,Bengaluru Urban,Bengaluru,Tomato,Local,2026-01-01,2657,3200,2889,152.37
Karnataka,Bengaluru Urban,Bengaluru,Tomato,Local,2026-01-02,2503,3067,2719,168.15
Karnataka,Bengaluru Urban,Bengaluru,Tomato,Local,2026-01-03,2774,3586,3049,138.85
Karnataka,Bengaluru Urban,Bengaluru,Tomato,Local,2026-01-04,2513,3139,2795,152.52
Karnataka,Bengaluru Urban,Bengaluru,Tomato,Local,2026-01-05,2365,2870,2599,148.27
Karnataka,Bengaluru Urban,Bengaluru,Tomato,Local,2026-01-06,2341,3193,2736,137.28
Karnataka,Bengaluru Urban,Bengaluru,Tomato,Local,2026-01-07,2476,3064,2677,125.3
Karnataka,Bengaluru Urban,Bengaluru,Tomato,Local,2026-01-08,2484,3116,2831,128.32
Karnataka,Bengaluru Urban,Bengaluru,Tomato,Local,2026-01-09,2014,2531,2358,187.99
Karnataka,Bengaluru Urban,Bengaluru,Tomato,Local,2026-01-10,2478,3226,2775,147.51
Karnataka,Bengaluru Urban,Bengaluru,Tomato,Local,2026-01-11,2313,2979,2662,143.76
Karnataka,Bengaluru Urban,Bengaluru,Tomato,Local,2026-01-12,2236,2931,2500,157.79
Karnataka,Bengaluru Urban,Bengaluru,Tomato,Local,2026-01-13,2284,2790,2470,147.26
Karnataka,Bengaluru Urban,Bengaluru,Tomato,Local,2026-01-14,1960,2673,2306,173.04
Karnataka,Bengaluru Urban,Bengaluru,Tomato,Local,2026-01-15,2304,2728,2496,147.88
Karnataka,Bengaluru Urban,Bengaluru,Tomato,Local,2026-01-16,2117,2564,2357,171.47
Karnataka,Bengaluru Urban,Bengaluru,Tomato,Local,2026-01-17,2035,2606,2294,188.57
Karnataka,Bengaluru Urban,Bengaluru,Tomato,Local,2026-01-18,2310,3019,2642,138.99
Karnataka,Bengaluru Urban,Bengaluru,Tomato,Local,2026-01-19,2079,2699,2417,150.74
Karnataka,Bengaluru Urban,Bengaluru,Tomato,Local,2026-01-20,2179,2920,2502,145.72
Karnataka,Bengaluru Urban,Bengaluru,Tomato,Local,2026-01-21,2108,2532,2345,171.09
Karnataka,Bengaluru Urban,Bengaluru,Tomato,Local,2026-01-22,2325,2932,2575,142.11
Karnataka,Bengaluru Urban,Bengaluru,Tomato,Local,2026-01-23,1893,2535,2206,157.68
Karnataka,Bengaluru Urban,Bengaluru,Tomato,Local,2026-01-24,2255,2866,2592,153.3
Karnataka,Bengaluru Urban,Bengaluru,Tomato,Local,2026-01-25,2405,2940,2609,143.21
Karnataka,Bengaluru Urban,Bengaluru,Tomato,Local,2026-01-26,1984,2310,2156,182.98
Karnataka,Bengaluru Urban,Bengaluru,Tomato,Local,2026-01-27,1982,2647,2259,185.55
Karnataka,Bengaluru Urban,Bengaluru,Tomato,Local,2026-01-28,2015,2466,2254,170.11
Karnataka,Bengaluru Urban,Bengaluru,Tomato,Local,2026-01-29,2281,2688,2512,144.39
Karnataka,Bengaluru Urban,Bengaluru,Tomato,Local,2026-01-30,1787,2270,2095,175.96
Karnataka,Bengaluru Urban,Bengaluru,Tomato,Local,2026-01-31,2005,2470,2303,178.68
Karnataka,Bengaluru Urban,Bengaluru,Tomato,Local,2026-02-01,2001,2596,2304,158.1
Karnataka,Bengaluru Urban,Bengaluru,Tomato,Local,2026-02-02,1873,2371,2132,198.81
Karnataka,Bengaluru Urban,Bengaluru,Tomato,Local,2026-02-03,2110,2772,2381,157.14
Karnataka,Bengaluru Urban,Bengaluru,Tomato,Local,2026-02-04,1882,2272,2103,194.88
Karnataka,Bengaluru Urban,Bengaluru,Tomato,Local,2026-02-05,1779,2395,2053,173.08
Karnataka,Bengaluru Urban,Bengaluru,Tomato,Local,2026-02-06,1860,2372,2070,173.15
Karnataka,Bengaluru Urban,Bengaluru,Tomato,Local,2026-02-07,1990,2485,2222,173.64
Karnataka,Bengaluru Urban,Bengaluru,Tomato,Local,2026-02-08,2016,2505,2202,168.6
Karnataka,Bengaluru Urban,Bengaluru,Tomato,Local,2026-02-09,1711,2133,1991,218.07
Karnataka,Bengaluru Urban,Bengaluru,Tomato,Local,2026-02-10,2001,2416,2191,164.59
Karnataka,Bengaluru Urban,Bengaluru,Tomato,Local,2026-02-11,1417,1758,1605,244.49
Karnataka,Bengaluru Urban,Bengaluru,Tomato,Local,2026-02-12,1667,2130,1951,197.6
Karnataka,Bengaluru Urban,Bengaluru,Tomato,Local,2026-02-13,1667,2032,1897,192.29
Karnataka,Bengaluru Urban,Bengaluru,Tomato,Local,2026-02-14,2082,2567,2307,199.66
Karnataka,Bengaluru Urban,Bengaluru,Tomato,Local,2026-02-15,1740,2282,2037,196.34
Karnataka,Bengaluru Urban,Bengaluru,Tomato,Local,2026-02-16,1742,2355,2029,197.06
Karnataka,Bengaluru Urban,Bengaluru,Tomato,Local,2026-02-17,1614,2054,1844,195.18
Karnataka,Bengaluru Urban,Bengaluru,Tomato,Local,2026-02-18,1739,2128,1902,190.25
Karnataka,Bengaluru Urban,Bengaluru,Tomato,Local,2026-02-19,1871,2320,2064,191.38
Karnataka,Bengaluru Urban,Bengaluru,Tomato,Local,2026-02-20,1745,2131,1947,198.47
Karnataka,Bengaluru Urban,Bengaluru,Tomato,Local,2026-02-21,1688,2332,1978,190.73
Karnataka,Bengaluru Urban,Bengaluru,Tomato,Local,2026-02-22,1791,2284,2032,189.43
Karnataka,Bengaluru Urban,Bengaluru,Tomato,Local,2026-02-23,1554,1871,1740,242.13
Karnataka,Bengaluru Urban,Bengaluru,Tomato,Local,2026-02-24,1456,1890,1695,239.03
Karnataka,Bengaluru Urban,Bengaluru,Tomato,Local,2026-02-25,1723,2150,1993,212.63
Karnataka,Bengaluru Urban,Bengaluru,Tomato,Local,2026-02-26,1546,1949,1688,242.06
Karnataka,Bengaluru Urban,Bengaluru,Tomato,Local,2026-02-27,1315,1636,1510,277.35
Karnataka,Bengaluru Urban,Bengaluru,Tomato,Local,2026-02-28,1885,2407,2145,189.14
Karnataka,Bengaluru Urban,Bengaluru,Tomato,Local,2026-03-01,1931,2278,2094,168.93
Karnataka,Bengaluru Urban,Bengaluru,Tomato,Local,2026-03-02,1369,1749,1521,255.38
Karnataka,Bengaluru Urban,Bengaluru,Tomato,Local,2026-03-03,1559,1814,1684,239.78
Karnataka,Bengaluru Urban,Bengaluru,Tomato,Local,2026-03-04,1477,1809,1603,249.13
Karnataka,Bengaluru Urban,Bengaluru,Tomato,Local,2026-03-05,1573,1960,1825,224.4
Karnataka,Bengaluru Urban,Bengaluru,Tomato,Local,2026-03-06,1387,1808,1612,256.78
Karnataka,Bengaluru Urban,Bengaluru,Tomato,Local,2026-03-07,1389,1710,1593,249.86
Karnataka,Bengaluru Urban,Bengaluru,Tomato,Local,2026-03-08,1789,2197,1927,202.75
Karnataka,Bengaluru Urban,Bengaluru,Tomato,Local,2026-03-09,1290,1610,1396,284.52
Karnataka,Bengaluru Urban,Bengaluru,Tomato,Local,2026-03-10,1517,1915,1752,241.31
Karnataka,Bengaluru Urban,Bengaluru,Tomato,Local,2026-03-11,1280,1672,1446,284.34
Karnataka,Bengaluru Urban,Bengaluru,Tomato,Local,2026-03-12,1418,1805,1553,276.99
Karnataka,Bengaluru Urban,Bengaluru,Tomato,Local,2026-03-13,1220,1545,1399,293.24
Karnataka,Bengaluru Urban,Bengaluru,Tomato,Local,2026-03-14,1312,1696,1514,252.77
Karnataka,Bengaluru Urban,Bengaluru,Tomato,Local,2026-03-15,1585,2165,1848,231.2
Karnataka,Bengaluru Urban,Bengaluru,Tomato,Local,2026-03-16,1093,1318,1200,344.68
Karnataka,Bengaluru Urban,Bengaluru,Tomato,Local,2026-03-17,1395,1702,1521,260.79
Karnataka,Bengaluru Urban,Bengaluru,Tomato,Local,2026-03-18,1206,1541,1334,305.97
Karnataka,Bengaluru Urban,Bengaluru,Tomato,Local,2026-03-19,1647,2171,1858,205.2
Karnataka,Bengaluru Urban,Bengaluru,Tomato,Local,2026-03-20,1539,1878,1684,235.04
Karnataka,Bengaluru Urban,Bengaluru,Tomato,Local,2026-03-21,1296,1549,1415,258.67
Karnataka,Bengaluru Urban,Bengaluru,Tomato,Local,2026-03-22,1613,2095,1837,217.24
Karnataka,Bengaluru Urban,Bengaluru,Tomato,Local,2026-03-23,1235,1461,1352,288.57
Karnataka,Bengaluru Urban,Bengaluru,Tomato,Local,2026-03-24,1371,1839,1562,246.85
Karnataka,Bengaluru Urban,Bengaluru,Tomato,Local,2026-03-25,1188,1406,1310,300.59
Karnataka,Bengaluru Urban,Bengaluru,Tomato,Local,2026-03-26,1315,1627,1419,276.59
Karnataka,Bengaluru Urban,Bengaluru,Tomato,Local,2026-03-27,1198,1497,1366,308.99
Karnataka,Bengaluru Urban,Bengaluru,Tomato,Local,2026-03-28,1656,2020,1839,199.76
Karnataka,Bengaluru Urban,Bengaluru,Tomato,Local,2026-03-29,1109,1418,1252,312.76
Karnataka,Bengaluru Urban,Bengaluru,Tomato,Local,2026-03-30,962,1213,1059,351.45
Karnataka,Bengaluru Urban,Bengaluru,Tomato,Local,2026-03-31,1187,1499,1321,310.02
Karnataka,Bengaluru Urban,Bengaluru,Tomato,Local,2026-04-01,1184,1469,1353,258.16
Karnataka,Bengaluru Urban,Bengaluru,Tomato,Local,2026-04-02,1216,1536,1344,291.82
Karnataka,Bengaluru Urban,Bengaluru,Tomato,Local,2026-04-03,1211,1589,1350,309.81
Karnataka,Bengaluru Urban,Bengaluru,Tomato,Local,2026-04-04,1289,1642,1505,264.21
Karnataka,Bengaluru Urban,Bengaluru,Tomato,Local,2026-04-05,1667,2146,1821,195.89
Karnataka,Bengaluru Urban,Bengaluru,Tomato,Local,2026-04-06,1123,1397,1229,320.32
Karnataka,Bengaluru Urban,Bengaluru,Tomato,Local,2026-04-07,1224,1554,1346,272.87
Karnataka,Bengaluru Urban,Bengaluru,Tomato,Local,2026-04-08,977,1204,1053,376.01
Karnataka,Bengaluru Urban,Bengaluru,Tomato,Local,2026-04-09,999,1206,1100,350.03
Karnataka,Bengaluru Urban,Bengaluru,Tomato,Local,2026-04-10,1180,1539,1351,273.83
Karnataka,Bengaluru Urban,Bengaluru,Tomato,Local,2026-04-11,1203,1474,1378,275.16
Karnataka,Bengaluru Urban,Bengaluru,Tomato,Local,2026-04-12,1295,1613,1419,286.63
Karnataka,Bengaluru Urban,Bengaluru,Tomato,Local,2026-04-13,1137,1354,1257,319.63
Karnataka,Bengaluru Urban,Bengaluru,Tomato,Local,2026-04-14,1234,1523,1382,285.07
Karnataka,Bengaluru Urban,Bengaluru,Tomato,Local,2026-04-15,1232,1519,1367,279.48
Karnataka,Bengaluru Urban,Bengaluru,Tomato,Local,2026-04-16,1210,1517,1382,283.11
Karnataka,Bengaluru Urban,Bengaluru,Tomato,Local,2026-04-17,1288,1762,1501,265.89
Karnataka,Bengaluru Urban,Bengaluru,Tomato,Local,2026-04-18,1106,1357,1220,332.24
Karnataka,Bengaluru Urban,Bengaluru,Tomato,Local,2026-04-19,1532,1792,1653,232.57
Karnataka,Bengaluru Urban,Bengaluru,Tomato,Local,2026-04-20,1015,1280,1153,304.18
Karnataka,Bengaluru Urban,Bengaluru,Tomato,Local,2026-04-21,1165,1436,1316,296.02
Karnataka,Bengaluru Urban,Bengaluru,Tomato,Local,2026-04-22,1217,1510,1369,297.18
Karnataka,Bengaluru Urban,Bengaluru,Tomato,Local,2026-04-23,943,1248,1085,378.5
Karnataka,Bengaluru Urban,Bengaluru,Tomato,Local,2026-04-24,1022,1379,1176,329.82
Karnataka,Bengaluru Urban,Bengaluru,Tomato,Local,2026-04-25,876,1060,952,421.01
Karnataka,Bengaluru Urban,Bengaluru,Tomato,Local,2026-04-26,1122,1409,1275,301.3
Karnataka,Bengaluru Urban,Bengaluru,Tomato,Local,2026-04-27,952,1144,1062,387.82
Karnataka,Bengaluru Urban,Bengaluru,Tomato,Local,2026-04-28,1140,1369,1232,302.39
Karnataka,Bengaluru Urban,Bengaluru,Tomato,Local,2026-04-29,953,1193,1108,369.54
Karnataka,Bengaluru Urban,Bengaluru,Tomato,Local,2026-04-30,1005,1342,1163,333.25
Karnataka,Bengaluru Urban,Bengaluru,Tomato,Local,2026-05-01,1142,1460,1297,300.6
Karnataka,Bengaluru Urban,Bengaluru,Tomato,Local,2026-05-02,889,1171,1018,398.24
Karnataka,Bengaluru Urban,Bengaluru,Tomato,Local,2026-05-03,1207,1644,1407,285.87
Karnataka,Bengaluru Urban,Bengaluru,Tomato,Local,2026-05-04,1186,1463,1350,262.92
Karnataka,Bengaluru Urban,Bengaluru,Tomato,Local,2026-05-05,1215,1571,1403,319.73
Karnataka,Bengaluru Urban,Bengaluru,Tomato,Local,2026-05-06,1167,1538,1361,310.78
Karnataka,Bengaluru Urban,Bengaluru,Tomato,Local,2026-05-07,1303,1573,1447,283.62
Karnataka,Bengaluru Urban,Bengaluru,Tomato,Local,2026-05-08,1240,1623,1455,289.89
Karnataka,Bengaluru Urban,Bengaluru,Tomato,Local,2026-05-09,1295,1695,1493,247.09
Karnataka,Bengaluru Urban,Bengaluru,Tomato,Local,2026-05-10,1411,1911,1622,240.27
Karnataka,Bengaluru Urban,Bengaluru,Tomato,Local,2026-05-11,1248,1588,1457,279.16
Karnataka,Bengaluru Urban,Bengaluru,Tomato,Local,2026-05-12,1022,1304,1137,369.65
Karnataka,Bengaluru Urban,Bengaluru,Tomato,Local,2026-05-13,1036,1374,1211,322.41
Karnataka,Bengaluru Urban,Bengaluru,Tomato,Local,2026-05-14,1411,1768,1584,252.16
Karnataka,Bengaluru Urban,Bengaluru,Tomato,Local,2026-05-15,1125,1511,1283,307.53
Karnataka,Bengaluru Urban,Bengaluru,Tomato,Local,2026-05-16,1153,1495,1285,320.28
Karnataka,Bengaluru Urban,Bengaluru,Tomato,Local,2026-05-17,1237,1627,1445,273.43
Karnataka,Bengaluru Urban,Bengaluru,Tomato,Local,2026-05-18,1248,1584,1388,292.2
Karnataka,Bengaluru Urban,Bengaluru,Tomato,Local,2026-05-19,1138,1373,1255,327.84
Karnataka,Bengaluru Urban,Bengaluru,Tomato,Local,2026-05-20,1137,1449,1287,292.34
Karnataka,Bengaluru Urban,Bengaluru,Tomato,Local,2026-05-21,944,1259,1108,354.74
Karnataka,Bengaluru Urban,Bengaluru,Tomato,Local,2026-05-22,1049,1315,1141,334.8
Karnataka,Bengaluru Urban,Bengaluru,Tomato,Local,2026-05-23,1190,1586,1383,303.69
Karnataka,Bengaluru Urban,Bengaluru,Tomato,Local,2026-05-24,1284,1742,1501,242.78
Karnataka,Bengaluru Urban,Bengaluru,Tomato,Local,2026-05-25,1213,1518,1334,313.53
Karnataka,Bengaluru Urban,Bengaluru,Tomato,Local,2026-05-26,1244,1528,1363,310.73
Karnataka,Bengaluru Urban,Bengaluru,Tomato,Local,2026-05-27,1253,1634,1413,290.86
Karnataka,Bengaluru Urban,Bengaluru,Tomato,Local,2026-05-28,1260,1635,1458,290.94
Karnataka,Bengaluru Urban,Bengaluru,Tomato,Local,2026-05-29,1609,1888,1756,218.47
Karnataka,Bengaluru Urban,Bengaluru,Tomato,Local,2026-05-30,1270,1621,1467,287.28
Karnataka,Bengaluru Urban,Bengaluru,Tomato,Local,2026-05-31,1402,1784,1641,214.42
Karnataka,Bengaluru Urban,Bengaluru,Tomato,Local,2026-06-01,1189,1533,1369,292.94
Karnataka,Bengaluru Urban,Bengaluru,Tomato,Local,2026-06-02,1516,1979,1711,233.0
Karnataka,Bengaluru Urban,Bengaluru,Tomato,Local,2026-06-03,1164,1509,1350,297.37
Karnataka,Bengaluru Urban,Bengaluru,Tomato,Local,2026-06-04,1536,1906,1713,221.84
Karnataka,Bengaluru Urban,Bengaluru,Tomato,Local,2026-06-05,1279,1593,1427,268.39
Karnataka,Bengaluru Urban,Bengaluru,Tomato,Local,2026-06-06,1192,1536,1320,300.88
Karnataka,Bengaluru Urban,Bengaluru,Tomato,Local,2026-06-07,1546,1844,1666,212.17
Karnataka,Bengaluru Urban,Bengaluru,Tomato,Local,2026-06-08,1226,1474,1365,292.93
Karnataka,Bengaluru Urban,Bengaluru,Tomato,Local,2026-06-09,1480,1847,1650,254.44
Karnataka,Bengaluru Urban,Bengaluru,Tomato,Local,2026-06-10,1502,1891,1675,236.39
Karnataka,Bengaluru Urban,Bengaluru,Tomato,Local,2026-06-11,1153,1487,1356,288.66
Karnataka,Bengaluru Urban,Bengaluru,Tomato,Local,2026-06-12,1087,1445,1227,325.63
Karnataka,Bengaluru Urban,Bengaluru,Tomato,Local,2026-06-13,1289,1611,1498,233.61
Karnataka,Bengaluru Urban,Bengaluru,Tomato,Local,2026-06-14,1653,1972,1815,240.01
Karnataka,Bengaluru Urban,Bengaluru,Tomato,Local,2026-06-15,1160,1431,1336,303.27
Karnataka,Bengaluru Urban,Bengaluru,Tomato,Local,2026-06-16,1353,1856,1575,239.99
Karnataka,Bengaluru Urban,Bengaluru,Tomato,Local,2026-06-17,1328,1741,1534,252.24
Karnataka,Bengaluru Urban,Bengaluru,Tomato,Local,2026-06-18,1443,1786,1601,246.72
Karnataka,Bengaluru Urban,Bengaluru,Tomato,Local,2026-06-19,1396,1726,1547,245.94
Karnataka,Bengaluru Urban,Bengaluru,Tomato,Local,2026-06-20,1585,2062,1771,209.55
Karnataka,Bengaluru Urban,Bengaluru,Tomato,Local,2026-06-21,1709,2047,1891,204.25
Karnataka,Bengaluru Urban,Bengaluru,Tomato,Local,2026-06-22,1467,1721,1585,277.09
Karnataka,Bengaluru Urban,Bengaluru,Tomato,Local,2026-06-23,1427,1704,1540,280.19
Karnataka,Bengaluru Urban,Bengaluru,Tomato,Local,2026-06-24,1738,2053,1870,202.31
Karnataka,Bengaluru Urban,Bengaluru,Tomato,Local,2026-06-25,1651,2025,1890,168.91
Karnataka,Bengaluru Urban,Bengaluru,Tomato,Local,2026-06-26,1476,1815,1667,223.69
Karnataka,Bengaluru Urban,Bengaluru,Tomato,Local,2026-06-27,1583,2110,1848,224.83
Karnataka,Bengaluru Urban,Bengaluru,Tomato,Local,2026-06-28,1709,2206,2010,198.88
Karnataka,Bengaluru Urban,Bengaluru,Tomato,Local,2026-06-29,1638,2153,1911,218.88
Karnataka,Bengaluru Urban,Bengaluru,Tomato,Local,2026-06-30,1590,1885,1738,219.6
Karnataka,Bengaluru Urban,Bengaluru,Tomato,Local,2026-07-01,1694,2307,1959,201.38
Karnataka,Bengaluru Urban,Bengaluru,Tomato,Local,2026-07-02,1614,2065,1869,214.03
Karnataka,Bengaluru Urban,Bengaluru,Tomato,Local,2026-07-03,1413,1907,1620,234.02
Karnataka,Bengaluru Urban,Bengaluru,Tomato,Local,2026-07-04,1675,2237,1970,190.47
Karnataka,Bengaluru Urban,Bengaluru,Tomato,Local,2026-07-05,1755,2316,2029,202.17
Karnataka,Bengaluru Urban,Bengaluru,Tomato,Local,2026-07-06,1778,2230,2031,211.89
Karnataka,Bengaluru Urban,Bengaluru,Tomato,Local,2026-07-07,1884,2374,2126,184.06
Karnataka,Bengaluru Urban,Bengaluru,Tomato,Local,2026-07-08,1721,2067,1927,188.06
Karnataka,Bengaluru Urban,Bengaluru,Tomato,Local,2026-07-09,1990,2508,2200,175.64
Karnataka,Bengaluru Urban,Bengaluru,Tomato,Local,2026-07-10,1976,2446,2212,183.29
Karnataka,Bengaluru Urban,Bengaluru,Tomato,Local,2026-07-11,1947,2484,2171,181.19
Karnataka,Bengaluru Urban,Bengaluru,Tomato,Local,2026-07-12,1998,2553,2266,191.05
Karnataka,Bengaluru Urban,Bengaluru,Tomato,Local,2026-07-13,1694,2078,1923,223.89
Karnataka,Bengaluru Urban,Bengaluru,Tomato,Local,2026-07-14,1684,2184,1908,234.31
Karnataka,Bengaluru Urban,Bengaluru,Tomato,Local,2026-07-15,1918,2443,2104,178.01
Karnataka,Bengaluru Urban,Bengaluru,Tomato,Local,2026-07-16,1974,2509,2221,183.28
Karnataka,Bengaluru Urban,Bengaluru,Tomato,Local,2026-07-17,1640,2070,1860,207.01
Karnataka,Bengaluru Urban,Bengaluru,Tomato,Local,2026-07-18,1822,2137,1983,185.86
Karnataka,Bengaluru Urban,Bengaluru,Tomato,Local,2026-07-19,1894,2324,2158,191.28
Karnataka,Bengaluru Urban,Bengaluru,Tomato,Local,2026-07-20,2074,2465,2252,164.35
Karnataka,Bengaluru Urban,Bengaluru,Tomato,Local,2026-07-21,1742,2186,1894,173.31
Karnataka,Bengaluru Urban,Bengaluru,Tomato,Local,2026-07-22,2306,2692,2513,159.95
Karnataka,Bengaluru Urban,Bengaluru,Tomato,Local,2026-07-23,2130,2647,2343,166.08
Karnataka,Bengaluru Urban,Bengaluru,Tomato,Local,2026-07-24,1711,2192,1919,212.56
Karnataka,Bengaluru Urban,Bengaluru,Tomato,Local,2026-07-25,2300,2721,2503,148.77
Karnataka,Bengaluru Urban,Bengaluru,Tomato,Local,2026-07-26,1892,2295,2091,171.86
Karnataka,Bengaluru Urban,Bengaluru,Tomato,Local,2026-07-27,2096,2776,2372,171.81
Karnataka,Bengaluru Urban,Bengaluru,Tomato,Local,2026-07-28,2120,2829,2489,159.23
Karnataka,Bengaluru Urban,Bengaluru,Tomato,Local,2026-07-29,2120,2783,2429,156.71
Karnataka,Bengaluru Urban,Bengaluru,Tomato,Local,2026-07-30,1858,2430,2179,192.05
Karnataka,Bengaluru Urban,Bengaluru,Tomato,Local,2026-07-31,2281,2795,2495,149.61
Karnataka,Bengaluru Urban,Bengaluru,Tomato,Local,2026-08-01,2391,2915,2610,175.31
Karnataka,Bengaluru Urban,Bengaluru,Tomato,Local,2026-08-02,2147,2691,2404,151.12
Karnataka,Bengaluru Urban,Bengaluru,Tomato,Local,2026-08-03,2027,2443,2234,175.36
Karnataka,Bengaluru Urban,Bengaluru,Tomato,Local,2026-08-04,2062,2694,2375,147.16
Karnataka,Bengaluru Urban,Bengaluru,Tomato,Local,2026-08-05,2074,2538,2323,138.87
Karnataka,Bengaluru Urban,Bengaluru,Tomato,Local,2026-08-06,1852,2443,2172,160.1
Karnataka,Bengaluru Urban,Bengaluru,Tomato,Local,2026-08-07,2523,3032,2783,169.8
Karnataka,Bengaluru Urban,Bengaluru,Tomato,Local,2026-08-08,2420,2836,2614,142.53
Karnataka,Bengaluru Urban,Bengaluru,Tomato,Local,2026-08-09,2089,2703,2444,161.84
Karnataka,Bengaluru Urban,Bengaluru,Tomato,Local,2026-08-10,2278,2771,2552,143.91
Karnataka,Bengaluru Urban,Bengaluru,Tomato,Local,2026-08-11,2290,2962,2611,134.02
Karnataka,Bengaluru Urban,Bengaluru,Tomato,Local,2026-08-12,2156,2709,2484,155.55
Karnataka,Bengaluru Urban,Bengaluru,Tomato,Local,2026-08-13,2498,3073,2868,125.31
Karnataka,Bengaluru Urban,Bengaluru,Tomato,Local,2026-08-14,2754,3372,2971,139.85
Karnataka,Bengaluru Urban,Bengaluru,Tomato,Local,2026-08-15,2774,3485,3001,117.05
Karnataka,Bengaluru Urban,Bengaluru,Tomato,Local,2026-08-16,2282,2949,2620,139.82
Karnataka,Bengaluru Urban,Bengaluru,Tomato,Local,2026-08-17,2231,2998,2608,177.24
Karnataka,Bengaluru Urban,Bengaluru,Tomato,Local,2026-08-18,2329,2881,2579,167.03
Karnataka,Bengaluru Urban,Bengaluru,Tomato,Local,2026-08-19,2742,3349,2978,136.83
Karnataka,Bengaluru Urban,Bengaluru,Tomato,Local,2026-08-20,2489,3192,2869,125.94
Karnataka,Bengaluru Urban,Bengaluru,Tomato,Local,2026-08-21,2455,3042,2782,152.34
Karnataka,Bengaluru Urban,Bengaluru,Tomato,Local,2026-08-22,2190,2920,2535,142.73
Karnataka,Bengaluru Urban,Bengaluru,Tomato,Local,2026-08-23,2518,3367,2858,114.15
Karnataka,Bengaluru Urban,Bengaluru,Tomato,Local,2026-08-24,2237,2962,2610,148.89
Karnataka,Bengaluru Urban,Bengaluru,Tomato,Local,2026-08-25,2268,2759,2564,181.53
Karnataka,Bengaluru Urban,Bengaluru,Tomato,Local,2026-08-26,2545,3192,2952,187.08
Karnataka,Bengaluru Urban,Bengaluru,Tomato,Local,2026-08-27,2288,2864,2630,157.32
Karnataka,Bengaluru Urban,Bengaluru,Tomato,Local,2026-08-28,2361,3062,2724,128.49
Karnataka,Bengaluru Urban,Bengaluru,Tomato,Local,2026-08-29,2580,3463,2989,133.31
Karnataka,Bengaluru Urban,Bengaluru,Tomato,Local,2026-08-30,2608,3219,2957,138.23
Karnataka,Bengaluru Urban,Bengaluru,Tomato,Local,2026-08-31,2413,3009,2698,133.42
Delhi,New Delhi,Azadpur,Tomato,Hybrid,2024-01-01,2475,3345,2873,155.29
Delhi,New Delhi,Azadpur,Tomato,Hybrid,2024-01-02,2928,3669,3270,101.81
Delhi,New Delhi,Azadpur,Tomato,Hybrid,2024-01-03,2907,3879,3392,116.27
Delhi,New Delhi,Azadpur,Tomato,Hybrid,2024-01-04,2737,3447,3093,117.27
Delhi,New Delhi,Azadpur,Tomato,Hybrid,2024-01-05,2567,3350,2985,115.7
Delhi,New Delhi,Azadpur,Tomato,Hybrid,2024-01-06,2482,3294,2794,154.53
Delhi,New Delhi,Azadpur,Tomato,Hybrid,2024-01-07,2889,3776,3271,128.27
Delhi,New Delhi,Azadpur,Tomato,Hybrid,2024-01-08,2546,3074,2774,123.24
Delhi,New Delhi,Azadpur,Tomato,Hybrid,2024-01-09,2839,3511,3165,139.52
Delhi,New Delhi,Azadpur,Tomato,Hybrid,2024-01-10,2127,2928,2483,172.96
Delhi,New Delhi,Azadpur,Tomato,Hybrid,2024-01-11,2498,3063,2769,153.55
Delhi,New Delhi,Azadpur,Tomato,Hybrid,2024-01-12,2208,2806,2516,147.37
Delhi,New Delhi,Azadpur,Tomato,Hybrid,2024-01-13,2610,3030,2820,167.52
Delhi,New Delhi,Azadpur,Tomato,Hybrid,2024-01-14,3222,3751,3488,114.99
Delhi,New Delhi,Azadpur,Tomato,Hybrid,2024-01-15,2555,3428,2939,138.22
Delhi,New Delhi,Azadpur,Tomato,Hybrid,2024-01-16,2454,2980,2772,150.92
Delhi,New Delhi,Azadpur,Tomato,Hybrid,2024-01-17,2298,3089,2696,159.28
Delhi,New Delhi,Azadpur,Tomato,Hybrid,2024-01-18,2134,2651,2461,160.14
Delhi,New Delhi,Azadpur,Tomato,Hybrid,2024-01-19,2727,3553,3063,146.75
Delhi,New Delhi,Azadpur,Tomato,Hybrid,2024-01-20,2302,3101,2705,161.43
Delhi,New Delhi,Azadpur,Tomato,Hybrid,2024-01-21,2789,3428,3092,98.8
Delhi,New Delhi,Azadpur,Tomato,Hybrid,2024-01-22,2185,2715,2483,149.41
Delhi,New Delhi,Azadpur,Tomato,Hybrid,2024-01-23,1938,2512,2273,205.59
Delhi,New Delhi,Azadpur,Tomato,Hybrid,2024-01-24,2422,3058,2667,162.92
Delhi,New Delhi,Azadpur,Tomato,Hybrid,2024-01-25,2081,2772,2387,161.43
Delhi,New Delhi,Azadpur,Tomato,Hybrid,2024-01-26,2123,2708,2495,164.7
Delhi,New Delhi,Azadpur,Tomato,Hybrid,2024-01-27,2257,3095,2637,123.51
Delhi,New Delhi,Azadpur,Tomato,Hybrid,2024-01-28,2508,3170,2749,140.55
Delhi,New Delhi,Azadpur,Tomato,Hybrid,2024-01-29,2445,3091,2713,166.27
Delhi,New Delhi,Azadpur,Tomato,Hybrid,2024-01-30,2238,2846,2463,161.26
Delhi,New Delhi,Azadpur,Tomato,Hybrid,2024-01-31,1982,2598,2313,177.28
Delhi,New Delhi,Azadpur,Tomato,Hybrid,2024-02-01,2324,2974,2625,151.69
Delhi,New Delhi,Azadpur,Tomato,Hybrid,2024-02-02,1991,2571,2214,179.35
Delhi,New Delhi,Azadpur,Tomato,Hybrid,2024-02-03,2129,2581,2372,150.04
Delhi,New Delhi,Azadpur,Tomato,Hybrid,2024-02-04,1854,2455,2147,176.47
Delhi,New Delhi,Azadpur,Tomato,Hybrid,2024-02-05,2183,2976,2547,173.84
Delhi,New Delhi,Azadpur,Tomato,Hybrid,2024-02-06,1691,2121,1906,193.78
Delhi,New Delhi,Azadpur,Tomato,Hybrid,2024-02-07,2166,2783,2374,160.6
Delhi,New Delhi,Azadpur,Tomato,Hybrid,2024-02-08,1994,2654,2287,150.32
Delhi,New Delhi,Azadpur,Tomato,Hybrid,2024-02-09,1903,2398,2169,181.18
Delhi,New Delhi,Azadpur,Tomato,Hybrid,2024-02-10,2109,2732,2347,174.71
Delhi,New Delhi,Azadpur,Tomato,Hybrid,2024-02-11,2039,2465,2301,146.21
Delhi,New Delhi,Azadpur,Tomato,Hybrid,2024-02-12,2206,2829,2458,171.41
Delhi,New Delhi,Azadpur,Tomato,Hybrid,2024-02-13,1655,2187,1926,207.36
Delhi,New Delhi,Azadpur,Tomato,Hybrid,2024-02-14,1743,2229,1971,197.83
Delhi,New Delhi,Azadpur,Tomato,Hybrid,2024-02-15,2058,2526,2283,159.4
Delhi,New Delhi,Azadpur,Tomato,Hybrid,2024-02-16,1947,2444,2161,202.07
Delhi,New Delhi,Azadpur,Tomato,Hybrid,2024-02-17,1924,2385,2102,186.04
Delhi,New Delhi,Azadpur,Tomato,Hybrid,2024-02-18,1710,2188,1949,193.4
Delhi,New Delhi,Azadpur,Tomato,Hybrid,2024-02-19,1657,2261,1920,177.96
Delhi,New Delhi,Azadpur,Tomato,Hybrid,2024-02-20,1752,2158,1930,218.16
Delhi,New Delhi,Azadpur,Tomato,Hybrid,2024-02-21,1391,1804,1591,266.77
Delhi,New Delhi,Azadpur,Tomato,Hybrid,2024-02-22,2134,2715,2445,161.01
Delhi,New Delhi,Azadpur,Tomato,Hybrid,2024-02-23,1552,2096,1808,217.12
Delhi,New Delhi,Azadpur,Tomato,Hybrid,2024-02-24,1617,2163,1855,209.01
Delhi,New Delhi,Azadpur,Tomato,Hybrid,2024-02-25,1387,1730,1556,252.26
Delhi,New Delhi,Azadpur,Tomato,Hybrid,2024-02-26,1428,1715,1536,260.26
Delhi,New Delhi,Azadpur,Tomato,Hybrid,2024-02-27,1800,2378,2047,179.22
Delhi,New Delhi,Azadpur,Tomato,Hybrid,2024-02-28,1819,2465,2119,181.4
Delhi,New Delhi,Azadpur,Tomato,Hybrid,2024-02-29,1339,1717,1554,265.13
Delhi,New Delhi,Azadpur,Tomato,Hybrid,2024-03-01,1420,1824,1610,245.29
Delhi,New Delhi,Azadpur,Tomato,Hybrid,2024-03-02,1553,1917,1696,242.86
Delhi,New Delhi,Azadpur,Tomato,Hybrid,2024-03-03,1618,2121,1806,216.5
Delhi,New Delhi,Azadpur,Tomato,Hybrid,2024-03-04,1319,1660,1520,268.27
Delhi,New Delhi,Azadpur,Tomato,Hybrid,2024-03-05,1355,1706,1522,280.48
Delhi,New Delhi,Azadpur,Tomato,Hybrid,2024-03-06,1383,1759,1622,218.93
Delhi,New Delhi,Azadpur,Tomato,Hybrid,2024-03-07,1468,1872,1661,245.55
Delhi,New Delhi,Azadpur,Tomato,Hybrid,2024-03-08,1702,2152,1865,201.27
Delhi,New Delhi,Azadpur,Tomato,Hybrid,2024-03-09,1207,1543,1376,297.7
Delhi,New Delhi,Azadpur,Tomato,Hybrid,2024-03-10,1698,2103,1938,192.71
Delhi,New Delhi,Azadpur,Tomato,Hybrid,2024-03-11,1330,1742,1532,257.63
Delhi,New Delhi,Azadpur,Tomato,Hybrid,2024-03-12,1202,1551,1352,291.16
Delhi,New Delhi,Azadpur,Tomato,Hybrid,2024-03-13,1501,1856,1719,230.94
Delhi,New Delhi,Azadpur,Tomato,Hybrid,2024-03-14,1290,1665,1439,284.25
Delhi,New Delhi,Azadpur,Tomato,Hybrid,2024-03-15,1470,1882,1708,217.38
Delhi,New Delhi,Azadpur,Tomato,Hybrid,2024-03-16,1309,1733,1508,257.22
Delhi,New Delhi,Azadpur,Tomato,Hybrid,2024-03-17,1417,1777,1586,259.99
Delhi,New Delhi,Azadpur,Tomato,Hybrid,2024-03-18,1169,1534,1302,273.77
Delhi,New Delhi,Azadpur,Tomato,Hybrid,2024-03-19,1245,1611,1379,302.03
Delhi,New Delhi,Azadpur,Tomato,Hybrid,2024-03-20,1304,1677,1476,266.73
Delhi,New Delhi,Azadpur,Tomato,Hybrid,2024-03-21,1215,1609,1397,284.44
Delhi,New Delhi,Azadpur,Tomato,Hybrid,2024-03-22,900,1116,987,403.57
Delhi,New Delhi,Azadpur,Tomato,Hybrid,2024-03-23,953,1221,1073,386.38
Delhi,New Delhi,Azadpur,Tomato,Hybrid,2024-03-24,1117,1357,1205,322.53
Delhi,New Delhi,Azadpur,Tomato,Hybrid,2024-03-25,1001,1270,1139,371.0
Delhi,New Delhi,Azadpur,Tomato,Hybrid,2024-03-26,1370,1724,1533,224.2
Delhi,New Delhi,Azadpur,Tomato,Hybrid,2024-03-27,1110,1394,1286,291.12
Delhi,New Delhi,Azadpur,Tomato,Hybrid,2024-03-28,1183,1460,1310,312.22
Delhi,New Delhi,Azadpur,Tomato,Hybrid,2024-03-29,1200,1461,1316,311.81
Delhi,New Delhi,Azadpur,Tomato,Hybrid,2024-03-30,1046,1322,1200,334.16
Delhi,New Delhi,Azadpur,Tomato,Hybrid,2024-03-31,1310,1657,1537,250.99
Delhi,New Delhi,Azadpur,Tomato,Hybrid,2024-04-01,871,1161,1003,385.17
Delhi,New Delhi,Azadpur,Tomato,Hybrid,2024-04-02,1059,1334,1197,331.05
Delhi,New Delhi,Azadpur,Tomato,Hybrid,2024-04-03,1163,1475,1283,297.6
Delhi,New Delhi,Azadpur,Tomato,Hybrid,2024-04-04,1253,1515,1354,319.76
Delhi,New Delhi,Azadpur,Tomato,Hybrid,2024-04-05,990,1155,1071,406.53
Delhi,New Delhi,Azadpur,Tomato,Hybrid,2024-04-06,1463,1817,1602,247.37
Delhi,New Delhi,Azadpur,Tomato,Hybrid,2024-04-07,1104,1434,1296,295.71
Delhi,New Delhi,Azadpur,Tomato,Hybrid,2024-04-08,1196,1412,1303,305.09
Delhi,New Delhi,Azadpur,Tomato,Hybrid,2024-04-09,1071,1319,1200,317.49
Delhi,New Delhi,Azadpur,Tomato,Hybrid,2024-04-10,1185,1548,1345,291.04
Delhi,New Delhi,Azadpur,Tomato,Hybrid,2024-04-11,857,1038,927,426.18
Delhi,New Delhi,Azadpur,Tomato,Hybrid,2024-04-12,834,1058,979,425.02
Delhi,New Delhi,Azadpur,Tomato,Hybrid,2024-04-13,1358,1776,1549,255.06
Delhi,New Delhi,Azadpur,Tomato,Hybrid,2024-04-14,1339,1763,1506,278.66
Delhi,New Delhi,Azadpur,Tomato,Hybrid,2024-04-15,520,662,600,650.37
Delhi,New Delhi,Azadpur,Tomato,Hybrid,2024-04-16,998,1266,1147,338.96
Delhi,New Delhi,Azadpur,Tomato,Hybrid,2024-04-17,840,1052,966,426.76
Delhi,New Delhi,Azadpur,Tomato,Hybrid,2024-04-18,901,1145,1017,394.47
Delhi,New Delhi,Azadpur,Tomato,Hybrid,2024-04-19,1211,1423,1324,320.64
Delhi,New Delhi,Azadpur,Tomato,Hybrid,2024-04-20,763,976,886,432.37
Delhi,New Delhi,Azadpur,Tomato,Hybrid,2024-04-21,1175,1447,1301,275.18
Delhi,New Delhi,Azadpur,Tomato,Hybrid,2024-04-22,748,968,857,480.73
Delhi,New Delhi,Azadpur,Tomato,Hybrid,2024-04-23,1119,1331,1233,319.4
Delhi,New Delhi,Azadpur,Tomato,Hybrid,2024-04-24,1077,1390,1198,341.16
Delhi,New Delhi,Azadpur,Tomato,Hybrid,2024-04-25,721,914,809,482.39
Delhi,New Delhi,Azadpur,Tomato,Hybrid,2024-04-26,1477,1865,1595,269.21
Delhi,New Delhi,Azadpur,Tomato,Hybrid,2024-04-27,1062,1241,1148,349.47
Delhi,New Delhi,Azadpur,Tomato,Hybrid,2024-04-28,1138,1396,1240,293.29
Delhi,New Delhi,Azadpur,Tomato,Hybrid,2024-04-29,802,1061,922,435.68
Delhi,New Delhi,Azadpur,Tomato,Hybrid,2024-04-30,875,1113,1004,379.15
Delhi,New Delhi,Azadpur,Tomato,Hybrid,2024-05-01,815,985,911,455.98
Delhi,New Delhi,Azadpur,Tomato,Hybrid,2024-05-02,899,1146,997,414.87
Delhi,New Delhi,Azadpur,Tomato,Hybrid,2024-05-03,1051,1306,1169,335.29
Delhi,New Delhi,Azadpur,Tomato,Hybrid,2024-05-04,831,1099,948,427.68
Delhi,New Delhi,Azadpur,Tomato,Hybrid,2024-05-05,1309,1699,1479,279.21
Delhi,New Delhi,Azadpur,Tomato,Hybrid,2024-05-06,715,935,794,491.16
Delhi,New Delhi,Azadpur,Tomato,Hybrid,2024-05-07,936,1170,1036,353.6
Delhi,New Delhi,Azadpur,Tomato,Hybrid,2024-05-08,1043,1439,1220,333.73
Delhi,New Delhi,Azadpur,Tomato,Hybrid,2024-05-09,1126,1453,1248,323.26
Delhi,New Delhi,Azadpur,Tomato,Hybrid,2024-05-10,982,1165,1067,359.19
Delhi,New Delhi,Azadpur,Tomato,Hybrid,2024-05-11,984,1228,1072,374.12
Delhi,New Delhi,Azadpur,Tomato,Hybrid,2024-05-12,1382,1707,1564,254.37
Delhi,New Delhi,Azadpur,Tomato,Hybrid,2024-05-13,991,1286,1110,329.22
Delhi,New Delhi,Azadpur,Tomato,Hybrid,2024-05-14,1130,1351,1238,340.35
Delhi,New Delhi,Azadpur,Tomato,Hybrid,2024-05-15,1034,1273,1142,344.0
Delhi,New Delhi,Azadpur,Tomato,Hybrid,2024-05-16,931,1207,1094,372.47
Delhi,New Delhi,Azadpur,Tomato,Hybrid,2024-05-17,703,918,787,520.88
Delhi,New Delhi,Azadpur,Tomato,Hybrid,2024-05-18,1013,1291,1142,352.76
Delhi,New Delhi,Azadpur,Tomato,Hybrid,2024-05-19,1331,1619,1512,248.23
Delhi,New Delhi,Azadpur,Tomato,Hybrid,2024-05-20,1025,1237,1153,339.73
Delhi,New Delhi,Azadpur,Tomato,Hybrid,2024-05-21,876,1080,979,419.93
Delhi,New Delhi,Azadpur,Tomato,Hybrid,2024-05-22,1006,1307,1158,324.41
Delhi,New Delhi,Azadpur,Tomato,Hybrid,2024-05-23,1075,1425,1246,296.47
Delhi,New Delhi,Azadpur,Tomato,Hybrid,2024-05-24,1023,1243,1153,347.86
Delhi,New Delhi,Azadpur,Tomato,Hybrid,2024-05-25,840,1060,941,430.29
Delhi,New Delhi,Azadpur,Tomato,Hybrid,2024-05-26,1291,1604,1440,286.82
Delhi,New Delhi,Azadpur,Tomato,Hybrid,2024-05-27,1235,1621,1396,276.41
Delhi,New Delhi,Azadpur,Tomato,Hybrid,2024-05-28,1086,1321,1199,337.41
Delhi,New Delhi,Azadpur,Tomato,Hybrid,2024-05-29,986,1189,1086,348.89
Delhi,New Delhi,Azadpur,Tomato,Hybrid,2024-05-30,1058,1280,1191,312.27
Delhi,New Delhi,Azadpur,Tomato,Hybrid,2024-05-31,962,1237,1086,347.37
Delhi,New Delhi,Azadpur,Tomato,Hybrid,2024-06-01,1175,1405,1279,304.11
Delhi,New Delhi,Azadpur,Tomato,Hybrid,2024-06-02,1544,1894,1710,226.99
Delhi,New Delhi,Azadpur,Tomato,Hybrid,2024-06-03,1194,1533,1305,329.4
Delhi,New Delhi,Azadpur,Tomato,Hybrid,2024-06-04,815,1053,919,433.83
Delhi,New Delhi,Azadpur,Tomato,Hybrid,2024-06-05,1254,1575,1358,296.04
Delhi,New Delhi,Azadpur,Tomato,Hybrid,2024-06-06,1119,1436,1303,299.23
Delhi,New Delhi,Azadpur,Tomato,Hybrid,2024-06-07,1562,1929,1694,240.68
Delhi,New Delhi,Azadpur,Tomato,Hybrid,2024-06-08,1243,1500,1396,272.05
Delhi,New Delhi,Azadpur,Tomato,Hybrid,2024-06-09,1259,1565,1396,276.16
Delhi,New Delhi,Azadpur,Tomato,Hybrid,2024-06-10,789,932,852,462.09
Delhi,New Delhi,Azadpur,Tomato,Hybrid,2024-06-11,1667,2185,1864,214.27
Delhi,New Delhi,Azadpur,Tomato,Hybrid,2024-06-12,1182,1568,1379,253.54
Delhi,New Delhi,Azadpur,Tomato,Hybrid,2024-06-13,1222,1544,1368,281.99
Delhi,New Delhi,Azadpur,Tomato,Hybrid,2024-06-14,1440,1745,1600,240.53
Delhi,New Delhi,Azadpur,Tomato,Hybrid,2024-06-15,1737,2168,1947,199.68
Delhi,New Delhi,Azadpur,Tomato,Hybrid,2024-06-16,1801,2227,1947,179.6
Delhi,New Delhi,Azadpur,Tomato,Hybrid,2024-06-17,1422,1668,1544,244.62
Delhi,New Delhi,Azadpur,Tomato,Hybrid,2024-06-18,1626,2059,1841,209.05
Delhi,New Delhi,Azadpur,Tomato,Hybrid,2024-06-19,1630,2171,1912,216.36
Delhi,New Delhi,Azadpur,Tomato,Hybrid,2024-06-20,1365,1744,1555,238.53
Delhi,New Delhi,Azadpur,Tomato,Hybrid,2024-06-21,1320,1645,1532,253.82
Delhi,New Delhi,Azadpur,Tomato,Hybrid,2024-06-22,1576,2153,1834,215.32
Delhi,New Delhi,Azadpur,Tomato,Hybrid,2024-06-23,1842,2372,2043,214.07
Delhi,New Delhi,Azadpur,Tomato,Hybrid,2024-06-24,1539,1928,1699,218.37
Delhi,New Delhi,Azadpur,Tomato,Hybrid,2024-06-25,1619,2037,1839,244.09
Delhi,New Delhi,Azadpur,Tomato,Hybrid,2024-06-26,1751,2284,1968,205.18
Delhi,New Delhi,Azadpur,Tomato,Hybrid,2024-06-27,1391,1750,1627,240.19
Delhi,New Delhi,Azadpur,Tomato,Hybrid,2024-06-28,1368,1737,1508,245.67
Delhi,New Delhi,Azadpur,Tomato,Hybrid,2024-06-29,1661,2091,1928,179.58
Delhi,New Delhi,Azadpur,Tomato,Hybrid,2024-06-30,1711,2254,1948,184.91
Delhi,New Delhi,Azadpur,Tomato,Hybrid,2024-07-01,1470,1801,1617,245.34
Delhi,New Delhi,Azadpur,Tomato,Hybrid,2024-07-02,1569,1953,1763,203.63
Delhi,New Delhi,Azadpur,Tomato,Hybrid,2024-07-03,1551,2104,1822,195.91
Delhi,New Delhi,Azadpur,Tomato,Hybrid,2024-07-04,2024,2487,2212,189.03
Delhi,New Delhi,Azadpur,Tomato,Hybrid,2024-07-05,1924,2330,2124,174.1
Delhi,New Delhi,Azadpur,Tomato,Hybrid,2024-07-06,1897,2280,2090,192.02
Delhi,New Delhi,Azadpur,Tomato,Hybrid,2024-07-07,1781,2327,2021,194.41
Delhi,New Delhi,Azadpur,Tomato,Hybrid,2024-07-08,1502,1951,1673,220.91
Delhi,New Delhi,Azadpur,Tomato,Hybrid,2024-07-09,1768,2349,2049,185.63
Delhi,New Delhi,Azadpur,Tomato,Hybrid,2024-07-10,1889,2363,2164,172.03
Delhi,New Delhi,Azadpur,Tomato,Hybrid,2024-07-11,1816,2300,2044,193.01
Delhi,New Delhi,Azadpur,Tomato,Hybrid,2024-07-12,1740,2262,1977,194.43
Delhi,New Delhi,Azadpur,Tomato,Hybrid,2024-07-13,1977,2407,2204,202.1
Delhi,New Delhi,Azadpur,Tomato,Hybrid,2024-07-14,1892,2381,2175,174.5
Delhi,New Delhi,Azadpur,Tomato,Hybrid,2024-07-15,2535,2990,2739,157.25
Delhi,New Delhi,Azadpur,Tomato,Hybrid,2024-07-16,2213,2715,2473,167.51
Delhi,New Delhi,Azadpur,Tomato,Hybrid,2024-07-17,2127,2725,2491,146.17
Delhi,New Delhi,Azadpur,Tomato,Hybrid,2024-07-18,2210,2859,2493,169.41
Delhi,New Delhi,Azadpur,Tomato,Hybrid,2024-07-19,1837,2362,2083,184.69
Delhi,New Delhi,Azadpur,Tomato,Hybrid,2024-07-20,1696,2042,1904,209.32
Delhi,New Delhi,Azadpur,Tomato,Hybrid,2024-07-21,2424,3035,2711,137.78
Delhi,New Delhi,Azadpur,Tomato,Hybrid,2024-07-22,1873,2471,2127,170.29
Delhi,New Delhi,Azadpur,Tomato,Hybrid,2024-07-23,2114,2789,2398,172.38
Delhi,New Delhi,Azadpur,Tomato,Hybrid,2024-07-24,2393,3173,2755,111.7
Delhi,New Delhi,Azadpur,Tomato,Hybrid,2024-07-25,2507,3005,2748,146.24
Delhi,New Delhi,Azadpur,Tomato,Hybrid,2024-07-26,2345,2910,2672,157.83
Delhi,New Delhi,Azadpur,Tomato,Hybrid,2024-07-27,2203,2837,2508,157.28
Delhi,New Delhi,Azadpur,Tomato,Hybrid,2024-07-28,2398,3015,2754,139.44
Delhi,New Delhi,Azadpur,Tomato,Hybrid,2024-07-29,2136,2709,2463,106.76
Delhi,New Delhi,Azadpur,Tomato,Hybrid,2024-07-30,2456,3020,2694,134.91
Delhi,New Delhi,Azadpur,Tomato,Hybrid,2024-07-31,2425,3312,2816,154.16
Delhi,New Delhi,Azadpur,Tomato,Hybrid,2024-08-01,2186,2739,2527,164.85
Delhi,New Delhi,Azadpur,Tomato,Hybrid,2024-08-02,2434,3170,2742,135.47
Delhi,New Delhi,Azadpur,Tomato,Hybrid,2024-08-03,2543,3012,2810,162.76
Delhi,New Delhi,Azadpur,Tomato,Hybrid,2024-08-04,2613,3297,3071,107.81
Delhi,New Delhi,Azadpur,Tomato,Hybrid,2024-08-05,2415,3176,2772,155.62
Delhi,New Delhi,Azadpur,Tomato,Hybrid,2024-08-06,2230,3066,2615,166.35
Delhi,New Delhi,Azadpur,Tomato,Hybrid,2024-08-07,2327,3021,2617,146.82
Delhi,New Delhi,Azadpur,Tomato,Hybrid,2024-08-08,2303,3123,2649,136.33
Delhi,New Delhi,Azadpur,Tomato,Hybrid,2024-08-09,2675,3144,2895,116.79
Delhi,New Delhi,Azadpur,Tomato,Hybrid,2024-08-10,2520,3228,2798,146.53
Delhi,New Delhi,Azadpur,Tomato,Hybrid,2024-08-11,2482,3207,2873,155.51
Delhi,New Delhi,Azadpur,Tomato,Hybrid,2024-08-12,2510,3315,2811,162.45
Delhi,New Delhi,Azadpur,Tomato,Hybrid,2024-08-13,2871,3635,3265,99.82
Delhi,New Delhi,Azadpur,Tomato,Hybrid,2024-08-14,2701,3490,3023,133.49
Delhi,New Delhi,Azadpur,Tomato,Hybrid,2024-08-15,2509,3249,2883,137.38
Delhi,New Delhi,Azadpur,Tomato,Hybrid,2024-08-16,3290,4062,3560,119.03
Delhi,New Delhi,Azadpur,Tomato,Hybrid,2024-08-17,2887,3454,3163,123.09
Delhi,New Delhi,Azadpur,Tomato,Hybrid,2024-08-18,2924,3781,3268,109.03
Delhi,New Delhi,Azadpur,Tomato,Hybrid,2024-08-19,2938,3570,3163,146.08
Delhi,New Delhi,Azadpur,Tomato,Hybrid,2024-08-20,3014,3730,3253,110.86
Delhi,New Delhi,Azadpur,Tomato,Hybrid,2024-08-21,2554,3221,2905,171.08
Delhi,New Delhi,Azadpur,Tomato,Hybrid,2024-08-22,3078,3717,3404,127.03
Delhi,New Delhi,Azadpur,Tomato,Hybrid,2024-08-23,3071,3904,3458,114.06
Delhi,New Delhi,Azadpur,Tomato,Hybrid,2024-08-24,2929,3877,3318,136.85
Delhi,New Delhi,Azadpur,Tomato,Hybrid,2024-08-25,2982,3806,3283,127.28
Delhi,New Delhi,Azadpur,Tomato,Hybrid,2024-08-26,2908,3772,3384,101.74
Delhi,New Delhi,Azadpur,Tomato,Hybrid,2024-08-27,2832,3552,3156,140.7
Delhi,New Delhi,Azadpur,Tomato,Hybrid,2024-08-28,2819,3738,3299,120.93
Delhi,New Delhi,Azadpur,Tomato,Hybrid,2024-08-29,2797,3697,3267,138.13
Delhi,New Delhi,Azadpur,Tomato,Hybrid,2024-08-30,2851,3502,3106,120.74
Delhi,New Delhi,Azadpur,Tomato,Hybrid,2024-08-31,2805,3310,3039,125.51
Delhi,New Delhi,Azadpur,Tomato,Hybrid,2024-09-01,3067,3849,3521,84.96
Delhi,New Delhi,Azadpur,Tomato,Hybrid,2024-09-02,2687,3493,3144,128.83
Delhi,New Delhi,Azadpur,Tomato,Hybrid,2024-09-03,3068,3930,3471,139.93
Delhi,New Delhi,Azadpur,Tomato,Hybrid,2024-09-04,3009,4029,3522,109.77
Delhi,New Delhi,Azadpur,Tomato,Hybrid,2024-09-05,2979,3798,3445,117.22
Delhi,New Delhi,Azadpur,Tomato,Hybrid,2024-09-06,3061,3844,3345,121.9
Delhi,New Delhi,Azadpur,Tomato,Hybrid,2024-09-07,3043,3840,3354,122.33
Delhi,New Delhi,Azadpur,Tomato,Hybrid,2024-09-08,3115,4089,3614,106.26
Delhi,New Delhi,Azadpur,Tomato,Hybrid,2024-09-09,3123,3642,3404,127.5
Delhi,New Delhi,Azadpur,Tomato,Hybrid,2024-09-10,3129,4147,3648,104.5
Delhi,New Delhi,Azadpur,Tomato,Hybrid,2024-09-11,3163,4022,3679,106.47
Delhi,New Delhi,Azadpur,Tomato,Hybrid,2024-09-12,3083,4121,3535,105.3
Delhi,New Delhi,Azadpur,Tomato,Hybrid,2024-09-13,3481,4212,3900,123.52
Delhi,New Delhi,Azadpur,Tomato,Hybrid,2024-09-14,3059,3944,3446,110.02
Delhi,New Delhi,Azadpur,Tomato,Hybrid,2024-09-15,3538,4115,3825,111.65
Delhi,New Delhi,Azadpur,Tomato,Hybrid,2024-09-16,2941,3689,3355,105.21
Delhi,New Delhi,Azadpur,Tomato,Hybrid,2024-09-17,2702,3470,3033,138.73
Delhi,New Delhi,Azadpur,Tomato,Hybrid,2024-09-18,2891,3712,3349,108.6
Delhi,New Delhi,Azadpur,Tomato,Hybrid,2024-09-19,3472,4211,3843,115.2
Delhi,New Delhi,Azadpur,Tomato,Hybrid,2024-09-20,3553,4520,3998,127.59
Delhi,New Delhi,Azadpur,Tomato,Hybrid,2024-09-21,3888,4637,4285,87.1
Delhi,New Delhi,Azadpur,Tomato,Hybrid,2024-09-22,3194,4396,3734,112.04
Delhi,New Delhi,Azadpur,Tomato,Hybrid,2024-09-23,3016,3940,3393,113.13
Delhi,New Delhi,Azadpur,Tomato,Hybrid,2024-09-24,3305,4276,3763,112.36
Delhi,New Delhi,Azadpur,Tomato,Hybrid,2024-09-25,3559,4379,3870,98.3
Delhi,New Delhi,Azadpur,Tomato,Hybrid,2024-09-26,2992,4070,3509,97.66
Delhi,New Delhi,Azadpur,Tomato,Hybrid,2024-09-27,2988,3905,3366,109.41
Delhi,New Delhi,Azadpur,Tomato,Hybrid,2024-09-28,3082,3876,3503,105.76
Delhi,New Delhi,Azadpur,Tomato,Hybrid,2024-09-29,3577,4694,4028,80.7
Delhi,New Delhi,Azadpur,Tomato,Hybrid,2024-09-30,3440,4356,3776,100.7
Delhi,New Delhi,Azadpur,Tomato,Hybrid,2024-10-01,3594,4304,3889,110.3
Delhi,New Delhi,Azadpur,Tomato,Hybrid,2024-10-02,3197,4121,3759,105.38
Delhi,New Delhi,Azadpur,Tomato,Hybrid,2024-10-03,3269,4060,3783,97.82
Delhi,New Delhi,Azadpur,Tomato,Hybrid,2024-10-04,3420,4328,3705,113.9
Delhi,New Delhi,Azadpur,Tomato,Hybrid,2024-10-05,3517,4872,4135,113.33
Delhi,New Delhi,Azadpur,Tomato,Hybrid,2024-10-06,3460,4138,3755,124.8
Delhi,New Delhi,Azadpur,Tomato,Hybrid,2024-10-07,3360,3948,3637,111.01
Delhi,New Delhi,Azadpur,Tomato,Hybrid,2024-10-08,3601,4498,3952,77.93
Delhi,New Delhi,Azadpur,Tomato,Hybrid,2024-10-09,3558,4302,3858,123.05
Delhi,New Delhi,Azadpur,Tomato,Hybrid,2024-10-10,3044,3970,3436,151.53
Delhi,New Delhi,Azadpur,Tomato,Hybrid,2024-10-11,3043,3754,3495,117.63
Delhi,New Delhi,Azadpur,Tomato,Hybrid,2024-10-12,3114,4126,3613,116.28
Delhi,New Delhi,Azadpur,Tomato,Hybrid,2024-10-13,3835,5033,4308,104.01
Delhi,New Delhi,Azadpur,Tomato,Hybrid,2024-10-14,3325,3940,3581,125.25
Delhi,New Delhi,Azadpur,Tomato,Hybrid,2024-10-15,3313,4566,3877,81.29
Delhi,New Delhi,Azadpur,Tomato,Hybrid,2024-10-16,3811,4749,4223,125.26
Delhi,New Delhi,Azadpur,Tomato,Hybrid,2024-10-17,3596,4422,3963,94.22
Delhi,New Delhi,Azadpur,Tomato,Hybrid,2024-10-18,3284,4117,3785,115.65
Delhi,New Delhi,Azadpur,Tomato,Hybrid,2024-10-19,3820,4636,4169,89.29
Delhi,New Delhi,Azadpur,Tomato,Hybrid,2024-10-20,3861,4835,4442,98.82
Delhi,New Delhi,Azadpur,Tomato,Hybrid,2024-10-21,3645,4347,3926,105.68
Delhi,New Delhi,Azadpur,Tomato,Hybrid,2024-10-22,3270,4229,3755,116.3
Delhi,New Delhi,Azadpur,Tomato,Hybrid,2024-10-23,3284,4049,3770,97.48
Delhi,New Delhi,Azadpur,Tomato,Hybrid,2024-10-24,3388,4302,3951,128.57
Delhi,New Delhi,Azadpur,Tomato,Hybrid,2024-10-25,3446,4633,4018,85.94
Delhi,New Delhi,Azadpur,Tomato,Hybrid,2024-10-26,3455,4684,4037,106.8
Delhi,New Delhi,Azadpur,Tomato,Hybrid,2024-10-27,3928,5008,4374,90.17
Delhi,New Delhi,Azadpur,Tomato,Hybrid,2024-10-28,3218,4042,3772,138.13
Delhi,New Delhi,Azadpur,Tomato,Hybrid,2024-10-29,3616,4568,4039,85.52
Delhi,New Delhi,Azadpur,Tomato,Hybrid,2024-10-30,3662,4414,3963,92.37
Delhi,New Delhi,Azadpur,Tomato,Hybrid,2024-10-31,3867,4776,4237,102.02
Delhi,New Delhi,Azadpur,Tomato,Hybrid,2024-11-01,3594,4278,3902,116.95
Delhi,New Delhi,Azadpur,Tomato,Hybrid,2024-11-02,3602,4399,3942,99.62
Delhi,New Delhi,Azadpur,Tomato,Hybrid,2024-11-03,3651,4599,3959,88.92
Delhi,New Delhi,Azadpur,Tomato,Hybrid,2024-11-04,3868,4849,4356,105.58
Delhi,New Delhi,Azadpur,Tomato,Hybrid,2024-11-05,3183,4007,3577,96.45
Delhi,New Delhi,Azadpur,Tomato,Hybrid,2024-11-06,3310,4074,3715,107.49
Delhi,New Delhi,Azadpur,Tomato,Hybrid,2024-11-07,3477,4443,3863,125.04
Delhi,New Delhi,Azadpur,Tomato,Hybrid,2024-11-08,3417,4310,3878,131.9
Delhi,New Delhi,Azadpur,Tomato,Hybrid,2024-11-09,3602,4576,3924,134.73
Delhi,New Delhi,Azadpur,Tomato,Hybrid,2024-11-10,3641,4461,4044,95.17
Delhi,New Delhi,Azadpur,Tomato,Hybrid,2024-11-11,3535,4472,4081,108.87
Delhi,New Delhi,Azadpur,Tomato,Hybrid,2024-11-12,3195,4039,3654,109.63
Delhi,New Delhi,Azadpur,Tomato,Hybrid,2024-11-13,3497,4169,3830,96.06
Delhi,New Delhi,Azadpur,Tomato,Hybrid,2024-11-14,3646,4347,3929,96.47
Delhi,New Delhi,Azadpur,Tomato,Hybrid,2024-11-15,3638,4560,3944,85.53
Delhi,New Delhi,Azadpur,Tomato,Hybrid,2024-11-16,3200,3869,3582,125.49
Delhi,New Delhi,Azadpur,Tomato,Hybrid,2024-11-17,3973,4708,4285,106.3
Delhi,New Delhi,Azadpur,Tomato,Hybrid,2024-11-18,3480,4442,3839,97.71
Delhi,New Delhi,Azadpur,Tomato,Hybrid,2024-11-19,3335,4141,3743,93.87
Delhi,New Delhi,Azadpur,Tomato,Hybrid,2024-11-20,3516,4362,3847,119.98
Delhi,New Delhi,Azadpur,Tomato,Hybrid,2024-11-21,3398,4080,3708,123.87
Delhi,New Delhi,Azadpur,Tomato,Hybrid,2024-11-22,3143,3911,3539,115.42
Delhi,New Delhi,Azadpur,Tomato,Hybrid,2024-11-23,3647,4210,3927,93.03
Delhi,New Delhi,Azadpur,Tomato,Hybrid,2024-11-24,3203,4183,3754,118.18
Delhi,New Delhi,Azadpur,Tomato,Hybrid,2024-11-25,3470,4071,3772,144.53
Delhi,New Delhi,Azadpur,Tomato,Hybrid,2024-11-26,3655,4747,4045,115.34
Delhi,New Delhi,Azadpur,Tomato,Hybrid,2024-11-27,2876,3681,3288,110.25
Delhi,New Delhi,Azadpur,Tomato,Hybrid,2024-11-28,3283,3818,3536,82.28
Delhi,New Delhi,Azadpur,Tomato,Hybrid,2024-11-29,3383,4365,3759,117.63
Delhi,New Delhi,Azadpur,Tomato,Hybrid,2024-11-30,3136,3947,3552,82.51
Delhi,New Delhi,Azadpur,Tomato,Hybrid,2024-12-01,3332,4022,3704,104.52
Delhi,New Delhi,Azadpur,Tomato,Hybrid,2024-12-02,3177,4153,3629,109.28
Delhi,New Delhi,Azadpur,Tomato,Hybrid,2024-12-03,3498,4218,3802,103.95
Delhi,New Delhi,Azadpur,Tomato,Hybrid,2024-12-04,3584,4257,3884,87.76
Delhi,New Delhi,Azadpur,Tomato,Hybrid,2024-12-05,3367,3994,3628,117.93
Delhi,New Delhi,Azadpur,Tomato,Hybrid,2024-12-06,3313,4083,3730,133.65
Delhi,New Delhi,Azadpur,Tomato,Hybrid,2024-12-07,3098,3804,3465,123.35
Delhi,New Delhi,Azadpur,Tomato,Hybrid,2024-12-08,3230,4008,3658,97.24
Delhi,New Delhi,Azadpur,Tomato,Hybrid,2024-12-09,3449,4312,3803,103.75
Delhi,New Delhi,Azadpur,Tomato,Hybrid,2024-12-10,3163,4237,3664,99.7
Delhi,New Delhi,Azadpur,Tomato,Hybrid,2024-12-11,3062,4061,3487,90.77
Delhi,New Delhi,Azadpur,Tomato,Hybrid,2024-12-12,3113,4147,3614,94.03
Delhi,New Delhi,Azadpur,Tomato,Hybrid,2024-12-13,3138,4137,3530,125.35
Delhi,New Delhi,Azadpur,Tomato,Hybrid,2024-12-14,2842,3633,3171,169.77
Delhi,New Delhi,Azadpur,Tomato,Hybrid,2024-12-15,3211,3909,3517,110.89
Delhi,New Delhi,Azadpur,Tomato,Hybrid,2024-12-16,3232,4101,3512,100.99
Delhi,New Delhi,Azadpur,Tomato,Hybrid,2024-12-17,3045,3853,3390,133.63
Delhi,New Delhi,Azadpur,Tomato,Hybrid,2024-12-18,3232,4070,3630,105.3
Delhi,New Delhi,Azadpur,Tomato,Hybrid,2024-12-19,2983,3888,3452,116.82
Delhi,New Delhi,Azadpur,Tomato,Hybrid,2024-12-20,3242,4076,3551,121.0
Delhi,New Delhi,Azadpur,Tomato,Hybrid,2024-12-21,3264,3866,3542,105.65
Delhi,New Delhi,Azadpur,Tomato,Hybrid,2024-12-22,3217,4032,3568,125.96
Delhi,New Delhi,Azadpur,Tomato,Hybrid,2024-12-23,3374,4260,3790,105.68
Delhi,New Delhi,Azadpur,Tomato,Hybrid,2024-12-24,2798,3540,3243,110.09
Delhi,New Delhi,Azadpur,Tomato,Hybrid,2024-12-25,3114,3766,3465,90.89
Delhi,New Delhi,Azadpur,Tomato,Hybrid,2024-12-26,2995,3798,3447,124.51
Delhi,New Delhi,Azadpur,Tomato,Hybrid,2024-12-27,2818,3610,3190,127.74
Delhi,New Delhi,Azadpur,Tomato,Hybrid,2024-12-28,2900,3571,3229,102.65
Delhi,New Delhi,Azadpur,Tomato,Hybrid,2024-12-29,3082,4090,3519,119.27
Delhi,New Delhi,Azadpur,Tomato,Hybrid,2024-12-30,2854,3433,3093,160.82
Delhi,New Delhi,Azadpur,Tomato,Hybrid,2024-12-31,2849,3561,3214,95.49
Delhi,New Delhi,Azadpur,Tomato,Hybrid,2025-01-01,3154,4043,3435,127.11
Delhi,New Delhi,Azadpur,Tomato,Hybrid,2025-01-02,2983,3873,3384,102.22
Delhi,New Delhi,Azadpur,Tomato,Hybrid,2025-01-03,2920,3777,3215,123.02
Delhi,New Delhi,Azadpur,Tomato,Hybrid,2025-01-04,2708,3457,3112,147.33
Delhi,New Delhi,Azadpur,Tomato,Hybrid,2025-01-05,2921,3700,3281,114.7
Delhi,New Delhi,Azadpur,Tomato,Hybrid,2025-01-06,2624,3295,2969,117.54
Delhi,New Delhi,Azadpur,Tomato,Hybrid,2025-01-07,2783,3616,3107,148.86
Delhi,New Delhi,Azadpur,Tomato,Hybrid,2025-01-08,2715,3346,2993,136.34
Delhi,New Delhi,Azadpur,Tomato,Hybrid,2025-01-09,2665,3325,2998,130.79
Delhi,New Delhi,Azadpur,Tomato,Hybrid,2025-01-10,2909,3500,3191,108.08
Delhi,New Delhi,Azadpur,Tomato,Hybrid,2025-01-11,2333,2873,2683,163.46
Delhi,New Delhi,Azadpur,Tomato,Hybrid,2025-01-12,2704,3274,3008,125.82
Delhi,New Delhi,Azadpur,Tomato,Hybrid,2025-01-13,2983,3666,3414,127.72
Delhi,New Delhi,Azadpur,Tomato,Hybrid,2025-01-14,2506,3065,2743,161.4
Delhi,New Delhi,Azadpur,Tomato,Hybrid,2025-01-15,2785,3377,3070,84.84
Delhi,New Delhi,Azadpur,Tomato,Hybrid,2025-01-16,2550,3255,2910,120.73
Delhi,New Delhi,Azadpur,Tomato,Hybrid,2025-01-17,2551,3204,2836,172.79
Delhi,New Delhi,Azadpur,Tomato,Hybrid,2025-01-18,2692,3452,3016,146.71
Delhi,New Delhi,Azadpur,Tomato,Hybrid,2025-01-19,2577,3368,2918,151.2
Delhi,New Delhi,Azadpur,Tomato,Hybrid,2025-01-20,2380,2773,2583,155.39
Delhi,New Delhi,Azadpur,Tomato,Hybrid,2025-01-21,2719,3158,2935,146.89
Delhi,New Delhi,Azadpur,Tomato,Hybrid,2025-01-22,2137,2633,2438,191.1
Delhi,New Delhi,Azadpur,Tomato,Hybrid,2025-01-23,2167,2871,2524,197.37
Delhi,New Delhi,Azadpur,Tomato,Hybrid,2025-01-24,2648,3201,2871,149.47
Delhi,New Delhi,Azadpur,Tomato,Hybrid,2025-01-25,2206,2778,2493,151.45
Delhi,New Delhi,Azadpur,Tomato,Hybrid,2025-01-26,2887,3572,3172,149.46
Delhi,New Delhi,Azadpur,Tomato,Hybrid,2025-01-27,2164,2909,2535,152.56
Delhi,New Delhi,Azadpur,Tomato,Hybrid,2025-01-28,2357,2894,2550,172.45
Delhi,New Delhi,Azadpur,Tomato,Hybrid,2025-01-29,2436,3092,2788,147.86
Delhi,New Delhi,Azadpur,Tomato,Hybrid,2025-01-30,2277,3041,2579,150.98
Delhi,New Delhi,Azadpur,Tomato,Hybrid,2025-01-31,2737,3390,3067,109.16
Delhi,New Delhi,Azadpur,Tomato,Hybrid,2025-02-01,2208,2757,2421,168.31
Delhi,New Delhi,Azadpur,Tomato,Hybrid,2025-02-02,2122,2650,2310,163.08
Delhi,New Delhi,Azadpur,Tomato,Hybrid,2025-02-03,2455,3214,2864,152.6
Delhi,New Delhi,Azadpur,Tomato,Hybrid,2025-02-04,2087,2704,2311,162.46
Delhi,New Delhi,Azadpur,Tomato,Hybrid,2025-02-05,1919,2481,2128,179.55
Delhi,New Delhi,Azadpur,Tomato,Hybrid,2025-02-06,2234,2884,2502,164.02
Delhi,New Delhi,Azadpur,Tomato,Hybrid,2025-02-07,2007,2566,2278,160.1
Delhi,New Delhi,Azadpur,Tomato,Hybrid,2025-02-08,2019,2532,2298,169.24
Delhi,New Delhi,Azadpur,Tomato,Hybrid,2025-02-09,2441,3007,2633,153.86
Delhi,New Delhi,Azadpur,Tomato,Hybrid,2025-02-10,1958,2548,2259,193.94
Delhi,New Delhi,Azadpur,Tomato,Hybrid,2025-02-11,2264,2897,2609,157.34
Delhi,New Delhi,Azadpur,Tomato,Hybrid,2025-02-12,2061,2683,2327,168.42
Delhi,New Delhi,Azadpur,Tomato,Hybrid,2025-02-13,1832,2389,2045,207.08
Delhi,New Delhi,Azadpur,Tomato,Hybrid,2025-02-14,2030,2524,2341,168.59
Delhi,New Delhi,Azadpur,Tomato,Hybrid,2025-02-15,1959,2609,2225,195.45
Delhi,New Delhi,Azadpur,Tomato,Hybrid,2025-02-16,2292,2930,2588,117.54
Delhi,New Delhi,Azadpur,Tomato,Hybrid,2025-02-17,1795,2182,1950,202.46
Delhi,New Delhi,Azadpur,Tomato,Hybrid,2025-02-18,1604,2070,1887,213.77
Delhi,New Delhi,Azadpur,Tomato,Hybrid,2025-02-19,1814,2150,1966,205.85
Delhi,New Delhi,Azadpur,Tomato,Hybrid,2025-02-20,1660,2252,1950,195.43
Delhi,New Delhi,Azadpur,Tomato,Hybrid,2025-02-21,1820,2317,2104,202.37
Delhi,New Delhi,Azadpur,Tomato,Hybrid,2025-02-22,1871,2475,2151,183.61
Delhi,New Delhi,Azadpur,Tomato,Hybrid,2025-02-23,1575,1915,1777,214.85
Delhi,New Delhi,Azadpur,Tomato,Hybrid,2025-02-24,1631,1935,1796,231.61
Delhi,New Delhi,Azadpur,Tomato,Hybrid,2025-02-25,1847,2236,1992,201.72
Delhi,New Delhi,Azadpur,Tomato,Hybrid,2025-02-26,1531,1981,1771,244.59
Delhi,New Delhi,Azadpur,Tomato,Hybrid,2025-02-27,1762,2210,1957,189.58
Delhi,New Delhi,Azadpur,Tomato,Hybrid,2025-02-28,1549,1908,1732,233.62
Delhi,New Delhi,Azadpur,Tomato,Hybrid,2025-03-01,1439,1854,1691,224.81
Delhi,New Delhi,Azadpur,Tomato,Hybrid,2025-03-02,1582,2074,1776,233.96
Delhi,New Delhi,Azadpur,Tomato,Hybrid,2025-03-03,1413,1799,1606,270.42
Delhi,New Delhi,Azadpur,Tomato,Hybrid,2025-03-04,1683,2227,1914,190.32
Delhi,New Delhi,Azadpur,Tomato,Hybrid,2025-03-05,1692,2104,1925,226.74
Delhi,New Delhi,Azadpur,Tomato,Hybrid,2025-03-06,1531,1925,1764,247.55
Delhi,New Delhi,Azadpur,Tomato,Hybrid,2025-03-07,1616,2099,1861,204.13
Delhi,New Delhi,Azadpur,Tomato,Hybrid,2025-03-08,2032,2573,2208,159.13
Delhi,New Delhi,Azadpur,Tomato,Hybrid,2025-03-09,1598,2054,1807,218.66
Delhi,New Delhi,Azadpur,Tomato,Hybrid,2025-03-10,1788,2366,2073,202.39
Delhi,New Delhi,Azadpur,Tomato,Hybrid,2025-03-11,1587,2077,1809,208.05
Delhi,New Delhi,Azadpur,Tomato,Hybrid,2025-03-12,1494,1804,1648,231.96
Delhi,New Delhi,Azadpur,Tomato,Hybrid,2025-03-13,1585,1959,1767,242.24
Delhi,New Delhi,Azadpur,Tomato,Hybrid,2025-03-14,1921,2482,2164,176.22
Delhi,New Delhi,Azadpur,Tomato,Hybrid,2025-03-15,1156,1427,1333,292.49
Delhi,New Delhi,Azadpur,Tomato,Hybrid,2025-03-16,1804,2157,1975,187.93
Delhi,New Delhi,Azadpur,Tomato,Hybrid,2025-03-17,1421,1766,1539,266.08
Delhi,New Delhi,Azadpur,Tomato,Hybrid,2025-03-18,1286,1587,1482,270.68
Delhi,New Delhi,Azadpur,Tomato,Hybrid,2025-03-19,1244,1509,1363,309.86
Delhi,New Delhi,Azadpur,Tomato,Hybrid,2025-03-20,1291,1655,1494,268.09
Delhi,New Delhi,Azadpur,Tomato,Hybrid,2025-03-21,1059,1256,1162,324.96
Delhi,New Delhi,Azadpur,Tomato,Hybrid,2025-03-22,1476,2026,1726,222.75
Delhi,New Delhi,Azadpur,Tomato,Hybrid,2025-03-23,1336,1664,1465,248.67
Delhi,New Delhi,Azadpur,Tomato,Hybrid,2025-03-24,1463,1977,1702,243.32
Delhi,New Delhi,Azadpur,Tomato,Hybrid,2025-03-25,1480,1843,1607,271.89
Delhi,New Delhi,Azadpur,Tomato,Hybrid,2025-03-26,1238,1498,1392,264.05
Delhi,New Delhi,Azadpur,Tomato,Hybrid,2025-03-27,1244,1711,1460,300.13
Delhi,New Delhi,Azadpur,Tomato,Hybrid,2025-03-28,1261,1573,1452,290.41
Delhi,New Delhi,Azadpur,Tomato,Hybrid,2025-03-29,1019,1346,1144,335.02
Delhi,New Delhi,Azadpur,Tomato,Hybrid,2025-03-30,1587,1974,1759,227.85
Delhi,New Delhi,Azadpur,Tomato,Hybrid,2025-03-31,1223,1466,1330,315.19
Delhi,New Delhi,Azadpur,Tomato,Hybrid,2025-04-01,1465,1704,1584,253.13
Delhi,New Delhi,Azadpur,Tomato,Hybrid,2025-04-02,796,1023,884,448.24
Delhi,New Delhi,Azadpur,Tomato,Hybrid,2025-04-03,1326,1586,1462,245.03
Delhi,New Delhi,Azadpur,Tomato,Hybrid,2025-04-04,1338,1600,1445,292.27
Delhi,New Delhi,Azadpur,Tomato,Hybrid,2025-04-05,1159,1592,1353,277.88
Delhi,New Delhi,Azadpur,Tomato,Hybrid,2025-04-06,870,1158,1017,395.85
Delhi,New Delhi,Azadpur,Tomato,Hybrid,2025-04-07,869,1039,942,429.83
Delhi,New Delhi,Azadpur,Tomato,Hybrid,2025-04-08,1472,2011,1715,198.78
Delhi,New Delhi,Azadpur,Tomato,Hybrid,2025-04-09,1030,1328,1169,335.61
Delhi,New Delhi,Azadpur,Tomato,Hybrid,2025-04-10,1465,1889,1715,232.94
Delhi,New Delhi,Azadpur,Tomato,Hybrid,2025-04-11,1088,1315,1210,342.99
Delhi,New Delhi,Azadpur,Tomato,Hybrid,2025-04-12,1082,1378,1214,314.76
Delhi,New Delhi,Azadpur,Tomato,Hybrid,2025-04-13,1408,1748,1567,269.78
Delhi,New Delhi,Azadpur,Tomato,Hybrid,2025-04-14,648,773,706,549.38
Delhi,New Delhi,Azadpur,Tomato,Hybrid,2025-04-15,1215,1427,1323,296.82
Delhi,New Delhi,Azadpur,Tomato,Hybrid,2025-04-16,1140,1396,1269,297.39
Delhi,New Delhi,Azadpur,Tomato,Hybrid,2025-04-17,1238,1516,1413,304.02
Delhi,New Delhi,Azadpur,Tomato,Hybrid,2025-04-18,1006,1225,1097,371.38
Delhi,New Delhi,Azadpur,Tomato,Hybrid,2025-04-19,1355,1637,1474,271.82
Delhi,New Delhi,Azadpur,Tomato,Hybrid,2025-04-20,1364,1683,1542,246.54
Delhi,New Delhi,Azadpur,Tomato,Hybrid,2025-04-21,1331,1681,1521,277.55
Delhi,New Delhi,Azadpur,Tomato,Hybrid,2025-04-22,1297,1779,1518,243.84
Delhi,New Delhi,Azadpur,Tomato,Hybrid,2025-04-23,1176,1462,1355,283.01
Delhi,New Delhi,Azadpur,Tomato,Hybrid,2025-04-24,1419,1846,1586,238.13
Delhi,New Delhi,Azadpur,Tomato,Hybrid,2025-04-25,1154,1439,1298,275.53
Delhi,New Delhi,Azadpur,Tomato,Hybrid,2025-04-26,1170,1414,1296,288.68
Delhi,New Delhi,Azadpur,Tomato,Hybrid,2025-04-27,1315,1729,1512,259.84
Delhi,New Delhi,Azadpur,Tomato,Hybrid,2025-04-28,1035,1288,1119,378.61
Delhi,New Delhi,Azadpur,Tomato,Hybrid,2025-04-29,1565,1962,1728,208.18
Delhi,New Delhi,Azadpur,Tomato,Hybrid,2025-04-30,1028,1286,1176,349.63
Delhi,New Delhi,Azadpur,Tomato,Hybrid,2025-05-01,1197,1508,1326,310.62
Delhi,New Delhi,Azadpur,Tomato,Hybrid,2025-05-02,1134,1368,1233,339.07
Delhi,New Delhi,Azadpur,Tomato,Hybrid,2025-05-03,1126,1464,1293,312.95
Delhi,New Delhi,Azadpur,Tomato,Hybrid,2025-05-04,1045,1287,1165,341.45
Delhi,New Delhi,Azadpur,Tomato,Hybrid,2025-05-05,1254,1539,1387,290.42
Delhi,New Delhi,Azadpur,Tomato,Hybrid,2025-05-06,1562,1850,1685,237.22
Delhi,New Delhi,Azadpur,Tomato,Hybrid,2025-05-07,1206,1607,1368,292.5
Delhi,New Delhi,Azadpur,Tomato,Hybrid,2025-05-08,1116,1424,1258,328.37
Delhi,New Delhi,Azadpur,Tomato,Hybrid,2025-05-09,1144,1337,1248,299.6
Delhi,New Delhi,Azadpur,Tomato,Hybrid,2025-05-10,1470,1888,1608,237.45
Delhi,New Delhi,Azadpur,Tomato,Hybrid,2025-05-11,1040,1301,1126,361.26
Delhi,New Delhi,Azadpur,Tomato,Hybrid,2025-05-12,1479,1839,1601,257.3
Delhi,New Delhi,Azadpur,Tomato,Hybrid,2025-05-13,1355,1767,1588,236.26
Delhi,New Delhi,Azadpur,Tomato,Hybrid,2025-05-14,896,1141,1052,371.5
Delhi,New Delhi,Azadpur,Tomato,Hybrid,2025-05-15,1428,1703,1537,266.14
Delhi,New Delhi,Azadpur,Tomato,Hybrid,2025-05-16,1249,1663,1447,275.87
Delhi,New Delhi,Azadpur,Tomato,Hybrid,2025-05-17,1152,1454,1254,318.67
Delhi,New Delhi,Azadpur,Tomato,Hybrid,2025-05-18,1290,1634,1448,267.82
Delhi,New Delhi,Azadpur,Tomato,Hybrid,2025-05-19,1207,1476,1373,284.92
Delhi,New Delhi,Azadpur,Tomato,Hybrid,2025-05-20,1241,1547,1406,253.44
Delhi,New Delhi,Azadpur,Tomato,Hybrid,2025-05-21,1299,1545,1397,279.88
Delhi,New Delhi,Azadpur,Tomato,Hybrid,2025-05-22,1519,1863,1674,214.32
Delhi,New Delhi,Azadpur,Tomato,Hybrid,2025-05-23,1241,1599,1401,295.93
Delhi,New Delhi,Azadpur,Tomato,Hybrid,2025-05-24,1210,1506,1363,286.45
Delhi,New Delhi,Azadpur,Tomato,Hybrid,2025-05-25,1572,2039,1730,237.01
Delhi,New Delhi,Azadpur,Tomato,Hybrid,2025-05-26,1354,1649,1486,260.85
Delhi,New Delhi,Azadpur,Tomato,Hybrid,2025-05-27,1199,1482,1313,306.01
Delhi,New Delhi,Azadpur,Tomato,Hybrid,2025-05-28,1472,1785,1633,223.07
Delhi,New Delhi,Azadpur,Tomato,Hybrid,2025-05-29,1279,1666,1428,270.48
Delhi,New Delhi,Azadpur,Tomato,Hybrid,2025-05-30,1334,1638,1465,282.0
Delhi,New Delhi,Azadpur,Tomato,Hybrid,2025-05-31,1144,1483,1301,314.24
Delhi,New Delhi,Azadpur,Tomato,Hybrid,2025-06-01,1380,1813,1558,271.31
Delhi,New Delhi,Azadpur,Tomato,Hybrid,2025-06-02,1129,1475,1289,321.55
Delhi,New Delhi,Azadpur,Tomato,Hybrid,2025-06-03,1098,1467,1255,318.92
Delhi,New Delhi,Azadpur,Tomato,Hybrid,2025-06-04,1417,1903,1664,227.33
Delhi,New Delhi,Azadpur,Tomato,Hybrid,2025-06-05,1004,1271,1092,356.28
Delhi,New Delhi,Azadpur,Tomato,Hybrid,2025-06-06,1376,1746,1565,248.9
Delhi,New Delhi,Azadpur,Tomato,Hybrid,2025-06-07,1350,1590,1459,284.88
Delhi,New Delhi,Azadpur,Tomato,Hybrid,2025-06-08,1737,2207,1996,216.21
Delhi,New Delhi,Azadpur,Tomato,Hybrid,2025-06-09,1449,1866,1653,249.09
Delhi,New Delhi,Azadpur,Tomato,Hybrid,2025-06-10,1315,1646,1433,275.9
Delhi,New Delhi,Azadpur,Tomato,Hybrid,2025-06-11,1538,1880,1662,243.23
Delhi,New Delhi,Azadpur,Tomato,Hybrid,2025-06-12,1545,1840,1714,232.02
Delhi,New Delhi,Azadpur,Tomato,Hybrid,2025-06-13,1614,2004,1767,228.12
Delhi,New Delhi,Azadpur,Tomato,Hybrid,2025-06-14,1517,1982,1738,218.11
Delhi,New Delhi,Azadpur,Tomato,Hybrid,2025-06-15,1406,1848,1623,249.03
Delhi,New Delhi,Azadpur,Tomato,Hybrid,2025-06-16,1456,1756,1588,240.28
Delhi,New Delhi,Azadpur,Tomato,Hybrid,2025-06-17,1637,2098,1885,209.79
Delhi,New Delhi,Azadpur,Tomato,Hybrid,2025-06-18,1894,2405,2054,201.68
Delhi,New Delhi,Azadpur,Tomato,Hybrid,2025-06-19,1385,1808,1626,254.34
Delhi,New Delhi,Azadpur,Tomato,Hybrid,2025-06-20,1702,2026,1885,198.96
Delhi,New Delhi,Azadpur,Tomato,Hybrid,2025-06-21,1511,1953,1708,241.89
Delhi,New Delhi,Azadpur,Tomato,Hybrid,2025-06-22,1397,1819,1633,212.47
Delhi,New Delhi,Azadpur,Tomato,Hybrid,2025-06-23,1630,2061,1846,216.51
Delhi,New Delhi,Azadpur,Tomato,Hybrid,2025-06-24,1686,2164,1935,206.68
Delhi,New Delhi,Azadpur,Tomato,Hybrid,2025-06-25,1711,2269,1992,217.87
Delhi,New Delhi,Azadpur,Tomato,Hybrid,2025-06-26,1716,2243,1923,185.44
Delhi,New Delhi,Azadpur,Tomato,Hybrid,2025-06-27,1357,1823,1563,248.85
Delhi,New Delhi,Azadpur,Tomato,Hybrid,2025-06-28,1642,2192,1898,190.27
Delhi,New Delhi,Azadpur,Tomato,Hybrid,2025-06-29,1471,1948,1674,230.99
Delhi,New Delhi,Azadpur,Tomato,Hybrid,2025-06-30,2132,2704,2313,177.64
Delhi,New Delhi,Azadpur,Tomato,Hybrid,2025-07-01,1782,2324,2091,187.46
Delhi,New Delhi,Azadpur,Tomato,Hybrid,2025-07-02,1725,2182,1978,208.17
Delhi,New Delhi,Azadpur,Tomato,Hybrid,2025-07-03,1660,2136,1828,247.32
Delhi,New Delhi,Azadpur,Tomato,Hybrid,2025-07-04,1723,2049,1864,221.8
Delhi,New Delhi,Azadpur,Tomato,Hybrid,2025-07-05,1639,2099,1903,210.5
Delhi,New Delhi,Azadpur,Tomato,Hybrid,2025-07-06,2229,2809,2435,139.56
Delhi,New Delhi,Azadpur,Tomato,Hybrid,2025-07-07,1779,2055,1919,194.05
Delhi,New Delhi,Azadpur,Tomato,Hybrid,2025-07-08,1972,2359,2130,190.15
Delhi,New Delhi,Azadpur,Tomato,Hybrid,2025-07-09,2305,2840,2570,146.47
Delhi,New Delhi,Azadpur,Tomato,Hybrid,2025-07-10,2198,2759,2576,159.62
Delhi,New Delhi,Azadpur,Tomato,Hybrid,2025-07-11,1822,2206,2017,194.47
Delhi,New Delhi,Azadpur,Tomato,Hybrid,2025-07-12,1775,2150,1986,194.89
Delhi,New Delhi,Azadpur,Tomato,Hybrid,2025-07-13,2032,2664,2366,170.02
Delhi,New Delhi,Azadpur,Tomato,Hybrid,2025-07-14,2220,2772,2398,164.41
Delhi,New Delhi,Azadpur,Tomato,Hybrid,2025-07-15,1874,2505,2133,219.27
Delhi,New Delhi,Azadpur,Tomato,Hybrid,2025-07-16,2311,2861,2661,176.44
Delhi,New Delhi,Azadpur,Tomato,Hybrid,2025-07-17,2088,2553,2358,173.15
Delhi,New Delhi,Azadpur,Tomato,Hybrid,2025-07-18,2183,2726,2370,169.86
Delhi,New Delhi,Azadpur,Tomato,Hybrid,2025-07-19,2175,2709,2486,141.13
Delhi,New Delhi,Azadpur,Tomato,Hybrid,2025-07-20,2250,2777,2551,170.99
Delhi,New Delhi,Azadpur,Tomato,Hybrid,2025-07-21,2316,3095,2635,145.79
Delhi,New Delhi,Azadpur,Tomato,Hybrid,2025-07-22,2259,2744,2563,151.08
Delhi,New Delhi,Azadpur,Tomato,Hybrid,2025-07-23,2443,2899,2673,124.97
Delhi,New Delhi,Azadpur,Tomato,Hybrid,2025-07-24,2434,2983,2670,170.71
Delhi,New Delhi,Azadpur,Tomato,Hybrid,2025-07-25,2125,2811,2444,181.96
Delhi,New Delhi,Azadpur,Tomato,Hybrid,2025-07-26,2345,3129,2671,147.49
Delhi,New Delhi,Azadpur,Tomato,Hybrid,2025-07-27,2508,3041,2716,166.34
Delhi,New Delhi,Azadpur,Tomato,Hybrid,2025-07-28,2221,2793,2558,179.81
Delhi,New Delhi,Azadpur,Tomato,Hybrid,2025-07-29,2695,3437,3000,125.33
Delhi,New Delhi,Azadpur,Tomato,Hybrid,2025-07-30,2281,3099,2672,121.0
Delhi,New Delhi,Azadpur,Tomato,Hybrid,2025-07-31,2319,2967,2725,146.85
Delhi,New Delhi,Azadpur,Tomato,Hybrid,2025-08-01,2738,3293,2999,155.87
Delhi,New Delhi,Azadpur,Tomato,Hybrid,2025-08-02,2574,3321,2939,150.84
Delhi,New Delhi,Azadpur,Tomato,Hybrid,2025-08-03,2688,3260,2920,118.28
Delhi,New Delhi,Azadpur,Tomato,Hybrid,2025-08-04,2458,3221,2841,156.61
Delhi,New Delhi,Azadpur,Tomato,Hybrid,2025-08-05,1996,2591,2322,172.77
Delhi,New Delhi,Azadpur,Tomato,Hybrid,2025-08-06,2327,2798,2518,146.25
Delhi,New Delhi,Azadpur,Tomato,Hybrid,2025-08-07,2664,3229,2939,158.86
Delhi,New Delhi,Azadpur,Tomato,Hybrid,2025-08-08,2689,3257,2934,145.39
Delhi,New Delhi,Azadpur,Tomato,Hybrid,2025-08-09,2560,3378,3010,121.37
Delhi,New Delhi,Azadpur,Tomato,Hybrid,2025-08-10,2994,3615,3225,105.09
Delhi,New Delhi,Azadpur,Tomato,Hybrid,2025-08-11,2627,3462,2953,154.31
Delhi,New Delhi,Azadpur,Tomato,Hybrid,2025-08-12,2678,3463,3065,133.64
Delhi,New Delhi,Azadpur,Tomato,Hybrid,2025-08-13,2648,3461,2980,110.62
Delhi,New Delhi,Azadpur,Tomato,Hybrid,2025-08-14,2577,3526,3027,144.27
Delhi,New Delhi,Azadpur,Tomato,Hybrid,2025-08-15,2709,3541,3179,107.64
Delhi,New Delhi,Azadpur,Tomato,Hybrid,2025-08-16,2535,3203,2748,133.75
Delhi,New Delhi,Azadpur,Tomato,Hybrid,2025-08-17,2925,3597,3249,120.16
Delhi,New Delhi,Azadpur,Tomato,Hybrid,2025-08-18,2659,3538,3089,128.76
Delhi,New Delhi,Azadpur,Tomato,Hybrid,2025-08-19,2803,3586,3279,115.26
Delhi,New Delhi,Azadpur,Tomato,Hybrid,2025-08-20,2713,3470,3018,139.81
Delhi,New Delhi,Azadpur,Tomato,Hybrid,2025-08-21,3075,3809,3423,107.88
Delhi,New Delhi,Azadpur,Tomato,Hybrid,2025-08-22,3179,4104,3683,130.66
Delhi,New Delhi,Azadpur,Tomato,Hybrid,2025-08-23,2778,3425,3050,104.58
Delhi,New Delhi,Azadpur,Tomato,Hybrid,2025-08-24,3018,3952,3417,120.43
Delhi,New Delhi,Azadpur,Tomato,Hybrid,2025-08-25,3157,4117,3696,137.02
Delhi,New Delhi,Azadpur,Tomato,Hybrid,2025-08-26,3153,3862,3487,108.35
Delhi,New Delhi,Azadpur,Tomato,Hybrid,2025-08-27,3330,3934,3617,111.82
Delhi,New Delhi,Azadpur,Tomato,Hybrid,2025-08-28,2661,3541,3118,108.56
Delhi,New Delhi,Azadpur,Tomato,Hybrid,2025-08-29,3030,3796,3333,134.14
Delhi,New Delhi,Azadpur,Tomato,Hybrid,2025-08-30,2918,3746,3218,117.91
Delhi,New Delhi,Azadpur,Tomato,Hybrid,2025-08-31,3365,4554,3918,107.38
Delhi,New Delhi,Azadpur,Tomato,Hybrid,2025-09-01,3530,4106,3805,112.17
Delhi,New Delhi,Azadpur,Tomato,Hybrid,2025-09-02,3422,4176,3710,101.89
Delhi,New Delhi,Azadpur,Tomato,Hybrid,2025-09-03,3525,4167,3846,113.9
Delhi,New Delhi,Azadpur,Tomato,Hybrid,2025-09-04,3110,3919,3510,133.48
Delhi,New Delhi,Azadpur,Tomato,Hybrid,2025-09-05,3298,4335,3690,107.53
Delhi,New Delhi,Azadpur,Tomato,Hybrid,2025-09-06,3373,4219,3686,95.22
Delhi,New Delhi,Azadpur,Tomato,Hybrid,2025-09-07,3668,4632,3992,129.4
Delhi,New Delhi,Azadpur,Tomato,Hybrid,2025-09-08,2975,3615,3235,114.44
Delhi,New Delhi,Azadpur,Tomato,Hybrid,2025-09-09,2972,3930,3495,125.25
Delhi,New Delhi,Azadpur,Tomato,Hybrid,2025-09-10,3221,4133,3694,101.33
Delhi,New Delhi,Azadpur,Tomato,Hybrid,2025-09-11,3291,3920,3607,102.59
Delhi,New Delhi,Azadpur,Tomato,Hybrid,2025-09-12,3451,4424,3816,107.26
Delhi,New Delhi,Azadpur,Tomato,Hybrid,2025-09-13,3348,4173,3633,102.06
Delhi,New Delhi,Azadpur,Tomato,Hybrid,2025-09-14,3669,4466,4155,113.17
Delhi,New Delhi,Azadpur,Tomato,Hybrid,2025-09-15,3391,4465,3820,119.68
Delhi,New Delhi,Azadpur,Tomato,Hybrid,2025-09-16,3203,4031,3482,98.74
Delhi,New Delhi,Azadpur,Tomato,Hybrid,2025-09-17,3062,4033,3531,112.82
Delhi,New Delhi,Azadpur,Tomato,Hybrid,2025-09-18,3713,4646,4010,93.09
Delhi,New Delhi,Azadpur,Tomato,Hybrid,2025-09-19,3563,4416,4057,89.61
Delhi,New Delhi,Azadpur,Tomato,Hybrid,2025-09-20,3495,4154,3789,98.69
Delhi,New Delhi,Azadpur,Tomato,Hybrid,2025-09-21,3636,4274,3938,99.57
Delhi,New Delhi,Azadpur,Tomato,Hybrid,2025-09-22,2933,3688,3429,121.36
Delhi,New Delhi,Azadpur,Tomato,Hybrid,2025-09-23,3364,4279,3834,127.44
Delhi,New Delhi,Azadpur,Tomato,Hybrid,2025-09-24,3499,4443,3996,104.3
Delhi,New Delhi,Azadpur,Tomato,Hybrid,2025-09-25,3735,4682,4203,115.43
Delhi,New Delhi,Azadpur,Tomato,Hybrid,2025-09-26,3698,4587,4243,86.19
Delhi,New Delhi,Azadpur,Tomato,Hybrid,2025-09-27,3125,4257,3671,82.3
Delhi,New Delhi,Azadpur,Tomato,Hybrid,2025-09-28,3672,4673,4290,64.66
Delhi,New Delhi,Azadpur,Tomato,Hybrid,2025-09-29,3642,4640,3933,113.99
Delhi,New Delhi,Azadpur,Tomato,Hybrid,2025-09-30,3342,4292,3638,94.99
Delhi,New Delhi,Azadpur,Tomato,Hybrid,2025-10-01,3841,4668,4209,102.08
Delhi,New Delhi,Azadpur,Tomato,Hybrid,2025-10-02,3818,4524,4219,97.9
Delhi,New Delhi,Azadpur,Tomato,Hybrid,2025-10-03,3290,4429,3787,98.37
Delhi,New Delhi,Azadpur,Tomato,Hybrid,2025-10-04,3735,4577,4184,71.7
Delhi,New Delhi,Azadpur,Tomato,Hybrid,2025-10-05,3599,4447,4043,88.54
Delhi,New Delhi,Azadpur,Tomato,Hybrid,2025-10-06,3372,4538,3945,110.18
Delhi,New Delhi,Azadpur,Tomato,Hybrid,2025-10-07,3719,4829,4263,73.21
Delhi,New Delhi,Azadpur,Tomato,Hybrid,2025-10-08,3414,4510,3848,84.72
Delhi,New Delhi,Azadpur,Tomato,Hybrid,2025-10-09,3460,4465,4030,81.66
Delhi,New Delhi,Azadpur,Tomato,Hybrid,2025-10-10,3816,4861,4121,81.23
Delhi,New Delhi,Azadpur,Tomato,Hybrid,2025-10-11,3975,4687,4328,66.36
Delhi,New Delhi,Azadpur,Tomato,Hybrid,2025-10-12,3497,4497,4036,123.27
Delhi,New Delhi,Azadpur,Tomato,Hybrid,2025-10-13,3531,4481,4058,90.45
Delhi,New Delhi,Azadpur,Tomato,Hybrid,2025-10-14,4164,5185,4650,81.39
Delhi,New Delhi,Azadpur,Tomato,Hybrid,2025-10-15,3615,4545,4203,82.72
Delhi,New Delhi,Azadpur,Tomato,Hybrid,2025-10-16,3398,4360,3885,112.03
Delhi,New Delhi,Azadpur,Tomato,Hybrid,2025-10-17,4014,5089,4461,82.26
Delhi,New Delhi,Azadpur,Tomato,Hybrid,2025-10-18,3398,4339,3880,117.56
Delhi,New Delhi,Azadpur,Tomato,Hybrid,2025-10-19,3534,4466,4156,101.25
Delhi,New Delhi,Azadpur,Tomato,Hybrid,2025-10-20,3528,4602,3952,95.6
Delhi,New Delhi,Azadpur,Tomato,Hybrid,2025-10-21,3463,4420,3926,111.4
Delhi,New Delhi,Azadpur,Tomato,Hybrid,2025-10-22,3872,4725,4196,100.25
Delhi,New Delhi,Azadpur,Tomato,Hybrid,2025-10-23,3551,4353,3967,104.87
Delhi,New Delhi,Azadpur,Tomato,Hybrid,2025-10-24,3936,4863,4521,72.67
Delhi,New Delhi,Azadpur,Tomato,Hybrid,2025-10-25,3672,4363,3953,89.53
Delhi,New Delhi,Azadpur,Tomato,Hybrid,2025-10-26,3943,4913,4292,76.32
Delhi,New Delhi,Azadpur,Tomato,Hybrid,2025-10-27,3790,4805,4178,68.26
Delhi,New Delhi,Azadpur,Tomato,Hybrid,2025-10-28,3946,4865,4291,97.88
Delhi,New Delhi,Azadpur,Tomato,Hybrid,2025-10-29,4139,4840,4521,73.3
Delhi,New Delhi,Azadpur,Tomato,Hybrid,2025-10-30,3770,4875,4343,89.89
Delhi,New Delhi,Azadpur,Tomato,Hybrid,2025-10-31,3505,4502,4056,82.67
Delhi,New Delhi,Azadpur,Tomato,Hybrid,2025-11-01,3495,4531,4021,92.39
Delhi,New Delhi,Azadpur,Tomato,Hybrid,2025-11-02,3606,4372,3960,105.43
Delhi,New Delhi,Azadpur,Tomato,Hybrid,2025-11-03,3636,4754,4109,105.48
Delhi,New Delhi,Azadpur,Tomato,Hybrid,2025-11-04,3499,4679,3989,112.35
Delhi,New Delhi,Azadpur,Tomato,Hybrid,2025-11-05,4011,5152,4399,86.84
Delhi,New Delhi,Azadpur,Tomato,Hybrid,2025-11-06,3506,4516,3908,102.49
Delhi,New Delhi,Azadpur,Tomato,Hybrid,2025-11-07,3782,4697,4107,93.99
Delhi,New Delhi,Azadpur,Tomato,Hybrid,2025-11-08,3889,4873,4225,88.75
Delhi,New Delhi,Azadpur,Tomato,Hybrid,2025-11-09,3598,4471,4031,100.76
Delhi,New Delhi,Azadpur,Tomato,Hybrid,2025-11-10,3855,4476,4177,106.02
Delhi,New Delhi,Azadpur,Tomato,Hybrid,2025-11-11,3426,4289,4000,103.64
Delhi,New Delhi,Azadpur,Tomato,Hybrid,2025-11-12,4066,4875,4377,111.68
Delhi,New Delhi,Azadpur,Tomato,Hybrid,2025-11-13,3944,5050,4305,69.47
Delhi,New Delhi,Azadpur,Tomato,Hybrid,2025-11-14,3601,4654,3998,119.08
Delhi,New Delhi,Azadpur,Tomato,Hybrid,2025-11-15,3232,4005,3743,105.05
Delhi,New Delhi,Azadpur,Tomato,Hybrid,2025-11-16,3546,4497,4078,102.07
Delhi,New Delhi,Azadpur,Tomato,Hybrid,2025-11-17,3219,3832,3561,129.53
Delhi,New Delhi,Azadpur,Tomato,Hybrid,2025-11-18,3539,4450,4036,82.11
Delhi,New Delhi,Azadpur,Tomato,Hybrid,2025-11-19,3315,4563,3876,107.67
Delhi,New Delhi,Azadpur,Tomato,Hybrid,2025-11-20,3491,4443,3853,128.97
Delhi,New Delhi,Azadpur,Tomato,Hybrid,2025-11-21,3524,4269,3985,122.09
Delhi,New Delhi,Azadpur,Tomato,Hybrid,2025-11-22,3497,4728,4037,108.62
Delhi,New Delhi,Azadpur,Tomato,Hybrid,2025-11-23,3915,4683,4275,85.5
Delhi,New Delhi,Azadpur,Tomato,Hybrid,2025-11-24,3471,4377,4082,91.11
Delhi,New Delhi,Azadpur,Tomato,Hybrid,2025-11-25,3293,4119,3638,105.74
Delhi,New Delhi,Azadpur,Tomato,Hybrid,2025-11-26,3387,4137,3708,100.4
Delhi,New Delhi,Azadpur,Tomato,Hybrid,2025-11-27,3378,4273,3941,86.87
Delhi,New Delhi,Azadpur,Tomato,Hybrid,2025-11-28,3747,4707,4055,91.59
Delhi,New Delhi,Azadpur,Tomato,Hybrid,2025-11-29,3279,4216,3668,94.57
Delhi,New Delhi,Azadpur,Tomato,Hybrid,2025-11-30,3745,4752,4086,93.17
Delhi,New Delhi,Azadpur,Tomato,Hybrid,2025-12-01,3485,4579,3912,102.95
Delhi,New Delhi,Azadpur,Tomato,Hybrid,2025-12-02,3291,4123,3682,98.36
Delhi,New Delhi,Azadpur,Tomato,Hybrid,2025-12-03,3478,4482,4055,85.21
Delhi,New Delhi,Azadpur,Tomato,Hybrid,2025-12-04,3609,4873,4184,73.35
Delhi,New Delhi,Azadpur,Tomato,Hybrid,2025-12-05,3567,4423,4020,96.95
Delhi,New Delhi,Azadpur,Tomato,Hybrid,2025-12-06,3197,4117,3628,110.34
Delhi,New Delhi,Azadpur,Tomato,Hybrid,2025-12-07,3465,4461,3799,95.95
Delhi,New Delhi,Azadpur,Tomato,Hybrid,2025-12-08,3397,4057,3672,118.95
Delhi,New Delhi,Azadpur,Tomato,Hybrid,2025-12-09,3178,4223,3656,111.76
Delhi,New Delhi,Azadpur,Tomato,Hybrid,2025-12-10,3480,4587,3935,101.42
Delhi,New Delhi,Azadpur,Tomato,Hybrid,2025-12-11,3554,4242,3835,102.65
Delhi,New Delhi,Azadpur,Tomato,Hybrid,2025-12-12,3297,4476,3852,84.06
Delhi,New Delhi,Azadpur,Tomato,Hybrid,2025-12-13,3696,4737,4024,70.51
Delhi,New Delhi,Azadpur,Tomato,Hybrid,2025-12-14,3378,4203,3712,105.27
Delhi,New Delhi,Azadpur,Tomato,Hybrid,2025-12-15,2891,3596,3248,114.31
Delhi,New Delhi,Azadpur,Tomato,Hybrid,2025-12-16,3430,4212,3728,130.09
Delhi,New Delhi,Azadpur,Tomato,Hybrid,2025-12-17,3378,4126,3776,98.34
Delhi,New Delhi,Azadpur,Tomato,Hybrid,2025-12-18,3048,3720,3322,138.63
Delhi,New Delhi,Azadpur,Tomato,Hybrid,2025-12-19,3101,4144,3517,116.63
Delhi,New Delhi,Azadpur,Tomato,Hybrid,2025-12-20,3060,3881,3508,118.77
Delhi,New Delhi,Azadpur,Tomato,Hybrid,2025-12-21,3632,4494,3991,110.13
Delhi,New Delhi,Azadpur,Tomato,Hybrid,2025-12-22,2971,3911,3455,134.46
Delhi,New Delhi,Azadpur,Tomato,Hybrid,2025-12-23,3633,4390,3930,115.62
Delhi,New Delhi,Azadpur,Tomato,Hybrid,2025-12-24,3050,3836,3438,127.62
Delhi,New Delhi,Azadpur,Tomato,Hybrid,2025-12-25,3209,4192,3709,103.02
Delhi,New Delhi,Azadpur,Tomato,Hybrid,2025-12-26,3306,4232,3871,120.16
Delhi,New Delhi,Azadpur,Tomato,Hybrid,2025-12-27,3080,3874,3421,109.69
Delhi,New Delhi,Azadpur,Tomato,Hybrid,2025-12-28,3307,4161,3793,136.98
Delhi,New Delhi,Azadpur,Tomato,Hybrid,2025-12-29,2698,3640,3122,133.47
Delhi,New Delhi,Azadpur,Tomato,Hybrid,2025-12-30,3152,3924,3571,129.38
Delhi,New Delhi,Azadpur,Tomato,Hybrid,2025-12-31,3235,3917,3552,104.47
Delhi,New Delhi,Azadpur,Tomato,Hybrid,2026-01-01,2652,3550,3088,123.71
Delhi,New Delhi,Azadpur,Tomato,Hybrid,2026-01-02,3256,3777,3502,104.55
Delhi,New Delhi,Azadpur,Tomato,Hybrid,2026-01-03,3298,4167,3612,107.75
Delhi,New Delhi,Azadpur,Tomato,Hybrid,2026-01-04,2974,3900,3313,88.73
Delhi,New Delhi,Azadpur,Tomato,Hybrid,2026-01-05,2911,3937,3340,115.16
Delhi,New Delhi,Azadpur,Tomato,Hybrid,2026-01-06,2841,3476,3160,155.44
Delhi,New Delhi,Azadpur,Tomato,Hybrid,2026-01-07,2670,3444,3108,122.38
Delhi,New Delhi,Azadpur,Tomato,Hybrid,2026-01-08,2854,3871,3326,139.92
Delhi,New Delhi,Azadpur,Tomato,Hybrid,2026-01-09,2967,3576,3283,122.17
Delhi,New Delhi,Azadpur,Tomato,Hybrid,2026-01-10,3080,3873,3614,103.86
Delhi,New Delhi,Azadpur,Tomato,Hybrid,2026-01-11,2839,3607,3210,114.95
Delhi,New Delhi,Azadpur,Tomato,Hybrid,2026-01-12,2829,3474,3151,112.99
Delhi,New Delhi,Azadpur,Tomato,Hybrid,2026-01-13,2522,3265,2866,133.09
Delhi,New Delhi,Azadpur,Tomato,Hybrid,2026-01-14,2411,3126,2748,148.14
Delhi,New Delhi,Azadpur,Tomato,Hybrid,2026-01-15,2802,3477,3133,135.11
Delhi,New Delhi,Azadpur,Tomato,Hybrid,2026-01-16,2737,3781,3208,118.76
Delhi,New Delhi,Azadpur,Tomato,Hybrid,2026-01-17,2783,3709,3263,138.41
Delhi,New Delhi,Azadpur,Tomato,Hybrid,2026-01-18,2550,3414,2923,134.91
Delhi,New Delhi,Azadpur,Tomato,Hybrid,2026-01-19,2090,2805,2442,181.19
Delhi,New Delhi,Azadpur,Tomato,Hybrid,2026-01-20,2770,3476,3110,150.2
Delhi,New Delhi,Azadpur,Tomato,Hybrid,2026-01-21,2412,2958,2607,159.39
Delhi,New Delhi,Azadpur,Tomato,Hybrid,2026-01-22,2540,3022,2778,114.45
Delhi,New Delhi,Azadpur,Tomato,Hybrid,2026-01-23,2690,3556,3073,111.29
Delhi,New Delhi,Azadpur,Tomato,Hybrid,2026-01-24,2491,3120,2912,128.34
Delhi,New Delhi,Azadpur,Tomato,Hybrid,2026-01-25,2634,3287,3000,145.38
Delhi,New Delhi,Azadpur,Tomato,Hybrid,2026-01-26,2581,3272,2777,178.62
Delhi,New Delhi,Azadpur,Tomato,Hybrid,2026-01-27,2298,2959,2584,183.85
Delhi,New Delhi,Azadpur,Tomato,Hybrid,2026-01-28,2293,2888,2679,137.44
Delhi,New Delhi,Azadpur,Tomato,Hybrid,2026-01-29,2467,3037,2703,125.4
Delhi,New Delhi,Azadpur,Tomato,Hybrid,2026-01-30,2293,2821,2565,150.78
Delhi,New Delhi,Azadpur,Tomato,Hybrid,2026-01-31,2341,2980,2726,146.22
Delhi,New Delhi,Azadpur,Tomato,Hybrid,2026-02-01,2646,3392,2902,136.03
Delhi,New Delhi,Azadpur,Tomato,Hybrid,2026-02-02,2562,3171,2809,151.13
Delhi,New Delhi,Azadpur,Tomato,Hybrid,2026-02-03,2352,3042,2688,166.9
Delhi,New Delhi,Azadpur,Tomato,Hybrid,2026-02-04,2646,3178,2850,140.98
Delhi,New Delhi,Azadpur,Tomato,Hybrid,2026-02-05,2262,2755,2480,163.08
Delhi,New Delhi,Azadpur,Tomato,Hybrid,2026-02-06,2252,2713,2505,152.35
Delhi,New Delhi,Azadpur,Tomato,Hybrid,2026-02-07,2230,2833,2545,161.43
Delhi,New Delhi,Azadpur,Tomato,Hybrid,2026-02-08,2498,3076,2764,165.54
Delhi,New Delhi,Azadpur,Tomato,Hybrid,2026-02-09,2141,2755,2469,160.28
Delhi,New Delhi,Azadpur,Tomato,Hybrid,2026-02-10,2408,2913,2643,138.2
Delhi,New Delhi,Azadpur,Tomato,Hybrid,2026-02-11,1875,2264,2018,173.38
Delhi,New Delhi,Azadpur,Tomato,Hybrid,2026-02-12,2216,2831,2492,154.38
Delhi,New Delhi,Azadpur,Tomato,Hybrid,2026-02-13,2146,2632,2319,158.81
Delhi,New Delhi,Azadpur,Tomato,Hybrid,2026-02-14,2397,2857,2597,130.14
Delhi,New Delhi,Azadpur,Tomato,Hybrid,2026-02-15,2242,2982,2595,152.7
Delhi,New Delhi,Azadpur,Tomato,Hybrid,2026-02-16,2263,2846,2577,168.56
Delhi,New Delhi,Azadpur,Tomato,Hybrid,2026-02-17,1818,2244,2057,202.68
Delhi,New Delhi,Azadpur,Tomato,Hybrid,2026-02-18,2025,2667,2351,167.45
Delhi,New Delhi,Azadpur,Tomato,Hybrid,2026-02-19,2152,2552,2358,158.74
Delhi,New Delhi,Azadpur,Tomato,Hybrid,2026-02-20,2056,2624,2233,177.7
Delhi,New Delhi,Azadpur,Tomato,Hybrid,2026-02-21,1758,2286,2032,190.39
Delhi,New Delhi,Azadpur,Tomato,Hybrid,2026-02-22,2005,2456,2221,184.11
Delhi,New Delhi,Azadpur,Tomato,Hybrid,2026-02-23,2097,2739,2363,148.91
Delhi,New Delhi,Azadpur,Tomato,Hybrid,2026-02-24,1893,2416,2214,171.41
Delhi,New Delhi,Azadpur,Tomato,Hybrid,2026-02-25,2001,2543,2299,178.34
Delhi,New Delhi,Azadpur,Tomato,Hybrid,2026-02-26,1626,2053,1777,225.67
Delhi,New Delhi,Azadpur,Tomato,Hybrid,2026-02-27,1860,2257,2039,176.86
Delhi,New Delhi,Azadpur,Tomato,Hybrid,2026-02-28,1744,2109,1941,206.17
Delhi,New Delhi,Azadpur,Tomato,Hybrid,2026-03-01,1812,2415,2077,206.36
Delhi,New Delhi,Azadpur,Tomato,Hybrid,2026-03-02,1694,2121,1926,197.34
Delhi,New Delhi,Azadpur,Tomato,Hybrid,2026-03-03,1732,2326,2025,200.43
Delhi,New Delhi,Azadpur,Tomato,Hybrid,2026-03-04,1890,2448,2160,184.29
Delhi,New Delhi,Azadpur,Tomato,Hybrid,2026-03-05,994,1225,1121,357.51
Delhi,New Delhi,Azadpur,Tomato,Hybrid,2026-03-06,1725,2046,1862,236.49
Delhi,New Delhi,Azadpur,Tomato,Hybrid,2026-03-07,1798,2321,1991,201.38
Delhi,New Delhi,Azadpur,Tomato,Hybrid,2026-03-08,1744,2111,1942,219.99
Delhi,New Delhi,Azadpur,Tomato,Hybrid,2026-03-09,1360,1686,1495,267.94
Delhi,New Delhi,Azadpur,Tomato,Hybrid,2026-03-10,1417,1643,1524,250.83
Delhi,New Delhi,Azadpur,Tomato,Hybrid,2026-03-11,1740,2362,2007,202.34
Delhi,New Delhi,Azadpur,Tomato,Hybrid,2026-03-12,1693,2060,1855,199.14
Delhi,New Delhi,Azadpur,Tomato,Hybrid,2026-03-13,1542,2006,1789,226.98
Delhi,New Delhi,Azadpur,Tomato,Hybrid,2026-03-14,1755,2247,1979,207.65
Delhi,New Delhi,Azadpur,Tomato,Hybrid,2026-03-15,1941,2248,2090,169.8
Delhi,New Delhi,Azadpur,Tomato,Hybrid,2026-03-16,1509,2038,1734,243.02
Delhi,New Delhi,Azadpur,Tomato,Hybrid,2026-03-17,1124,1426,1300,301.54
Delhi,New Delhi,Azadpur,Tomato,Hybrid,2026-03-18,1662,1972,1800,236.81
Delhi,New Delhi,Azadpur,Tomato,Hybrid,2026-03-19,1565,1908,1728,229.19
Delhi,New Delhi,Azadpur,Tomato,Hybrid,2026-03-20,1491,2031,1751,232.08
Delhi,New Delhi,Azadpur,Tomato,Hybrid,2026-03-21,1307,1688,1505,256.23
Delhi,New Delhi,Azadpur,Tomato,Hybrid,2026-03-22,1257,1679,1455,263.15
Delhi,New Delhi,Azadpur,Tomato,Hybrid,2026-03-23,1199,1500,1382,274.32
Delhi,New Delhi,Azadpur,Tomato,Hybrid,2026-03-24,1892,2389,2087,205.57
Delhi,New Delhi,Azadpur,Tomato,Hybrid,2026-03-25,1274,1562,1409,262.71
Delhi,New Delhi,Azadpur,Tomato,Hybrid,2026-03-26,1300,1610,1491,246.82
Delhi,New Delhi,Azadpur,Tomato,Hybrid,2026-03-27,1431,1776,1649,243.91
Delhi,New Delhi,Azadpur,Tomato,Hybrid,2026-03-28,1240,1515,1407,291.73
Delhi,New Delhi,Azadpur,Tomato,Hybrid,2026-03-29,1703,2036,1863,202.93
Delhi,New Delhi,Azadpur,Tomato,Hybrid,2026-03-30,1136,1565,1327,292.65
Delhi,New Delhi,Azadpur,Tomato,Hybrid,2026-03-31,1515,1933,1663,268.94
Delhi,New Delhi,Azadpur,Tomato,Hybrid,2026-04-01,1449,1940,1647,224.34
Delhi,New Delhi,Azadpur,Tomato,Hybrid,2026-04-02,1379,1855,1592,250.49
Delhi,New Delhi,Azadpur,Tomato,Hybrid,2026-04-03,1395,1707,1527,240.91
Delhi,New Delhi,Azadpur,Tomato,Hybrid,2026-04-04,1390,1786,1572,251.59
Delhi,New Delhi,Azadpur,Tomato,Hybrid,2026-04-05,1202,1603,1412,306.14
Delhi,New Delhi,Azadpur,Tomato,Hybrid,2026-04-06,1025,1353,1185,340.89
Delhi,New Delhi,Azadpur,Tomato,Hybrid,2026-04-07,1248,1642,1448,268.45
Delhi,New Delhi,Azadpur,Tomato,Hybrid,2026-04-08,1508,1870,1732,242.37
Delhi,New Delhi,Azadpur,Tomato,Hybrid,2026-04-09,1326,1568,1433,264.67
Delhi,New Delhi,Azadpur,Tomato,Hybrid,2026-04-10,1223,1558,1361,286.91
Delhi,New Delhi,Azadpur,Tomato,Hybrid,2026-04-11,1461,1783,1644,246.42
Delhi,New Delhi,Azadpur,Tomato,Hybrid,2026-04-12,1613,2024,1794,201.86
Delhi,New Delhi,Azadpur,Tomato,Hybrid,2026-04-13,1479,1823,1607,267.63
Delhi,New Delhi,Azadpur,Tomato,Hybrid,2026-04-14,1156,1494,1278,321.8
Delhi,New Delhi,Azadpur,Tomato,Hybrid,2026-04-15,1543,1829,1699,225.0
Delhi,New Delhi,Azadpur,Tomato,Hybrid,2026-04-16,1115,1393,1202,332.85
Delhi,New Delhi,Azadpur,Tomato,Hybrid,2026-04-17,897,1188,1052,392.13
Delhi,New Delhi,Azadpur,Tomato,Hybrid,2026-04-18,1128,1445,1234,317.39
Delhi,New Delhi,Azadpur,Tomato,Hybrid,2026-04-19,1474,1868,1700,241.16
Delhi,New Delhi,Azadpur,Tomato,Hybrid,2026-04-20,1379,1712,1490,254.94
Delhi,New Delhi,Azadpur,Tomato,Hybrid,2026-04-21,1290,1635,1464,283.37
Delhi,New Delhi,Azadpur,Tomato,Hybrid,2026-04-22,1142,1445,1277,337.12
Delhi,New Delhi,Azadpur,Tomato,Hybrid,2026-04-23,1202,1507,1354,265.74
Delhi,New Delhi,Azadpur,Tomato,Hybrid,2026-04-24,1214,1579,1351,312.63
Delhi,New Delhi,Azadpur,Tomato,Hybrid,2026-04-25,1111,1374,1204,314.49
Delhi,New Delhi,Azadpur,Tomato,Hybrid,2026-04-26,1474,1889,1622,228.62
Delhi,New Delhi,Azadpur,Tomato,Hybrid,2026-04-27,980,1305,1115,343.39
Delhi,New Delhi,Azadpur,Tomato,Hybrid,2026-04-28,1532,1849,1723,237.35
Delhi,New Delhi,Azadpur,Tomato,Hybrid,2026-04-29,1273,1534,1403,271.33
Delhi,New Delhi,Azadpur,Tomato,Hybrid,2026-04-30,1384,1807,1568,261.61
Delhi,New Delhi,Azadpur,Tomato,Hybrid,2026-05-01,1588,2055,1743,213.68
Delhi,New Delhi,Azadpur,Tomato,Hybrid,2026-05-02,1019,1289,1180,309.19
Delhi,New Delhi,Azadpur,Tomato,Hybrid,2026-05-03,1459,1804,1655,242.93
Delhi,New Delhi,Azadpur,Tomato,Hybrid,2026-05-04,1108,1390,1269,285.42
Delhi,New Delhi,Azadpur,Tomato,Hybrid,2026-05-05,1482,1933,1701,235.68
Delhi,New Delhi,Azadpur,Tomato,Hybrid,2026-05-06,1465,1833,1654,258.94
Delhi,New Delhi,Azadpur,Tomato,Hybrid,2026-05-07,1323,1634,1511,271.74
Delhi,New Delhi,Azadpur,Tomato,Hybrid,2026-05-08,1127,1481,1285,309.83
Delhi,New Delhi,Azadpur,Tomato,Hybrid,2026-05-09,1479,1784,1626,231.82
Delhi,New Delhi,Azadpur,Tomato,Hybrid,2026-05-10,1555,1928,1764,237.26
Delhi,New Delhi,Azadpur,Tomato,Hybrid,2026-05-11,1395,1686,1548,256.44
Delhi,New Delhi,Azadpur,Tomato,Hybrid,2026-05-12,1149,1474,1281,336.05
Delhi,New Delhi,Azadpur,Tomato,Hybrid,2026-05-13,1564,1960,1723,230.8
Delhi,New Delhi,Azadpur,Tomato,Hybrid,2026-05-14,1383,1622,1495,261.06
Delhi,New Delhi,Azadpur,Tomato,Hybrid,2026-05-15,994,1255,1092,361.39
Delhi,New Delhi,Azadpur,Tomato,Hybrid,2026-05-16,1387,1730,1564,245.08
Delhi,New Delhi,Azadpur,Tomato,Hybrid,2026-05-17,1400,1753,1551,250.63
Delhi,New Delhi,Azadpur,Tomato,Hybrid,2026-05-18,1314,1560,1449,270.04
Delhi,New Delhi,Azadpur,Tomato,Hybrid,2026-05-19,1206,1530,1308,304.56
Delhi,New Delhi,Azadpur,Tomato,Hybrid,2026-05-20,1450,1840,1585,252.99
Delhi,New Delhi,Azadpur,Tomato,Hybrid,2026-05-21,978,1248,1128,360.62
Delhi,New Delhi,Azadpur,Tomato,Hybrid,2026-05-22,1113,1433,1278,316.36
Delhi,New Delhi,Azadpur,Tomato,Hybrid,2026-05-23,1497,1867,1620,222.85
Delhi,New Delhi,Azadpur,Tomato,Hybrid,2026-05-24,1659,2035,1866,238.94
Delhi,New Delhi,Azadpur,Tomato,Hybrid,2026-05-25,1228,1650,1432,283.04
Delhi,New Delhi,Azadpur,Tomato,Hybrid,2026-05-26,1243,1583,1459,254.67
Delhi,New Delhi,Azadpur,Tomato,Hybrid,2026-05-27,1558,2065,1771,230.49
Delhi,New Delhi,Azadpur,Tomato,Hybrid,2026-05-28,1239,1636,1437,259.4
Delhi,New Delhi,Azadpur,Tomato,Hybrid,2026-05-29,1799,2232,1975,180.89
Delhi,New Delhi,Azadpur,Tomato,Hybrid,2026-05-30,1508,1915,1726,232.07
Delhi,New Delhi,Azadpur,Tomato,Hybrid,2026-05-31,1663,2138,1924,228.41
Delhi,New Delhi,Azadpur,Tomato,Hybrid,2026-06-01,916,1242,1060,358.87
Delhi,New Delhi,Azadpur,Tomato,Hybrid,2026-06-02,1462,1889,1616,269.04
Delhi,New Delhi,Azadpur,Tomato,Hybrid,2026-06-03,1403,1818,1570,243.48
Delhi,New Delhi,Azadpur,Tomato,Hybrid,2026-06-04,1071,1335,1226,312.9
Delhi,New Delhi,Azadpur,Tomato,Hybrid,2026-06-05,1650,2022,1801,218.27
Delhi,New Delhi,Azadpur,Tomato,Hybrid,2026-06-06,1388,1669,1551,283.28
Delhi,New Delhi,Azadpur,Tomato,Hybrid,2026-06-07,1651,2094,1804,221.36
Delhi,New Delhi,Azadpur,Tomato,Hybrid,2026-06-08,1351,1726,1520,243.68
Delhi,New Delhi,Azadpur,Tomato,Hybrid,2026-06-09,1652,2035,1891,185.3
Delhi,New Delhi,Azadpur,Tomato,Hybrid,2026-06-10,1603,2103,1860,172.07
Delhi,New Delhi,Azadpur,Tomato,Hybrid,2026-06-11,1706,2014,1845,199.09
Delhi,New Delhi,Azadpur,Tomato,Hybrid,2026-06-12,1417,1758,1614,241.25
Delhi,New Delhi,Azadpur,Tomato,Hybrid,2026-06-13,1364,1783,1561,226.19
Delhi,New Delhi,Azadpur,Tomato,Hybrid,2026-06-14,1680,2135,1941,215.31
Delhi,New Delhi,Azadpur,Tomato,Hybrid,2026-06-15,1635,2003,1844,231.52
Delhi,New Delhi,Azadpur,Tomato,Hybrid,2026-06-16,1389,1752,1501,257.93
Delhi,New Delhi,Azadpur,Tomato,Hybrid,2026-06-17,1641,2108,1890,196.7
Delhi,New Delhi,Azadpur,Tomato,Hybrid,2026-06-18,1682,2096,1918,222.3
Delhi,New Delhi,Azadpur,Tomato,Hybrid,2026-06-19,1798,2216,2026,213.64
Delhi,New Delhi,Azadpur,Tomato,Hybrid,2026-06-20,1782,2227,1999,196.57
Delhi,New Delhi,Azadpur,Tomato,Hybrid,2026-06-21,2130,2646,2428,164.85
Delhi,New Delhi,Azadpur,Tomato,Hybrid,2026-06-22,2086,2684,2300,185.82
Delhi,New Delhi,Azadpur,Tomato,Hybrid,2026-06-23,1724,2079,1860,209.89
Delhi,New Delhi,Azadpur,Tomato,Hybrid,2026-06-24,2087,2551,2335,186.37
Delhi,New Delhi,Azadpur,Tomato,Hybrid,2026-06-25,1962,2465,2194,189.78
Delhi,New Delhi,Azadpur,Tomato,Hybrid,2026-06-26,1659,2071,1791,204.86
Delhi,New Delhi,Azadpur,Tomato,Hybrid,2026-06-27,1838,2507,2129,217.75
Delhi,New Delhi,Azadpur,Tomato,Hybrid,2026-06-28,1847,2421,2076,186.76
Delhi,New Delhi,Azadpur,Tomato,Hybrid,2026-06-29,1708,2329,2002,206.29
Delhi,New Delhi,Azadpur,Tomato,Hybrid,2026-06-30,1972,2552,2201,195.37
Delhi,New Delhi,Azadpur,Tomato,Hybrid,2026-07-01,1991,2620,2227,181.03
Delhi,New Delhi,Azadpur,Tomato,Hybrid,2026-07-02,1928,2489,2188,198.94
Delhi,New Delhi,Azadpur,Tomato,Hybrid,2026-07-03,2034,2419,2212,168.69
Delhi,New Delhi,Azadpur,Tomato,Hybrid,2026-07-04,2098,2633,2373,165.2
Delhi,New Delhi,Azadpur,Tomato,Hybrid,2026-07-05,2335,3003,2593,111.61
Delhi,New Delhi,Azadpur,Tomato,Hybrid,2026-07-06,2234,2771,2503,155.23
Delhi,New Delhi,Azadpur,Tomato,Hybrid,2026-07-07,2297,2763,2567,168.14
Delhi,New Delhi,Azadpur,Tomato,Hybrid,2026-07-08,1929,2530,2211,166.82
Delhi,New Delhi,Azadpur,Tomato,Hybrid,2026-07-09,1925,2360,2158,166.94
Delhi,New Delhi,Azadpur,Tomato,Hybrid,2026-07-10,2350,2880,2613,148.78
Delhi,New Delhi,Azadpur,Tomato,Hybrid,2026-07-11,2548,3208,2746,134.52
Delhi,New Delhi,Azadpur,Tomato,Hybrid,2026-07-12,2107,2702,2465,168.38
Delhi,New Delhi,Azadpur,Tomato,Hybrid,2026-07-13,2456,2991,2729,137.31
Delhi,New Delhi,Azadpur,Tomato,Hybrid,2026-07-14,2407,2908,2630,150.66
Delhi,New Delhi,Azadpur,Tomato,Hybrid,2026-07-15,2246,2925,2597,140.96
Delhi,New Delhi,Azadpur,Tomato,Hybrid,2026-07-16,2457,2842,2654,145.28
Delhi,New Delhi,Azadpur,Tomato,Hybrid,2026-07-17,2254,2753,2443,161.6
Delhi,New Delhi,Azadpur,Tomato,Hybrid,2026-07-18,2428,3126,2682,145.3
Delhi,New Delhi,Azadpur,Tomato,Hybrid,2026-07-19,2453,2833,2643,147.96
Delhi,New Delhi,Azadpur,Tomato,Hybrid,2026-07-20,2148,2893,2525,164.41
Delhi,New Delhi,Azadpur,Tomato,Hybrid,2026-07-21,2286,2912,2554,149.19
Delhi,New Delhi,Azadpur,Tomato,Hybrid,2026-07-22,2312,2845,2495,167.28
Delhi,New Delhi,Azadpur,Tomato,Hybrid,2026-07-23,2392,3189,2708,164.08
Delhi,New Delhi,Azadpur,Tomato,Hybrid,2026-07-24,2707,3345,2923,138.98
Delhi,New Delhi,Azadpur,Tomato,Hybrid,2026-07-25,2310,2957,2708,146.37
Delhi,New Delhi,Azadpur,Tomato,Hybrid,2026-07-26,2430,3084,2779,131.23
Delhi,New Delhi,Azadpur,Tomato,Hybrid,2026-07-27,2169,2908,2542,153.17
Delhi,New Delhi,Azadpur,Tomato,Hybrid,2026-07-28,2078,2679,2307,195.27
Delhi,New Delhi,Azadpur,Tomato,Hybrid,2026-07-29,2989,3751,3227,108.05
Delhi,New Delhi,Azadpur,Tomato,Hybrid,2026-07-30,2806,3674,3247,107.48
Delhi,New Delhi,Azadpur,Tomato,Hybrid,2026-07-31,2660,3208,2878,143.39
Delhi,New Delhi,Azadpur,Tomato,Hybrid,2026-08-01,2546,3135,2920,127.78
Delhi,New Delhi,Azadpur,Tomato,Hybrid,2026-08-02,2700,3256,2955,146.17
Delhi,New Delhi,Azadpur,Tomato,Hybrid,2026-08-03,2836,3570,3155,100.48
Delhi,New Delhi,Azadpur,Tomato,Hybrid,2026-08-04,2670,3525,3026,139.85
Delhi,New Delhi,Azadpur,Tomato,Hybrid,2026-08-05,2811,3456,3035,110.76
Delhi,New Delhi,Azadpur,Tomato,Hybrid,2026-08-06,2871,3674,3130,142.5
Delhi,New Delhi,Azadpur,Tomato,Hybrid,2026-08-07,2562,3307,2883,129.37
Delhi,New Delhi,Azadpur,Tomato,Hybrid,2026-08-08,2818,3467,3112,126.24
Delhi,New Delhi,Azadpur,Tomato,Hybrid,2026-08-09,2706,3389,3133,109.49
Delhi,New Delhi,Azadpur,Tomato,Hybrid,2026-08-10,2576,3280,2973,103.17
Delhi,New Delhi,Azadpur,Tomato,Hybrid,2026-08-11,2968,3730,3272,110.93
Delhi,New Delhi,Azadpur,Tomato,Hybrid,2026-08-12,3089,3627,3330,115.69
Delhi,New Delhi,Azadpur,Tomato,Hybrid,2026-08-13,2760,3599,3219,100.14
Delhi,New Delhi,Azadpur,Tomato,Hybrid,2026-08-14,2944,3795,3359,156.48
Delhi,New Delhi,Azadpur,Tomato,Hybrid,2026-08-15,2704,3574,3161,127.11
Delhi,New Delhi,Azadpur,Tomato,Hybrid,2026-08-16,3137,3781,3462,95.75
Delhi,New Delhi,Azadpur,Tomato,Hybrid,2026-08-17,2715,3368,3020,139.2
Delhi,New Delhi,Azadpur,Tomato,Hybrid,2026-08-18,2701,3615,3144,122.6
Delhi,New Delhi,Azadpur,Tomato,Hybrid,2026-08-19,3048,3877,3360,126.49
Delhi,New Delhi,Azadpur,Tomato,Hybrid,2026-08-20,3061,3599,3316,117.22
Delhi,New Delhi,Azadpur,Tomato,Hybrid,2026-08-21,3456,4181,3868,116.63
Delhi,New Delhi,Azadpur,Tomato,Hybrid,2026-08-22,2933,3629,3327,117.0
Delhi,New Delhi,Azadpur,Tomato,Hybrid,2026-08-23,3526,4415,3950,108.94
Delhi,New Delhi,Azadpur,Tomato,Hybrid,2026-08-24,3141,4167,3621,103.97
Delhi,New Delhi,Azadpur,Tomato,Hybrid,2026-08-25,2941,3776,3366,140.13
Delhi,New Delhi,Azadpur,Tomato,Hybrid,2026-08-26,3092,4041,3473,112.84
Delhi,New Delhi,Azadpur,Tomato,Hybrid,2026-08-27,2926,3872,3419,131.5
Delhi,New Delhi,Azadpur,Tomato,Hybrid,2026-08-28,3507,4247,3772,107.89
Delhi,New Delhi,Azadpur,Tomato,Hybrid,2026-08-29,2828,3745,3326,111.15
Delhi,New Delhi,Azadpur,Tomato,Hybrid,2026-08-30,3552,4670,3989,102.53
Delhi,New Delhi,Azadpur,Tomato,Hybrid,2026-08-31,3244,4382,3764,111.17
Maharashtra,Nashik,Lasalgaon,Onion,Red,2024-01-01,2647,3586,3060,187.34
Maharashtra,Nashik,Lasalgaon,Onion,Red,2024-01-02,2843,3714,3249,161.75
Maharashtra,Nashik,Lasalgaon,Onion,Red,2024-01-03,2841,3785,3213,186.6
Maharashtra,Nashik,Lasalgaon,Onion,Red,2024-01-04,2938,3637,3319,168.4
Maharashtra,Nashik,Lasalgaon,Onion,Red,2024-01-05,3022,3870,3519,146.4
Maharashtra,Nashik,Lasalgaon,Onion,Red,2024-01-06,3027,3544,3304,157.72
Maharashtra,Nashik,Lasalgaon,Onion,Red,2024-01-07,3081,4065,3546,158.06
Maharashtra,Nashik,Lasalgaon,Onion,Red,2024-01-08,2800,3727,3249,165.9
Maharashtra,Nashik,Lasalgaon,Onion,Red,2024-01-09,3054,3792,3483,175.71
Maharashtra,Nashik,Lasalgaon,Onion,Red,2024-01-10,2998,3692,3301,206.1
Maharashtra,Nashik,Lasalgaon,Onion,Red,2024-01-11,2788,3535,3216,156.18
Maharashtra,Nashik,Lasalgaon,Onion,Red,2024-01-12,2869,3668,3364,152.86
Maharashtra,Nashik,Lasalgaon,Onion,Red,2024-01-13,2984,3795,3303,183.89
Maharashtra,Nashik,Lasalgaon,Onion,Red,2024-01-14,3107,4200,3648,152.16
Maharashtra,Nashik,Lasalgaon,Onion,Red,2024-01-15,2870,3775,3323,151.22
Maharashtra,Nashik,Lasalgaon,Onion,Red,2024-01-16,2964,3802,3318,183.06
Maharashtra,Nashik,Lasalgaon,Onion,Red,2024-01-17,3295,3893,3614,148.5
Maharashtra,Nashik,Lasalgaon,Onion,Red,2024-01-18,2949,3874,3296,176.05
Maharashtra,Nashik,Lasalgaon,Onion,Red,2024-01-19,3018,3787,3456,173.58
Maharashtra,Nashik,Lasalgaon,Onion,Red,2024-01-20,3007,3600,3364,164.77
Maharashtra,Nashik,Lasalgaon,Onion,Red,2024-01-21,3261,4042,3515,146.21
Maharashtra,Nashik,Lasalgaon,Onion,Red,2024-01-22,3010,3693,3377,158.96
Maharashtra,Nashik,Lasalgaon,Onion,Red,2024-01-23,3329,4219,3702,150.6
Maharashtra,Nashik,Lasalgaon,Onion,Red,2024-01-24,3374,4110,3649,151.85
Maharashtra,Nashik,Lasalgaon,Onion,Red,2024-01-25,3028,3991,3501,128.86
Maharashtra,Nashik,Lasalgaon,Onion,Red,2024-01-26,2973,3856,3434,160.17
Maharashtra,Nashik,Lasalgaon,Onion,Red,2024-01-27,3253,3982,3596,167.44
Maharashtra,Nashik,Lasalgaon,Onion,Red,2024-01-28,3180,3789,3523,187.88
Maharashtra,Nashik,Lasalgaon,Onion,Red,2024-01-29,2880,3865,3287,166.39
Maharashtra,Nashik,Lasalgaon,Onion,Red,2024-01-30,3140,4106,3525,141.83
Maharashtra,Nashik,Lasalgaon,Onion,Red,2024-01-31,3507,4215,3818,136.16
Maharashtra,Nashik,Lasalgaon,Onion,Red,2024-02-01,3116,3654,3399,143.61
Maharashtra,Nashik,Lasalgaon,Onion,Red,2024-02-02,3379,4219,3774,128.15
Maharashtra,Nashik,Lasalgaon,Onion,Red,2024-02-03,3047,3876,3445,162.41
Maharashtra,Nashik,Lasalgaon,Onion,Red,2024-02-04,3452,4284,3755,153.2
Maharashtra,Nashik,Lasalgaon,Onion,Red,2024-02-05,3087,3943,3546,165.79
Maharashtra,Nashik,Lasalgaon,Onion,Red,2024-02-06,3046,3960,3479,136.16
Maharashtra,Nashik,Lasalgaon,Onion,Red,2024-02-07,3384,4151,3698,144.74
Maharashtra,Nashik,Lasalgaon,Onion,Red,2024-02-08,3072,4106,3608,161.61
Maharashtra,Nashik,Lasalgaon,Onion,Red,2024-02-09,3672,4687,3983,116.47
Maharashtra,Nashik,Lasalgaon,Onion,Red,2024-02-10,3300,4190,3852,152.63
Maharashtra,Nashik,Lasalgaon,Onion,Red,2024-02-11,3338,4161,3769,170.37
Maharashtra,Nashik,Lasalgaon,Onion,Red,2024-02-12,3128,3785,3475,164.45
Maharashtra,Nashik,Lasalgaon,Onion,Red,2024-02-13,3186,4283,3668,142.76
Maharashtra,Nashik,Lasalgaon,Onion,Red,2024-02-14,3031,3801,3550,196.95
Maharashtra,Nashik,Lasalgaon,Onion,Red,2024-02-15,3167,4027,3635,118.04
Maharashtra,Nashik,Lasalgaon,Onion,Red,2024-02-16,3300,4436,3816,148.95
Maharashtra,Nashik,Lasalgaon,Onion,Red,2024-02-17,3130,3984,3670,144.3
Maharashtra,Nashik,Lasalgaon,Onion,Red,2024-02-18,3296,4526,3850,155.39
Maharashtra,Nashik,Lasalgaon,Onion,Red,2024-02-19,3430,4058,3709,155.79
Maharashtra,Nashik,Lasalgaon,Onion,Red,2024-02-20,3479,4379,3783,158.65
Maharashtra,Nashik,Lasalgaon,Onion,Red,2024-02-21,3378,4290,3878,131.85
Maharashtra,Nashik,Lasalgaon,Onion,Red,2024-02-22,3300,4401,3744,119.1
Maharashtra,Nashik,Lasalgaon,Onion,Red,2024-02-23,3558,4331,3874,131.89
Maharashtra,Nashik,Lasalgaon,Onion,Red,2024-02-24,3607,4506,3908,130.53
Maharashtra,Nashik,Lasalgaon,Onion,Red,2024-02-25,3455,4445,3922,136.3
Maharashtra,Nashik,Lasalgaon,Onion,Red,2024-02-26,3300,4105,3615,158.86
Maharashtra,Nashik,Lasalgaon,Onion,Red,2024-02-27,3307,4204,3884,137.32
Maharashtra,Nashik,Lasalgaon,Onion,Red,2024-02-28,3518,4419,3897,130.42
Maharashtra,Nashik,Lasalgaon,Onion,Red,2024-02-29,3375,4346,3885,143.16
Maharashtra,Nashik,Lasalgaon,Onion,Red,2024-03-01,3273,4163,3762,129.47
Maharashtra,Nashik,Lasalgaon,Onion,Red,2024-03-02,3135,4189,3657,149.98
Maharashtra,Nashik,Lasalgaon,Onion,Red,2024-03-03,3633,4296,4012,133.97
Maharashtra,Nashik,Lasalgaon,Onion,Red,2024-03-04,3247,4196,3559,157.93
Maharashtra,Nashik,Lasalgaon,Onion,Red,2024-03-05,3457,4448,3978,143.29
Maharashtra,Nashik,Lasalgaon,Onion,Red,2024-03-06,3207,4119,3681,152.94
Maharashtra,Nashik,Lasalgaon,Onion,Red,2024-03-07,3321,3882,3593,174.89
Maharashtra,Nashik,Lasalgaon,Onion,Red,2024-03-08,3384,4452,3898,127.8
Maharashtra,Nashik,Lasalgaon,Onion,Red,2024-03-09,3410,4416,3890,145.07
Maharashtra,Nashik,Lasalgaon,Onion,Red,2024-03-10,3583,4530,3938,139.55
Maharashtra,Nashik,Lasalgaon,Onion,Red,2024-03-11,3241,4280,3652,141.59
Maharashtra,Nashik,Lasalgaon,Onion,Red,2024-03-12,3152,3915,3570,140.26
Maharashtra,Nashik,Lasalgaon,Onion,Red,2024-03-13,3512,4219,3832,146.2
Maharashtra,Nashik,Lasalgaon,Onion,Red,2024-03-14,3292,3974,3566,155.66
Maharashtra,Nashik,Lasalgaon,Onion,Red,2024-03-15,3069,3798,3460,146.21
Maharashtra,Nashik,Lasalgaon,Onion,Red,2024-03-16,3512,4227,3831,135.98
Maharashtra,Nashik,Lasalgaon,Onion,Red,2024-03-17,3378,4619,3955,137.74
Maharashtra,Nashik,Lasalgaon,Onion,Red,2024-03-18,3315,4181,3697,132.61
Maharashtra,Nashik,Lasalgaon,Onion,Red,2024-03-19,3402,4067,3718,116.66
Maharashtra,Nashik,Lasalgaon,Onion,Red,2024-03-20,3101,4134,3584,172.54
Maharashtra,Nashik,Lasalgaon,Onion,Red,2024-03-21,3111,4035,3638,137.77
Maharashtra,Nashik,Lasalgaon,Onion,Red,2024-03-22,3340,4229,3785,177.05
Maharashtra,Nashik,Lasalgaon,Onion,Red,2024-03-23,3321,4171,3585,130.64
Maharashtra,Nashik,Lasalgaon,Onion,Red,2024-03-24,3363,4353,3766,157.28
Maharashtra,Nashik,Lasalgaon,Onion,Red,2024-03-25,3270,4034,3526,126.31
Maharashtra,Nashik,Lasalgaon,Onion,Red,2024-03-26,3214,3945,3679,138.87
Maharashtra,Nashik,Lasalgaon,Onion,Red,2024-03-27,3256,4113,3525,133.86
Maharashtra,Nashik,Lasalgaon,Onion,Red,2024-03-28,2920,3581,3265,151.83
Maharashtra,Nashik,Lasalgaon,Onion,Red,2024-03-29,3103,3929,3495,149.29
Maharashtra,Nashik,Lasalgaon,Onion,Red,2024-03-30,3264,4197,3759,131.31
Maharashtra,Nashik,Lasalgaon,Onion,Red,2024-03-31,3352,4150,3826,145.9
Maharashtra,Nashik,Lasalgaon,Onion,Red,2024-04-01,3187,4144,3711,147.11
Maharashtra,Nashik,Lasalgaon,Onion,Red,2024-04-02,2999,3713,3268,165.9
Maharashtra,Nashik,Lasalgaon,Onion,Red,2024-04-03,2855,3448,3209,154.52
Maharashtra,Nashik,Lasalgaon,Onion,Red,2024-04-04,3000,3979,3482,156.13
Maharashtra,Nashik,Lasalgaon,Onion,Red,2024-04-05,3291,4048,3616,158.6
Maharashtra,Nashik,Lasalgaon,Onion,Red,2024-04-06,3287,4140,3689,163.09
Maharashtra,Nashik,Lasalgaon,Onion,Red,2024-04-07,3357,4236,3724,177.79
Maharashtra,Nashik,Lasalgaon,Onion,Red,2024-04-08,3141,4034,3523,176.35
Maharashtra,Nashik,Lasalgaon,Onion,Red,2024-04-09,2746,3655,3230,165.67
Maharashtra,Nashik,Lasalgaon,Onion,Red,2024-04-10,3060,3877,3482,159.08
Maharashtra,Nashik,Lasalgaon,Onion,Red,2024-04-11,2980,3799,3316,177.98
Maharashtra,Nashik,Lasalgaon,Onion,Red,2024-04-12,3140,3905,3546,153.89
Maharashtra,Nashik,Lasalgaon,Onion,Red,2024-04-13,3113,3796,3355,156.48
Maharashtra,Nashik,Lasalgaon,Onion,Red,2024-04-14,3228,4023,3642,146.84
Maharashtra,Nashik,Lasalgaon,Onion,Red,2024-04-15,3031,3617,3319,184.05
Maharashtra,Nashik,Lasalgaon,Onion,Red,2024-04-16,2959,3921,3388,163.0
Maharashtra,Nashik,Lasalgaon,Onion,Red,2024-04-17,2967,3545,3257,168.69
Maharashtra,Nashik,Lasalgaon,Onion,Red,2024-04-18,2985,3553,3224,173.99
Maharashtra,Nashik,Lasalgaon,Onion,Red,2024-04-19,3002,3724,3243,164.51
Maharashtra,Nashik,Lasalgaon,Onion,Red,2024-04-20,2921,3560,3290,192.75
Maharashtra,Nashik,Lasalgaon,Onion,Red,2024-04-21,2982,3719,3213,176.76
Maharashtra,Nashik,Lasalgaon,Onion,Red,2024-04-22,2793,3315,3060,175.56
Maharashtra,Nashik,Lasalgaon,Onion,Red,2024-04-23,2836,3666,3170,164.57
Maharashtra,Nashik,Lasalgaon,Onion,Red,2024-04-24,2798,3634,3154,170.62
Maharashtra,Nashik,Lasalgaon,Onion,Red,2024-04-25,2889,3667,3121,165.95
Maharashtra,Nashik,Lasalgaon,Onion,Red,2024-04-26,2740,3452,3124,167.14
Maharashtra,Nashik,Lasalgaon,Onion,Red,2024-04-27,2833,3564,3070,188.03
Maharashtra,Nashik,Lasalgaon,Onion,Red,2024-04-28,2946,3727,3264,165.4
Maharashtra,Nashik,Lasalgaon,Onion,Red,2024-04-29,2845,3504,3061,170.22
Maharashtra,Nashik,Lasalgaon,Onion,Red,2024-04-30,2583,3319,3016,192.75
Maharashtra,Nashik,Lasalgaon,Onion,Red,2024-05-01,2601,3406,3006,171.42
Maharashtra,Nashik,Lasalgaon,Onion,Red,2024-05-02,2796,3625,3233,162.11
Maharashtra,Nashik,Lasalgaon,Onion,Red,2024-05-03,2632,3627,3080,173.65
Maharashtra,Nashik,Lasalgaon,Onion,Red,2024-05-04,2620,3471,3058,201.93
Maharashtra,Nashik,Lasalgaon,Onion,Red,2024-05-05,2778,3597,3102,186.23
Maharashtra,Nashik,Lasalgaon,Onion,Red,2024-05-06,2829,3606,3074,188.07
Maharashtra,Nashik,Lasalgaon,Onion,Red,2024-05-07,2927,3675,3205,142.36
Maharashtra,Nashik,Lasalgaon,Onion,Red,2024-05-08,2452,3081,2815,182.1
Maharashtra,Nashik,Lasalgaon,Onion,Red,2024-05-09,2649,3339,2913,192.45
Maharashtra,Nashik,Lasalgaon,Onion,Red,2024-05-10,2563,3285,2847,180.52
Maharashtra,Nashik,Lasalgaon,Onion,Red,2024-05-11,2726,3423,2954,193.29
Maharashtra,Nashik,Lasalgaon,Onion,Red,2024-05-12,2806,3329,3071,186.96
Maharashtra,Nashik,Lasalgaon,Onion,Red,2024-05-13,2317,2875,2653,197.0
Maharashtra,Nashik,Lasalgaon,Onion,Red,2024-05-14,2479,3034,2763,191.06
Maharashtra,Nashik,Lasalgaon,Onion,Red,2024-05-15,2579,3097,2859,166.8
Maharashtra,Nashik,Lasalgaon,Onion,Red,2024-05-16,2579,3095,2779,187.46
Maharashtra,Nashik,Lasalgaon,Onion,Red,2024-05-17,2348,2846,2640,216.59
Maharashtra,Nashik,Lasalgaon,Onion,Red,2024-05-18,2479,3050,2811,187.75
Maharashtra,Nashik,Lasalgaon,Onion,Red,2024-05-19,2936,3678,3167,153.24
Maharashtra,Nashik,Lasalgaon,Onion,Red,2024-05-20,2544,3331,2957,182.1
Maharashtra,Nashik,Lasalgaon,Onion,Red,2024-05-21,2348,2880,2656,199.53
Maharashtra,Nashik,Lasalgaon,Onion,Red,2024-05-22,2398,2918,2687,232.45
Maharashtra,Nashik,Lasalgaon,Onion,Red,2024-05-23,2561,2979,2757,183.44
Maharashtra,Nashik,Lasalgaon,Onion,Red,2024-05-24,2394,3263,2798,190.59
Maharashtra,Nashik,Lasalgaon,Onion,Red,2024-05-25,2056,2591,2350,243.94
Maharashtra,Nashik,Lasalgaon,Onion,Red,2024-05-26,2643,3329,2911,183.73
Maharashtra,Nashik,Lasalgaon,Onion,Red,2024-05-27,2259,2815,2512,230.85
Maharashtra,Nashik,Lasalgaon,Onion,Red,2024-05-28,2287,2961,2537,232.18
Maharashtra,Nashik,Lasalgaon,Onion,Red,2024-05-29,2248,2795,2522,215.81
Maharashtra,Nashik,Lasalgaon,Onion,Red,2024-05-30,2347,2961,2641,210.26
Maharashtra,Nashik,Lasalgaon,Onion,Red,2024-05-31,2153,2897,2474,226.69
Maharashtra,Nashik,Lasalgaon,Onion,Red,2024-06-01,2408,3072,2643,192.7
Maharashtra,Nashik,Lasalgaon,Onion,Red,2024-06-02,2449,3141,2739,198.07
Maharashtra,Nashik,Lasalgaon,Onion,Red,2024-06-03,2168,2534,2339,238.87
Maharashtra,Nashik,Lasalgaon,Onion,Red,2024-06-04,2341,3025,2603,202.47
Maharashtra,Nashik,Lasalgaon,Onion,Red,2024-06-05,2002,2327,2167,258.3
Maharashtra,Nashik,Lasalgaon,Onion,Red,2024-06-06,2212,2616,2410,236.27
Maharashtra,Nashik,Lasalgaon,Onion,Red,2024-06-07,2285,2966,2574,216.6
Maharashtra,Nashik,Lasalgaon,Onion,Red,2024-06-08,2322,2812,2513,230.94
Maharashtra,Nashik,Lasalgaon,Onion,Red,2024-06-09,2219,2704,2480,215.44
Maharashtra,Nashik,Lasalgaon,Onion,Red,2024-06-10,2097,2789,2387,248.1
Maharashtra,Nashik,Lasalgaon,Onion,Red,2024-06-11,2004,2557,2216,254.69
Maharashtra,Nashik,Lasalgaon,Onion,Red,2024-06-12,2158,2755,2503,216.56
Maharashtra,Nashik,Lasalgaon,Onion,Red,2024-06-13,2027,2731,2332,234.67
Maharashtra,Nashik,Lasalgaon,Onion,Red,2024-06-14,2057,2693,2304,227.06
Maharashtra,Nashik,Lasalgaon,Onion,Red,2024-06-15,2057,2529,2281,229.91
Maharashtra,Nashik,Lasalgaon,Onion,Red,2024-06-16,2323,2698,2512,194.59
Maharashtra,Nashik,Lasalgaon,Onion,Red,2024-06-17,2153,2722,2322,250.7
Maharashtra,Nashik,Lasalgaon,Onion,Red,2024-06-18,1966,2564,2269,266.37
Maharashtra,Nashik,Lasalgaon,Onion,Red,2024-06-19,2086,2493,2284,244.48
Maharashtra,Nashik,Lasalgaon,Onion,Red,2024-06-20,1696,2176,1993,290.82
Maharashtra,Nashik,Lasalgaon,Onion,Red,2024-06-21,1931,2316,2083,249.27
Maharashtra,Nashik,Lasalgaon,Onion,Red,2024-06-22,1909,2449,2207,238.07
Maharashtra,Nashik,Lasalgaon,Onion,Red,2024-06-23,2112,2573,2288,256.51
Maharashtra,Nashik,Lasalgaon,Onion,Red,2024-06-24,1967,2481,2298,230.52
Maharashtra,Nashik,Lasalgaon,Onion,Red,2024-06-25,1927,2470,2110,293.23
Maharashtra,Nashik,Lasalgaon,Onion,Red,2024-06-26,2060,2726,2314,212.6
Maharashtra,Nashik,Lasalgaon,Onion,Red,2024-06-27,1930,2421,2215,237.13
Maharashtra,Nashik,Lasalgaon,Onion,Red,2024-06-28,1766,2200,2011,285.73
Maharashtra,Nashik,Lasalgaon,Onion,Red,2024-06-29,1653,1962,1831,315.49
Maharashtra,Nashik,Lasalgaon,Onion,Red,2024-06-30,2190,2608,2378,226.38
Maharashtra,Nashik,Lasalgaon,Onion,Red,2024-07-01,1913,2443,2191,257.16
Maharashtra,Nashik,Lasalgaon,Onion,Red,2024-07-02,1598,2039,1876,294.28
Maharashtra,Nashik,Lasalgaon,Onion,Red,2024-07-03,1664,2129,1923,288.94
Maharashtra,Nashik,Lasalgaon,Onion,Red,2024-07-04,1661,2086,1838,322.67
Maharashtra,Nashik,Lasalgaon,Onion,Red,2024-07-05,1829,2386,2056,261.06
Maharashtra,Nashik,Lasalgaon,Onion,Red,2024-07-06,1821,2350,1998,274.63
Maharashtra,Nashik,Lasalgaon,Onion,Red,2024-07-07,1554,1992,1707,346.27
Maharashtra,Nashik,Lasalgaon,Onion,Red,2024-07-08,1720,2057,1882,294.69
Maharashtra,Nashik,Lasalgaon,Onion,Red,2024-07-09,1537,2053,1751,316.9
Maharashtra,Nashik,Lasalgaon,Onion,Red,2024-07-10,1763,2128,1964,265.17
Maharashtra,Nashik,Lasalgaon,Onion,Red,2024-07-11,1723,2307,1992,247.98
Maharashtra,Nashik,Lasalgaon,Onion,Red,2024-07-12,1694,2050,1862,275.29
Maharashtra,Nashik,Lasalgaon,Onion,Red,2024-07-13,1742,2093,1880,286.81
Maharashtra,Nashik,Lasalgaon,Onion,Red,2024-07-14,1876,2381,2072,264.32
Maharashtra,Nashik,Lasalgaon,Onion,Red,2024-07-15,1680,2169,1856,297.16
Maharashtra,Nashik,Lasalgaon,Onion,Red,2024-07-16,1731,2187,1982,290.99
Maharashtra,Nashik,Lasalgaon,Onion,Red,2024-07-17,1550,1901,1732,332.19
Maharashtra,Nashik,Lasalgaon,Onion,Red,2024-07-18,1612,2106,1864,312.5
Maharashtra,Nashik,Lasalgaon,Onion,Red,2024-07-19,1471,1804,1675,310.63
Maharashtra,Nashik,Lasalgaon,Onion,Red,2024-07-20,1475,1815,1636,358.25
Maharashtra,Nashik,Lasalgaon,Onion,Red,2024-07-21,1895,2266,2093,276.26
Maharashtra,Nashik,Lasalgaon,Onion,Red,2024-07-22,1321,1729,1550,368.5
Maharashtra,Nashik,Lasalgaon,Onion,Red,2024-07-23,1447,1763,1597,307.23
Maharashtra,Nashik,Lasalgaon,Onion,Red,2024-07-24,1537,1923,1698,321.37
Maharashtra,Nashik,Lasalgaon,Onion,Red,2024-07-25,1716,2156,1922,271.58
Maharashtra,Nashik,Lasalgaon,Onion,Red,2024-07-26,1842,2248,2040,272.43
Maharashtra,Nashik,Lasalgaon,Onion,Red,2024-07-27,1541,1994,1710,319.94
Maharashtra,Nashik,Lasalgaon,Onion,Red,2024-07-28,1553,1982,1706,317.52
Maharashtra,Nashik,Lasalgaon,Onion,Red,2024-07-29,1556,1814,1693,338.87
Maharashtra,Nashik,Lasalgaon,Onion,Red,2024-07-30,1468,1851,1650,336.01
Maharashtra,Nashik,Lasalgaon,Onion,Red,2024-07-31,1549,1989,1794,300.72
Maharashtra,Nashik,Lasalgaon,Onion,Red,2024-08-01,1682,2122,1819,310.59
Maharashtra,Nashik,Lasalgaon,Onion,Red,2024-08-02,1531,1964,1788,281.71
Maharashtra,Nashik,Lasalgaon,Onion,Red,2024-08-03,1501,1807,1631,327.98
Maharashtra,Nashik,Lasalgaon,Onion,Red,2024-08-04,1378,1829,1554,380.58
Maharashtra,Nashik,Lasalgaon,Onion,Red,2024-08-05,1528,1862,1729,296.33
Maharashtra,Nashik,Lasalgaon,Onion,Red,2024-08-06,1574,1977,1835,299.03
Maharashtra,Nashik,Lasalgaon,Onion,Red,2024-08-07,1548,1930,1705,313.74
Maharashtra,Nashik,Lasalgaon,Onion,Red,2024-08-08,1616,2055,1773,308.99
Maharashtra,Nashik,Lasalgaon,Onion,Red,2024-08-09,1509,1983,1702,339.83
Maharashtra,Nashik,Lasalgaon,Onion,Red,2024-08-10,1512,1859,1716,314.77
Maharashtra,Nashik,Lasalgaon,Onion,Red,2024-08-11,1598,2079,1764,286.87
Maharashtra,Nashik,Lasalgaon,Onion,Red,2024-08-12,1503,1904,1686,284.71
Maharashtra,Nashik,Lasalgaon,Onion,Red,2024-08-13,1344,1709,1581,348.02
Maharashtra,Nashik,Lasalgaon,Onion,Red,2024-08-14,1433,1933,1654,323.69
Maharashtra,Nashik,Lasalgaon,Onion,Red,2024-08-15,1423,1740,1597,347.12
Maharashtra,Nashik,Lasalgaon,Onion,Red,2024-08-16,1496,1821,1629,339.56
Maharashtra,Nashik,Lasalgaon,Onion,Red,2024-08-17,1328,1794,1556,356.88
Maharashtra,Nashik,Lasalgaon,Onion,Red,2024-08-18,1764,2256,1927,284.23
Maharashtra,Nashik,Lasalgaon,Onion,Red,2024-08-19,1361,1704,1579,346.88
Maharashtra,Nashik,Lasalgaon,Onion,Red,2024-08-20,1567,2050,1765,307.75
Maharashtra,Nashik,Lasalgaon,Onion,Red,2024-08-21,1371,1595,1481,381.56
Maharashtra,Nashik,Lasalgaon,Onion,Red,2024-08-22,1384,1736,1555,363.01
Maharashtra,Nashik,Lasalgaon,Onion,Red,2024-08-23,1327,1675,1533,342.82
Maharashtra,Nashik,Lasalgaon,Onion,Red,2024-08-24,1451,1799,1588,325.84
Maharashtra,Nashik,Lasalgaon,Onion,Red,2024-08-25,1614,2039,1783,320.6
Maharashtra,Nashik,Lasalgaon,Onion,Red,2024-08-26,1538,2094,1798,298.41
Maharashtra,Nashik,Lasalgaon,Onion,Red,2024-08-27,1366,1606,1499,378.66
Maharashtra,Nashik,Lasalgaon,Onion,Red,2024-08-28,1548,1811,1692,336.69
Maharashtra,Nashik,Lasalgaon,Onion,Red,2024-08-29,1598,2115,1853,296.99
Maharashtra,Nashik,Lasalgaon,Onion,Red,2024-08-30,1627,2059,1888,286.27
Maharashtra,Nashik,Lasalgaon,Onion,Red,2024-08-31,1315,1687,1515,352.09
Maharashtra,Nashik,Lasalgaon,Onion,Red,2024-09-01,1503,1894,1648,362.97
Maharashtra,Nashik,Lasalgaon,Onion,Red,2024-09-02,1593,2002,1715,348.21
Maharashtra,Nashik,Lasalgaon,Onion,Red,2024-09-03,1197,1489,1370,383.01
Maharashtra,Nashik,Lasalgaon,Onion,Red,2024-09-04,1375,1848,1572,343.17
Maharashtra,Nashik,Lasalgaon,Onion,Red,2024-09-05,1448,1844,1646,334.67
Maharashtra,Nashik,Lasalgaon,Onion,Red,2024-09-06,1280,1745,1486,361.88
Maharashtra,Nashik,Lasalgaon,Onion,Red,2024-09-07,1376,1766,1591,328.75
Maharashtra,Nashik,Lasalgaon,Onion,Red,2024-09-08,1536,1954,1762,296.05
Maharashtra,Nashik,Lasalgaon,Onion,Red,2024-09-09,1451,1729,1563,338.89
Maharashtra,Nashik,Lasalgaon,Onion,Red,2024-09-10,1508,1974,1761,318.41
Maharashtra,Nashik,Lasalgaon,Onion,Red,2024-09-11,1545,1912,1696,334.65
Maharashtra,Nashik,Lasalgaon,Onion,Red,2024-09-12,1497,1839,1712,334.97
Maharashtra,Nashik,Lasalgaon,Onion,Red,2024-09-13,1463,1819,1674,338.69
Maharashtra,Nashik,Lasalgaon,Onion,Red,2024-09-14,1565,1951,1710,326.77
Maharashtra,Nashik,Lasalgaon,Onion,Red,2024-09-15,1384,1890,1627,323.43
Maharashtra,Nashik,Lasalgaon,Onion,Red,2024-09-16,1475,1869,1657,321.06
Maharashtra,Nashik,Lasalgaon,Onion,Red,2024-09-17,1430,1935,1673,321.02
Maharashtra,Nashik,Lasalgaon,Onion,Red,2024-09-18,1388,1851,1627,338.5
Maharashtra,Nashik,Lasalgaon,Onion,Red,2024-09-19,1486,1925,1662,351.09
Maharashtra,Nashik,Lasalgaon,Onion,Red,2024-09-20,1372,1738,1526,368.5
Maharashtra,Nashik,Lasalgaon,Onion,Red,2024-09-21,1683,1981,1815,324.37
Maharashtra,Nashik,Lasalgaon,Onion,Red,2024-09-22,1701,2034,1882,301.66
Maharashtra,Nashik,Lasalgaon,Onion,Red,2024-09-23,1689,2002,1863,286.38
Maharashtra,Nashik,Lasalgaon,Onion,Red,2024-09-24,1513,1901,1627,339.51
Maharashtra,Nashik,Lasalgaon,Onion,Red,2024-09-25,1563,1926,1722,329.13
Maharashtra,Nashik,Lasalgaon,Onion,Red,2024-09-26,1392,1774,1589,364.94
Maharashtra,Nashik,Lasalgaon,Onion,Red,2024-09-27,1585,2011,1805,300.89
Maharashtra,Nashik,Lasalgaon,Onion,Red,2024-09-28,1593,2095,1783,323.11
Maharashtra,Nashik,Lasalgaon,Onion,Red,2024-09-29,1767,2232,2009,273.36
Maharashtra,Nashik,Lasalgaon,Onion,Red,2024-09-30,1571,1995,1728,315.88
Maharashtra,Nashik,Lasalgaon,Onion,Red,2024-10-01,1703,2077,1899,285.42
Maharashtra,Nashik,Lasalgaon,Onion,Red,2024-10-02,1753,2235,1899,253.8
Maharashtra,Nashik,Lasalgaon,Onion,Red,2024-10-03,1480,1956,1728,307.92
Maharashtra,Nashik,Lasalgaon,Onion,Red,2024-10-04,1581,2059,1847,294.62
Maharashtra,Nashik,Lasalgaon,Onion,Red,2024-10-05,1636,2050,1779,292.96
Maharashtra,Nashik,Lasalgaon,Onion,Red,2024-10-06,1752,2152,1923,308.82
Maharashtra,Nashik,Lasalgaon,Onion,Red,2024-10-07,1596,2051,1754,283.17
Maharashtra,Nashik,Lasalgaon,Onion,Red,2024-10-08,1627,2140,1908,278.63
Maharashtra,Nashik,Lasalgaon,Onion,Red,2024-10-09,1735,2137,1876,305.8
Maharashtra,Nashik,Lasalgaon,Onion,Red,2024-10-10,1674,2067,1899,284.5
Maharashtra,Nashik,Lasalgaon,Onion,Red,2024-10-11,1386,1672,1496,358.79
Maharashtra,Nashik,Lasalgaon,Onion,Red,2024-10-12,1710,2130,1922,291.38
Maharashtra,Nashik,Lasalgaon,Onion,Red,2024-10-13,1737,2123,1896,271.96
Maharashtra,Nashik,Lasalgaon,Onion,Red,2024-10-14,1698,2233,1987,277.07
Maharashtra,Nashik,Lasalgaon,Onion,Red,2024-10-15,1733,2114,1928,291.68
Maharashtra,Nashik,Lasalgaon,Onion,Red,2024-10-16,1721,2231,1964,292.42
Maharashtra,Nashik,Lasalgaon,Onion,Red,2024-10-17,1725,2166,1953,268.79
Maharashtra,Nashik,Lasalgaon,Onion,Red,2024-10-18,2128,2714,2377,240.53
Maharashtra,Nashik,Lasalgaon,Onion,Red,2024-10-19,1787,2283,1962,274.6
Maharashtra,Nashik,Lasalgaon,Onion,Red,2024-10-20,1913,2427,2150,233.16
Maharashtra,Nashik,Lasalgaon,Onion,Red,2024-10-21,1815,2154,2000,276.7
Maharashtra,Nashik,Lasalgaon,Onion,Red,2024-10-22,2024,2481,2284,238.94
Maharashtra,Nashik,Lasalgaon,Onion,Red,2024-10-23,1785,2422,2064,287.83
Maharashtra,Nashik,Lasalgaon,Onion,Red,2024-10-24,2019,2547,2301,240.64
Maharashtra,Nashik,Lasalgaon,Onion,Red,2024-10-25,1862,2366,2162,259.44
Maharashtra,Nashik,Lasalgaon,Onion,Red,2024-10-26,1859,2339,2096,262.05
Maharashtra,Nashik,Lasalgaon,Onion,Red,2024-10-27,2098,2462,2259,261.58
Maharashtra,Nashik,Lasalgaon,Onion,Red,2024-10-28,1864,2419,2051,270.87
Maharashtra,Nashik,Lasalgaon,Onion,Red,2024-10-29,2007,2623,2258,263.05
Maharashtra,Nashik,Lasalgaon,Onion,Red,2024-10-30,1869,2399,2181,242.22
Maharashtra,Nashik,Lasalgaon,Onion,Red,2024-10-31,2132,2663,2337,241.65
Maharashtra,Nashik,Lasalgaon,Onion,Red,2024-11-01,2231,2944,2532,219.09
Maharashtra,Nashik,Lasalgaon,Onion,Red,2024-11-02,2195,2869,2458,239.68
Maharashtra,Nashik,Lasalgaon,Onion,Red,2024-11-03,2167,2671,2376,210.56
Maharashtra,Nashik,Lasalgaon,Onion,Red,2024-11-04,1972,2618,2242,257.09
Maharashtra,Nashik,Lasalgaon,Onion,Red,2024-11-05,2218,2784,2530,173.76
Maharashtra,Nashik,Lasalgaon,Onion,Red,2024-11-06,2080,2612,2260,248.41
Maharashtra,Nashik,Lasalgaon,Onion,Red,2024-11-07,2218,2692,2469,208.51
Maharashtra,Nashik,Lasalgaon,Onion,Red,2024-11-08,2104,2648,2322,213.31
Maharashtra,Nashik,Lasalgaon,Onion,Red,2024-11-09,2400,3000,2636,211.45
Maharashtra,Nashik,Lasalgaon,Onion,Red,2024-11-10,2309,2853,2508,235.96
Maharashtra,Nashik,Lasalgaon,Onion,Red,2024-11-11,2116,2755,2439,244.95
Maharashtra,Nashik,Lasalgaon,Onion,Red,2024-11-12,2378,3112,2678,191.16
Maharashtra,Nashik,Lasalgaon,Onion,Red,2024-11-13,2307,3134,2660,223.79
Maharashtra,Nashik,Lasalgaon,Onion,Red,2024-11-14,2259,2910,2578,220.97
Maharashtra,Nashik,Lasalgaon,Onion,Red,2024-11-15,2202,2889,2555,198.52
Maharashtra,Nashik,Lasalgaon,Onion,Red,2024-11-16,2134,2797,2398,253.43
Maharashtra,Nashik,Lasalgaon,Onion,Red,2024-11-17,2377,2956,2752,196.14
Maharashtra,Nashik,Lasalgaon,Onion,Red,2024-11-18,2315,3060,2624,199.46
Maharashtra,Nashik,Lasalgaon,Onion,Red,2024-11-19,2322,2769,2559,215.25
Maharashtra,Nashik,Lasalgaon,Onion,Red,2024-11-20,2249,2956,2562,221.7
Maharashtra,Nashik,Lasalgaon,Onion,Red,2024-11-21,2416,2877,2637,215.49
Maharashtra,Nashik,Lasalgaon,Onion,Red,2024-11-22,2379,3033,2749,216.32
Maharashtra,Nashik,Lasalgaon,Onion,Red,2024-11-23,2297,3024,2651,192.95
Maharashtra,Nashik,Lasalgaon,Onion,Red,2024-11-24,2933,3576,3177,192.56
Maharashtra,Nashik,Lasalgaon,Onion,Red,2024-11-25,2145,2648,2461,261.34
Maharashtra,Nashik,Lasalgaon,Onion,Red,2024-11-26,2388,2948,2671,204.11
Maharashtra,Nashik,Lasalgaon,Onion,Red,2024-11-27,2423,3062,2621,211.37
Maharashtra,Nashik,Lasalgaon,Onion,Red,2024-11-28,2442,2935,2716,186.34
Maharashtra,Nashik,Lasalgaon,Onion,Red,2024-11-29,2434,3068,2636,197.42
Maharashtra,Nashik,Lasalgaon,Onion,Red,2024-11-30,2698,3422,2918,227.52
Maharashtra,Nashik,Lasalgaon,Onion,Red,2024-12-01,2735,3283,3062,165.86
Maharashtra,Nashik,Lasalgaon,Onion,Red,2024-12-02,2551,3144,2769,212.17
Maharashtra,Nashik,Lasalgaon,Onion,Red,2024-12-03,2442,3178,2843,213.34
Maharashtra,Nashik,Lasalgaon,Onion,Red,2024-12-04,2746,3772,3199,144.55
Maharashtra,Nashik,Lasalgaon,Onion,Red,2024-12-05,2519,3189,2824,185.35
Maharashtra,Nashik,Lasalgaon,Onion,Red,2024-12-06,2803,3576,3145,169.92
Maharashtra,Nashik,Lasalgaon,Onion,Red,2024-12-07,2634,3448,3094,180.46
Maharashtra,Nashik,Lasalgaon,Onion,Red,2024-12-08,2751,3655,3103,186.38
Maharashtra,Nashik,Lasalgaon,Onion,Red,2024-12-09,2892,3631,3154,129.88
Maharashtra,Nashik,Lasalgaon,Onion,Red,2024-12-10,2924,3729,3173,172.36
Maharashtra,Nashik,Lasalgaon,Onion,Red,2024-12-11,2714,3541,3065,194.23
Maharashtra,Nashik,Lasalgaon,Onion,Red,2024-12-12,2650,3623,3092,203.06
Maharashtra,Nashik,Lasalgaon,Onion,Red,2024-12-13,2509,3189,2787,186.99
Maharashtra,Nashik,Lasalgaon,Onion,Red,2024-12-14,2762,3449,3163,167.16
Maharashtra,Nashik,Lasalgaon,Onion,Red,2024-12-15,3218,4022,3470,149.07
Maharashtra,Nashik,Lasalgaon,Onion,Red,2024-12-16,2701,3591,3093,166.52
Maharashtra,Nashik,Lasalgaon,Onion,Red,2024-12-17,2790,3436,3134,150.24
Maharashtra,Nashik,Lasalgaon,Onion,Red,2024-12-18,2645,3314,2986,215.77
Maharashtra,Nashik,Lasalgaon,Onion,Red,2024-12-19,2793,3408,3185,167.21
Maharashtra,Nashik,Lasalgaon,Onion,Red,2024-12-20,2689,3309,3051,165.9
Maharashtra,Nashik,Lasalgaon,Onion,Red,2024-12-21,3135,4034,3482,159.12
Maharashtra,Nashik,Lasalgaon,Onion,Red,2024-12-22,3235,3950,3536,113.54
Maharashtra,Nashik,Lasalgaon,Onion,Red,2024-12-23,2762,3606,3126,202.38
Maharashtra,Nashik,Lasalgaon,Onion,Red,2024-12-24,2779,3553,3202,156.56
Maharashtra,Nashik,Lasalgaon,Onion,Red,2024-12-25,3057,3869,3345,142.58
Maharashtra,Nashik,Lasalgaon,Onion,Red,2024-12-26,2823,3542,3079,201.88
Maharashtra,Nashik,Lasalgaon,Onion,Red,2024-12-27,2856,3748,3218,180.25
Maharashtra,Nashik,Lasalgaon,Onion,Red,2024-12-28,3236,4194,3607,153.14
Maharashtra,Nashik,Lasalgaon,Onion,Red,2024-12-29,3080,4105,3582,128.48
Maharashtra,Nashik,Lasalgaon,Onion,Red,2024-12-30,2756,3577,3205,197.77
Maharashtra,Nashik,Lasalgaon,Onion,Red,2024-12-31,2938,3840,3336,145.36
Maharashtra,Nashik,Lasalgaon,Onion,Red,2025-01-01,2945,4053,3457,179.44
Maharashtra,Nashik,Lasalgaon,Onion,Red,2025-01-02,2987,3737,3333,173.0
Maharashtra,Nashik,Lasalgaon,Onion,Red,2025-01-03,3136,3820,3543,152.35
Maharashtra,Nashik,Lasalgaon,Onion,Red,2025-01-04,2903,3918,3386,191.73
Maharashtra,Nashik,Lasalgaon,Onion,Red,2025-01-05,2919,3832,3432,162.28
Maharashtra,Nashik,Lasalgaon,Onion,Red,2025-01-06,2908,3711,3397,160.17
Maharashtra,Nashik,Lasalgaon,Onion,Red,2025-01-07,3185,4046,3594,162.17
Maharashtra,Nashik,Lasalgaon,Onion,Red,2025-01-08,3211,4014,3532,130.88
Maharashtra,Nashik,Lasalgaon,Onion,Red,2025-01-09,3084,3752,3380,158.8
Maharashtra,Nashik,Lasalgaon,Onion,Red,2025-01-10,3211,4132,3532,181.64
Maharashtra,Nashik,Lasalgaon,Onion,Red,2025-01-11,3156,3893,3542,167.55
Maharashtra,Nashik,Lasalgaon,Onion,Red,2025-01-12,3172,4121,3687,160.05
Maharashtra,Nashik,Lasalgaon,Onion,Red,2025-01-13,3142,3887,3511,140.41
Maharashtra,Nashik,Lasalgaon,Onion,Red,2025-01-14,3211,4212,3651,157.65
Maharashtra,Nashik,Lasalgaon,Onion,Red,2025-01-15,2918,3759,3393,161.05
Maharashtra,Nashik,Lasalgaon,Onion,Red,2025-01-16,3180,3958,3588,144.11
Maharashtra,Nashik,Lasalgaon,Onion,Red,2025-01-17,3156,3827,3458,162.53
Maharashtra,Nashik,Lasalgaon,Onion,Red,2025-01-18,3537,4462,3840,153.42
Maharashtra,Nashik,Lasalgaon,Onion,Red,2025-01-19,3184,4129,3576,176.38
Maharashtra,Nashik,Lasalgaon,Onion,Red,2025-01-20,3339,4177,3775,137.42
Maharashtra,Nashik,Lasalgaon,Onion,Red,2025-01-21,3619,4374,3891,118.99
Maharashtra,Nashik,Lasalgaon,Onion,Red,2025-01-22,3072,4073,3600,146.12
Maharashtra,Nashik,Lasalgaon,Onion,Red,2025-01-23,3159,4017,3488,160.91
Maharashtra,Nashik,Lasalgaon,Onion,Red,2025-01-24,3328,3979,3581,134.82
Maharashtra,Nashik,Lasalgaon,Onion,Red,2025-01-25,3345,4228,3662,173.71
Maharashtra,Nashik,Lasalgaon,Onion,Red,2025-01-26,3683,4514,3981,144.47
Maharashtra,Nashik,Lasalgaon,Onion,Red,2025-01-27,3276,4106,3597,131.69
Maharashtra,Nashik,Lasalgaon,Onion,Red,2025-01-28,3185,4124,3579,166.0
Maharashtra,Nashik,Lasalgaon,Onion,Red,2025-01-29,3138,3969,3628,153.44
Maharashtra,Nashik,Lasalgaon,Onion,Red,2025-01-30,3389,4157,3806,120.45
Maharashtra,Nashik,Lasalgaon,Onion,Red,2025-01-31,3450,4366,3753,151.7
Maharashtra,Nashik,Lasalgaon,Onion,Red,2025-02-01,3476,4602,4017,138.49
Maharashtra,Nashik,Lasalgaon,Onion,Red,2025-02-02,3449,4650,4026,128.72
Maharashtra,Nashik,Lasalgaon,Onion,Red,2025-02-03,3440,4296,3869,122.51
Maharashtra,Nashik,Lasalgaon,Onion,Red,2025-02-04,3285,4509,3850,145.14
Maharashtra,Nashik,Lasalgaon,Onion,Red,2025-02-05,3488,4444,3961,145.41
Maharashtra,Nashik,Lasalgaon,Onion,Red,2025-02-06,3365,4041,3769,161.35
Maharashtra,Nashik,Lasalgaon,Onion,Red,2025-02-07,3506,4382,3864,127.11
Maharashtra,Nashik,Lasalgaon,Onion,Red,2025-02-08,3329,4262,3790,128.18
Maharashtra,Nashik,Lasalgaon,Onion,Red,2025-02-09,3440,4689,4015,143.77
Maharashtra,Nashik,Lasalgaon,Onion,Red,2025-02-10,3446,4576,4001,134.56
Maharashtra,Nashik,Lasalgaon,Onion,Red,2025-02-11,3220,4110,3782,122.55
Maharashtra,Nashik,Lasalgaon,Onion,Red,2025-02-12,3267,4364,3808,139.85
Maharashtra,Nashik,Lasalgaon,Onion,Red,2025-02-13,3316,4520,3850,137.86
Maharashtra,Nashik,Lasalgaon,Onion,Red,2025-02-14,3512,4283,3799,145.98
Maharashtra,Nashik,Lasalgaon,Onion,Red,2025-02-15,3280,4265,3831,138.32
Maharashtra,Nashik,Lasalgaon,Onion,Red,2025-02-16,3481,4280,3952,169.64
Maharashtra,Nashik,Lasalgaon,Onion,Red,2025-02-17,3432,4070,3752,142.88
Maharashtra,Nashik,Lasalgaon,Onion,Red,2025-02-18,3148,4135,3626,167.24
Maharashtra,Nashik,Lasalgaon,Onion,Red,2025-02-19,3189,3994,3553,140.14
Maharashtra,Nashik,Lasalgaon,Onion,Red,2025-02-20,3556,4222,3935,112.66
Maharashtra,Nashik,Lasalgaon,Onion,Red,2025-02-21,3262,4267,3771,145.05
Maharashtra,Nashik,Lasalgaon,Onion,Red,2025-02-22,3449,4179,3847,132.2
Maharashtra,Nashik,Lasalgaon,Onion,Red,2025-02-23,3801,4413,4121,146.08
Maharashtra,Nashik,Lasalgaon,Onion,Red,2025-02-24,3520,4551,3895,133.75
Maharashtra,Nashik,Lasalgaon,Onion,Red,2025-02-25,3480,4173,3886,132.36
Maharashtra,Nashik,Lasalgaon,Onion,Red,2025-02-26,3633,4618,4198,135.53
Maharashtra,Nashik,Lasalgaon,Onion,Red,2025-02-27,3493,4211,3802,177.32
Maharashtra,Nashik,Lasalgaon,Onion,Red,2025-02-28,3254,4200,3818,147.97
Maharashtra,Nashik,Lasalgaon,Onion,Red,2025-03-01,3605,4682,3975,129.79
Maharashtra,Nashik,Lasalgaon,Onion,Red,2025-03-02,3560,4637,3930,164.83
Maharashtra,Nashik,Lasalgaon,Onion,Red,2025-03-03,3652,4274,3948,151.17
Maharashtra,Nashik,Lasalgaon,Onion,Red,2025-03-04,3678,4340,3970,145.43
Maharashtra,Nashik,Lasalgaon,Onion,Red,2025-03-05,3596,4696,4134,133.7
Maharashtra,Nashik,Lasalgaon,Onion,Red,2025-03-06,3318,4229,3748,128.73
Maharashtra,Nashik,Lasalgaon,Onion,Red,2025-03-07,3323,4136,3803,99.72
Maharashtra,Nashik,Lasalgaon,Onion,Red,2025-03-08,3490,4372,4041,142.05
Maharashtra,Nashik,Lasalgaon,Onion,Red,2025-03-09,3601,4466,3888,157.45
Maharashtra,Nashik,Lasalgaon,Onion,Red,2025-03-10,3242,3921,3635,136.46
Maharashtra,Nashik,Lasalgaon,Onion,Red,2025-03-11,3279,4409,3854,165.87
Maharashtra,Nashik,Lasalgaon,Onion,Red,2025-03-12,3374,4400,3891,100.74
Maharashtra,Nashik,Lasalgaon,Onion,Red,2025-03-13,3222,4118,3704,136.31
Maharashtra,Nashik,Lasalgaon,Onion,Red,2025-03-14,3475,4348,3857,121.44
Maharashtra,Nashik,Lasalgaon,Onion,Red,2025-03-15,3241,4061,3645,146.62
Maharashtra,Nashik,Lasalgaon,Onion,Red,2025-03-16,3491,4379,4056,146.41
Maharashtra,Nashik,Lasalgaon,Onion,Red,2025-03-17,3467,4062,3774,159.07
Maharashtra,Nashik,Lasalgaon,Onion,Red,2025-03-18,3814,4486,4151,158.18
Maharashtra,Nashik,Lasalgaon,Onion,Red,2025-03-19,3429,4376,3730,125.69
Maharashtra,Nashik,Lasalgaon,Onion,Red,2025-03-20,3426,4368,3739,132.89
Maharashtra,Nashik,Lasalgaon,Onion,Red,2025-03-21,3553,4314,3848,125.21
Maharashtra,Nashik,Lasalgaon,Onion,Red,2025-03-22,3314,4269,3766,131.85
Maharashtra,Nashik,Lasalgaon,Onion,Red,2025-03-23,3605,4381,3878,141.2
Maharashtra,Nashik,Lasalgaon,Onion,Red,2025-03-24,3275,4142,3797,144.32
Maharashtra,Nashik,Lasalgaon,Onion,Red,2025-03-25,3358,4041,3674,161.51
Maharashtra,Nashik,Lasalgaon,Onion,Red,2025-03-26,3247,4326,3751,138.81
Maharashtra,Nashik,Lasalgaon,Onion,Red,2025-03-27,3491,4169,3825,146.98
Maharashtra,Nashik,Lasalgaon,Onion,Red,2025-03-28,3437,4419,3804,161.95
Maharashtra,Nashik,Lasalgaon,Onion,Red,2025-03-29,3215,3936,3569,190.83
Maharashtra,Nashik,Lasalgaon,Onion,Red,2025-03-30,3405,4229,3920,122.69
Maharashtra,Nashik,Lasalgaon,Onion,Red,2025-03-31,3369,4301,3828,132.98
Maharashtra,Nashik,Lasalgaon,Onion,Red,2025-04-01,3449,4617,3926,124.03
Maharashtra,Nashik,Lasalgaon,Onion,Red,2025-04-02,3275,4224,3668,162.09
Maharashtra,Nashik,Lasalgaon,Onion,Red,2025-04-03,3411,4435,3759,151.25
Maharashtra,Nashik,Lasalgaon,Onion,Red,2025-04-04,3439,4352,3797,137.91
Maharashtra,Nashik,Lasalgaon,Onion,Red,2025-04-05,3498,4151,3794,135.06
Maharashtra,Nashik,Lasalgaon,Onion,Red,2025-04-06,3347,4044,3602,176.62
Maharashtra,Nashik,Lasalgaon,Onion,Red,2025-04-07,3155,3771,3497,137.37
Maharashtra,Nashik,Lasalgaon,Onion,Red,2025-04-08,3400,3991,3704,150.91
Maharashtra,Nashik,Lasalgaon,Onion,Red,2025-04-09,3107,3997,3648,145.71
Maharashtra,Nashik,Lasalgaon,Onion,Red,2025-04-10,3337,4212,3656,172.68
Maharashtra,Nashik,Lasalgaon,Onion,Red,2025-04-11,3260,3936,3616,129.55
Maharashtra,Nashik,Lasalgaon,Onion,Red,2025-04-12,3043,4177,3561,161.05
Maharashtra,Nashik,Lasalgaon,Onion,Red,2025-04-13,3502,4561,3926,150.98
Maharashtra,Nashik,Lasalgaon,Onion,Red,2025-04-14,3061,3760,3377,162.0
Maharashtra,Nashik,Lasalgaon,Onion,Red,2025-04-15,3200,4109,3630,159.32
Maharashtra,Nashik,Lasalgaon,Onion,Red,2025-04-16,3053,4032,3588,133.63
Maharashtra,Nashik,Lasalgaon,Onion,Red,2025-04-17,3156,4137,3584,156.88
Maharashtra,Nashik,Lasalgaon,Onion,Red,2025-04-18,3154,3953,3577,156.19
Maharashtra,Nashik,Lasalgaon,Onion,Red,2025-04-19,2930,3839,3446,176.29
Maharashtra,Nashik,Lasalgaon,Onion,Red,2025-04-20,3314,4117,3664,132.6
Maharashtra,Nashik,Lasalgaon,Onion,Red,2025-04-21,3121,3910,3402,156.76
Maharashtra,Nashik,Lasalgaon,Onion,Red,2025-04-22,3095,3714,3360,171.23
Maharashtra,Nashik,Lasalgaon,Onion,Red,2025-04-23,2979,3765,3430,167.58
Maharashtra,Nashik,Lasalgaon,Onion,Red,2025-04-24,3033,4085,3519,155.1
Maharashtra,Nashik,Lasalgaon,Onion,Red,2025-04-25,3230,3906,3497,148.16
Maharashtra,Nashik,Lasalgaon,Onion,Red,2025-04-26,3139,4029,3518,148.48
Maharashtra,Nashik,Lasalgaon,Onion,Red,2025-04-27,3077,3660,3353,169.57
Maharashtra,Nashik,Lasalgaon,Onion,Red,2025-04-28,2973,3603,3272,169.21
Maharashtra,Nashik,Lasalgaon,Onion,Red,2025-04-29,2871,3570,3156,157.64
Maharashtra,Nashik,Lasalgaon,Onion,Red,2025-04-30,2941,3744,3248,179.85
Maharashtra,Nashik,Lasalgaon,Onion,Red,2025-05-01,2876,3590,3237,153.54
Maharashtra,Nashik,Lasalgaon,Onion,Red,2025-05-02,2967,3927,3421,143.91
Maharashtra,Nashik,Lasalgaon,Onion,Red,2025-05-03,2930,3513,3260,179.33
Maharashtra,Nashik,Lasalgaon,Onion,Red,2025-05-04,2988,3914,3323,176.09
Maharashtra,Nashik,Lasalgaon,Onion,Red,2025-05-05,2986,3630,3372,173.04
Maharashtra,Nashik,Lasalgaon,Onion,Red,2025-05-06,2837,3616,3184,173.94
Maharashtra,Nashik,Lasalgaon,Onion,Red,2025-05-07,2575,3205,2902,181.38
Maharashtra,Nashik,Lasalgaon,Onion,Red,2025-05-08,2588,3169,2891,177.17
Maharashtra,Nashik,Lasalgaon,Onion,Red,2025-05-09,2720,3527,3142,179.59
Maharashtra,Nashik,Lasalgaon,Onion,Red,2025-05-10,2758,3705,3194,201.03
Maharashtra,Nashik,Lasalgaon,Onion,Red,2025-05-11,2807,3494,3064,165.88
Maharashtra,Nashik,Lasalgaon,Onion,Red,2025-05-12,2795,3572,3074,190.92
Maharashtra,Nashik,Lasalgaon,Onion,Red,2025-05-13,2656,3218,2982,187.05
Maharashtra,Nashik,Lasalgaon,Onion,Red,2025-05-14,2870,3377,3098,202.72
Maharashtra,Nashik,Lasalgaon,Onion,Red,2025-05-15,2570,3285,2858,199.66
Maharashtra,Nashik,Lasalgaon,Onion,Red,2025-05-16,2873,3375,3129,184.59
Maharashtra,Nashik,Lasalgaon,Onion,Red,2025-05-17,2825,3463,3174,156.97
Maharashtra,Nashik,Lasalgaon,Onion,Red,2025-05-18,2502,3291,2839,212.19
Maharashtra,Nashik,Lasalgaon,Onion,Red,2025-05-19,2446,3332,2862,191.09
Maharashtra,Nashik,Lasalgaon,Onion,Red,2025-05-20,2594,3462,2951,188.29
Maharashtra,Nashik,Lasalgaon,Onion,Red,2025-05-21,2782,3394,3053,186.84
Maharashtra,Nashik,Lasalgaon,Onion,Red,2025-05-22,2378,3147,2723,200.6
Maharashtra,Nashik,Lasalgaon,Onion,Red,2025-05-23,2600,3163,2930,195.86
Maharashtra,Nashik,Lasalgaon,Onion,Red,2025-05-24,2527,3239,2849,184.77
Maharashtra,Nashik,Lasalgaon,Onion,Red,2025-05-25,2801,3402,3137,169.43
Maharashtra,Nashik,Lasalgaon,Onion,Red,2025-05-26,2561,3233,2870,205.45
Maharashtra,Nashik,Lasalgaon,Onion,Red,2025-05-27,2628,3077,2848,183.17
Maharashtra,Nashik,Lasalgaon,Onion,Red,2025-05-28,2493,3263,2857,188.52
Maharashtra,Nashik,Lasalgaon,Onion,Red,2025-05-29,2735,3416,3097,190.43
Maharashtra,Nashik,Lasalgaon,Onion,Red,2025-05-30,2586,3147,2869,209.35
Maharashtra,Nashik,Lasalgaon,Onion,Red,2025-05-31,2126,2667,2477,220.7
Maharashtra,Nashik,Lasalgaon,Onion,Red,2025-06-01,2791,3532,3022,173.73
Maharashtra,Nashik,Lasalgaon,Onion,Red,2025-06-02,2239,2679,2450,226.68
Maharashtra,Nashik,Lasalgaon,Onion,Red,2025-06-03,2286,2835,2565,202.84
Maharashtra,Nashik,Lasalgaon,Onion,Red,2025-06-04,2433,2996,2645,190.11
Maharashtra,Nashik,Lasalgaon,Onion,Red,2025-06-05,2261,2968,2619,214.03
Maharashtra,Nashik,Lasalgaon,Onion,Red,2025-06-06,2656,3351,2907,182.14
Maharashtra,Nashik,Lasalgaon,Onion,Red,2025-06-07,2247,2932,2593,221.21
Maharashtra,Nashik,Lasalgaon,Onion,Red,2025-06-08,2338,3005,2698,194.67
Maharashtra,Nashik,Lasalgaon,Onion,Red,2025-06-09,2427,3059,2677,229.48
Maharashtra,Nashik,Lasalgaon,Onion,Red,2025-06-10,2160,2920,2511,209.49
Maharashtra,Nashik,Lasalgaon,Onion,Red,2025-06-11,2135,2863,2434,235.63
Maharashtra,Nashik,Lasalgaon,Onion,Red,2025-06-12,2349,2947,2696,210.08
Maharashtra,Nashik,Lasalgaon,Onion,Red,2025-06-13,2347,2934,2595,227.57
Maharashtra,Nashik,Lasalgaon,Onion,Red,2025-06-14,2359,3000,2706,209.87
Maharashtra,Nashik,Lasalgaon,Onion,Red,2025-06-15,2293,2944,2566,225.64
Maharashtra,Nashik,Lasalgaon,Onion,Red,2025-06-16,2339,2943,2558,211.33
Maharashtra,Nashik,Lasalgaon,Onion,Red,2025-06-17,1947,2526,2166,247.72
Maharashtra,Nashik,Lasalgaon,Onion,Red,2025-06-18,2092,2580,2254,207.56
Maharashtra,Nashik,Lasalgaon,Onion,Red,2025-06-19,2103,2538,2349,233.07
Maharashtra,Nashik,Lasalgaon,Onion,Red,2025-06-20,2173,2737,2450,234.55
Maharashtra,Nashik,Lasalgaon,Onion,Red,2025-06-21,2021,2726,2323,245.35
Maharashtra,Nashik,Lasalgaon,Onion,Red,2025-06-22,2219,2784,2564,221.59
Maharashtra,Nashik,Lasalgaon,Onion,Red,2025-06-23,1983,2396,2183,263.47
Maharashtra,Nashik,Lasalgaon,Onion,Red,2025-06-24,2037,2604,2343,234.07
Maharashtra,Nashik,Lasalgaon,Onion,Red,2025-06-25,1966,2458,2211,243.81
Maharashtra,Nashik,Lasalgaon,Onion,Red,2025-06-26,2151,2584,2407,237.01
Maharashtra,Nashik,Lasalgaon,Onion,Red,2025-06-27,1970,2509,2191,253.26
Maharashtra,Nashik,Lasalgaon,Onion,Red,2025-06-28,2141,2690,2320,229.68
Maharashtra,Nashik,Lasalgaon,Onion,Red,2025-06-29,2294,2747,2485,196.02
Maharashtra,Nashik,Lasalgaon,Onion,Red,2025-06-30,2097,2457,2269,252.45
Maharashtra,Nashik,Lasalgaon,Onion,Red,2025-07-01,1938,2568,2243,242.27
Maharashtra,Nashik,Lasalgaon,Onion,Red,2025-07-02,1810,2338,2074,266.11
Maharashtra,Nashik,Lasalgaon,Onion,Red,2025-07-03,2010,2512,2234,257.79
Maharashtra,Nashik,Lasalgaon,Onion,Red,2025-07-04,1824,2217,2066,260.8
Maharashtra,Nashik,Lasalgaon,Onion,Red,2025-07-05,1854,2256,2099,240.93
Maharashtra,Nashik,Lasalgaon,Onion,Red,2025-07-06,2094,2870,2445,257.98
Maharashtra,Nashik,Lasalgaon,Onion,Red,2025-07-07,1980,2420,2245,233.36
Maharashtra,Nashik,Lasalgaon,Onion,Red,2025-07-08,2064,2562,2342,232.36
Maharashtra,Nashik,Lasalgaon,Onion,Red,2025-07-09,2022,2433,2189,261.61
Maharashtra,Nashik,Lasalgaon,Onion,Red,2025-07-10,1538,2037,1767,312.82
Maharashtra,Nashik,Lasalgaon,Onion,Red,2025-07-11,1718,2236,1947,254.49
Maharashtra,Nashik,Lasalgaon,Onion,Red,2025-07-12,1846,2404,2080,273.48
Maharashtra,Nashik,Lasalgaon,Onion,Red,2025-07-13,1811,2268,2111,263.14
Maharashtra,Nashik,Lasalgaon,Onion,Red,2025-07-14,1877,2386,2145,253.86
Maharashtra,Nashik,Lasalgaon,Onion,Red,2025-07-15,1585,1976,1844,311.23
Maharashtra,Nashik,Lasalgaon,Onion,Red,2025-07-16,1747,2105,1954,272.36
Maharashtra,Nashik,Lasalgaon,Onion,Red,2025-07-17,1759,2222,1953,277.52
Maharashtra,Nashik,Lasalgaon,Onion,Red,2025-07-18,1545,1898,1756,318.13
Maharashtra,Nashik,Lasalgaon,Onion,Red,2025-07-19,1860,2287,2004,271.26
Maharashtra,Nashik,Lasalgaon,Onion,Red,2025-07-20,1818,2515,2132,268.07
Maharashtra,Nashik,Lasalgaon,Onion,Red,2025-07-21,1679,2147,1929,275.42
Maharashtra,Nashik,Lasalgaon,Onion,Red,2025-07-22,1578,2008,1814,332.63
Maharashtra,Nashik,Lasalgaon,Onion,Red,2025-07-23,1793,2198,1962,278.67
Maharashtra,Nashik,Lasalgaon,Onion,Red,2025-07-24,1710,2168,1983,269.41
Maharashtra,Nashik,Lasalgaon,Onion,Red,2025-07-25,1736,2185,2017,268.06
Maharashtra,Nashik,Lasalgaon,Onion,Red,2025-07-26,1475,1844,1647,333.22
Maharashtra,Nashik,Lasalgaon,Onion,Red,2025-07-27,1636,2203,1899,287.2
Maharashtra,Nashik,Lasalgaon,Onion,Red,2025-07-28,1531,1917,1782,314.97
Maharashtra,Nashik,Lasalgaon,Onion,Red,2025-07-29,1819,2367,2068,277.47
Maharashtra,Nashik,Lasalgaon,Onion,Red,2025-07-30,1621,2069,1896,292.41
Maharashtra,Nashik,Lasalgaon,Onion,Red,2025-07-31,1622,2082,1893,311.19
Maharashtra,Nashik,Lasalgaon,Onion,Red,2025-08-01,1663,2059,1910,261.29
Maharashtra,Nashik,Lasalgaon,Onion,Red,2025-08-02,1512,1849,1706,338.25
Maharashtra,Nashik,Lasalgaon,Onion,Red,2025-08-03,1855,2262,2012,293.66
Maharashtra,Nashik,Lasalgaon,Onion,Red,2025-08-04,1629,2065,1860,297.55
Maharashtra,Nashik,Lasalgaon,Onion,Red,2025-08-05,1655,2106,1823,293.56
Maharashtra,Nashik,Lasalgaon,Onion,Red,2025-08-06,1536,2032,1778,291.97
Maharashtra,Nashik,Lasalgaon,Onion,Red,2025-08-07,1555,1898,1694,309.98
Maharashtra,Nashik,Lasalgaon,Onion,Red,2025-08-08,1534,2109,1790,300.61
Maharashtra,Nashik,Lasalgaon,Onion,Red,2025-08-09,1413,1703,1579,356.6
Maharashtra,Nashik,Lasalgaon,Onion,Red,2025-08-10,1649,2021,1882,304.81
Maharashtra,Nashik,Lasalgaon,Onion,Red,2025-08-11,1588,2095,1791,338.7
Maharashtra,Nashik,Lasalgaon,Onion,Red,2025-08-12,1550,1930,1771,302.69
Maharashtra,Nashik,Lasalgaon,Onion,Red,2025-08-13,1504,1842,1662,340.73
Maharashtra,Nashik,Lasalgaon,Onion,Red,2025-08-14,1590,2097,1864,295.37
Maharashtra,Nashik,Lasalgaon,Onion,Red,2025-08-15,1566,2000,1796,322.56
Maharashtra,Nashik,Lasalgaon,Onion,Red,2025-08-16,1579,1995,1851,302.0
Maharashtra,Nashik,Lasalgaon,Onion,Red,2025-08-17,1526,1917,1752,302.93
Maharashtra,Nashik,Lasalgaon,Onion,Red,2025-08-18,1532,1799,1657,327.93
Maharashtra,Nashik,Lasalgaon,Onion,Red,2025-08-19,1535,1914,1660,319.95
Maharashtra,Nashik,Lasalgaon,Onion,Red,2025-08-20,1572,1912,1715,323.22
Maharashtra,Nashik,Lasalgaon,Onion,Red,2025-08-21,1660,2095,1813,279.5
Maharashtra,Nashik,Lasalgaon,Onion,Red,2025-08-22,1434,1966,1685,303.98
Maharashtra,Nashik,Lasalgaon,Onion,Red,2025-08-23,1527,1936,1743,315.43
Maharashtra,Nashik,Lasalgaon,Onion,Red,2025-08-24,1732,2017,1880,289.06
Maharashtra,Nashik,Lasalgaon,Onion,Red,2025-08-25,1438,1780,1635,335.14
Maharashtra,Nashik,Lasalgaon,Onion,Red,2025-08-26,1604,1995,1813,298.12
Maharashtra,Nashik,Lasalgaon,Onion,Red,2025-08-27,1391,1805,1597,348.4
Maharashtra,Nashik,Lasalgaon,Onion,Red,2025-08-28,1641,2131,1845,281.42
Maharashtra,Nashik,Lasalgaon,Onion,Red,2025-08-29,1358,1826,1575,332.08
Maharashtra,Nashik,Lasalgaon,Onion,Red,2025-08-30,1546,1864,1731,341.93
Maharashtra,Nashik,Lasalgaon,Onion,Red,2025-08-31,1871,2295,2088,267.47
Maharashtra,Nashik,Lasalgaon,Onion,Red,2025-09-01,1377,1732,1541,378.01
Maharashtra,Nashik,Lasalgaon,Onion,Red,2025-09-02,1794,2085,1948,270.39
Maharashtra,Nashik,Lasalgaon,Onion,Red,2025-09-03,1591,2044,1756,324.52
Maharashtra,Nashik,Lasalgaon,Onion,Red,2025-09-04,1664,2093,1925,283.87
Maharashtra,Nashik,Lasalgaon,Onion,Red,2025-09-05,1728,2139,1875,298.81
Maharashtra,Nashik,Lasalgaon,Onion,Red,2025-09-06,1380,1642,1486,374.77
Maharashtra,Nashik,Lasalgaon,Onion,Red,2025-09-07,1749,2166,1946,307.66
Maharashtra,Nashik,Lasalgaon,Onion,Red,2025-09-08,1601,1854,1731,325.07
Maharashtra,Nashik,Lasalgaon,Onion,Red,2025-09-09,1821,2341,2002,283.14
Maharashtra,Nashik,Lasalgaon,Onion,Red,2025-09-10,1591,1877,1715,320.27
Maharashtra,Nashik,Lasalgaon,Onion,Red,2025-09-11,1506,1878,1689,324.97
Maharashtra,Nashik,Lasalgaon,Onion,Red,2025-09-12,1563,2091,1774,304.99
Maharashtra,Nashik,Lasalgaon,Onion,Red,2025-09-13,1696,2113,1826,279.7
Maharashtra,Nashik,Lasalgaon,Onion,Red,2025-09-14,1901,2475,2213,246.99
Maharashtra,Nashik,Lasalgaon,Onion,Red,2025-09-15,1597,2030,1762,332.95
Maharashtra,Nashik,Lasalgaon,Onion,Red,2025-09-16,1676,2066,1890,285.63
Maharashtra,Nashik,Lasalgaon,Onion,Red,2025-09-17,1630,2024,1791,322.82
Maharashtra,Nashik,Lasalgaon,Onion,Red,2025-09-18,1786,2217,1992,269.26
Maharashtra,Nashik,Lasalgaon,Onion,Red,2025-09-19,1867,2196,2021,251.65
Maharashtra,Nashik,Lasalgaon,Onion,Red,2025-09-20,1866,2311,2049,274.16
Maharashtra,Nashik,Lasalgaon,Onion,Red,2025-09-21,2004,2521,2185,261.49
Maharashtra,Nashik,Lasalgaon,Onion,Red,2025-09-22,1545,1906,1758,312.03
Maharashtra,Nashik,Lasalgaon,Onion,Red,2025-09-23,1556,2088,1822,292.34
Maharashtra,Nashik,Lasalgaon,Onion,Red,2025-09-24,1806,2272,1948,258.01
Maharashtra,Nashik,Lasalgaon,Onion,Red,2025-09-25,1633,2021,1874,295.46
Maharashtra,Nashik,Lasalgaon,Onion,Red,2025-09-26,1465,1987,1685,331.76
Maharashtra,Nashik,Lasalgaon,Onion,Red,2025-09-27,1789,2328,1997,282.82
Maharashtra,Nashik,Lasalgaon,Onion,Red,2025-09-28,1862,2423,2134,260.07
Maharashtra,Nashik,Lasalgaon,Onion,Red,2025-09-29,1619,2072,1759,336.48
Maharashtra,Nashik,Lasalgaon,Onion,Red,2025-09-30,1428,1873,1609,339.72
Maharashtra,Nashik,Lasalgaon,Onion,Red,2025-10-01,1695,2033,1897,291.87
Maharashtra,Nashik,Lasalgaon,Onion,Red,2025-10-02,1661,2166,1871,310.59
Maharashtra,Nashik,Lasalgaon,Onion,Red,2025-10-03,1568,2109,1788,299.75
Maharashtra,Nashik,Lasalgaon,Onion,Red,2025-10-04,1714,2150,1962,287.91
Maharashtra,Nashik,Lasalgaon,Onion,Red,2025-10-05,1927,2465,2218,262.05
Maharashtra,Nashik,Lasalgaon,Onion,Red,2025-10-06,2215,2674,2405,240.44
Maharashtra,Nashik,Lasalgaon,Onion,Red,2025-10-07,1826,2353,2007,287.05
Maharashtra,Nashik,Lasalgaon,Onion,Red,2025-10-08,1788,2305,2021,250.43
Maharashtra,Nashik,Lasalgaon,Onion,Red,2025-10-09,1720,2195,1866,291.56
Maharashtra,Nashik,Lasalgaon,Onion,Red,2025-10-10,1764,2217,1933,283.76
Maharashtra,Nashik,Lasalgaon,Onion,Red,2025-10-11,2030,2474,2187,246.9
Maharashtra,Nashik,Lasalgaon,Onion,Red,2025-10-12,1796,2240,2003,283.15
Maharashtra,Nashik,Lasalgaon,Onion,Red,2025-10-13,1740,2184,2000,272.23
Maharashtra,Nashik,Lasalgaon,Onion,Red,2025-10-14,2180,2699,2426,240.82
Maharashtra,Nashik,Lasalgaon,Onion,Red,2025-10-15,2037,2704,2294,235.54
Maharashtra,Nashik,Lasalgaon,Onion,Red,2025-10-16,2062,2756,2414,215.89
Maharashtra,Nashik,Lasalgaon,Onion,Red,2025-10-17,1763,2142,1970,312.06
Maharashtra,Nashik,Lasalgaon,Onion,Red,2025-10-18,1673,2225,1943,277.08
Maharashtra,Nashik,Lasalgaon,Onion,Red,2025-10-19,2190,2765,2423,222.96
Maharashtra,Nashik,Lasalgaon,Onion,Red,2025-10-20,1923,2369,2080,265.57
Maharashtra,Nashik,Lasalgaon,Onion,Red,2025-10-21,2019,2397,2227,249.82
Maharashtra,Nashik,Lasalgaon,Onion,Red,2025-10-22,2204,2790,2416,237.34
Maharashtra,Nashik,Lasalgaon,Onion,Red,2025-10-23,2024,2476,2236,250.76
Maharashtra,Nashik,Lasalgaon,Onion,Red,2025-10-24,1662,2164,1897,288.62
Maharashtra,Nashik,Lasalgaon,Onion,Red,2025-10-25,2175,2714,2343,224.53
Maharashtra,Nashik,Lasalgaon,Onion,Red,2025-10-26,2108,2711,2406,242.78
Maharashtra,Nashik,Lasalgaon,Onion,Red,2025-10-27,1942,2422,2141,271.52
Maharashtra,Nashik,Lasalgaon,Onion,Red,2025-10-28,2285,2917,2567,209.12
Maharashtra,Nashik,Lasalgaon,Onion,Red,2025-10-29,1990,2491,2227,237.46
Maharashtra,Nashik,Lasalgaon,Onion,Red,2025-10-30,2344,2783,2589,197.2
Maharashtra,Nashik,Lasalgaon,Onion,Red,2025-10-31,1940,2479,2262,216.82
Maharashtra,Nashik,Lasalgaon,Onion,Red,2025-11-01,2007,2708,2357,236.69
Maharashtra,Nashik,Lasalgaon,Onion,Red,2025-11-02,2559,3147,2770,194.01
Maharashtra,Nashik,Lasalgaon,Onion,Red,2025-11-03,2287,2799,2469,213.55
Maharashtra,Nashik,Lasalgaon,Onion,Red,2025-11-04,2034,2658,2310,257.05
Maharashtra,Nashik,Lasalgaon,Onion,Red,2025-11-05,2289,2730,2507,229.02
Maharashtra,Nashik,Lasalgaon,Onion,Red,2025-11-06,2178,2874,2521,196.15
Maharashtra,Nashik,Lasalgaon,Onion,Red,2025-11-07,2418,2964,2644,197.95
Maharashtra,Nashik,Lasalgaon,Onion,Red,2025-11-08,2418,2962,2602,195.18
Maharashtra,Nashik,Lasalgaon,Onion,Red,2025-11-09,2349,2985,2567,205.27
Maharashtra,Nashik,Lasalgaon,Onion,Red,2025-11-10,2093,2818,2409,210.8
Maharashtra,Nashik,Lasalgaon,Onion,Red,2025-11-11,2545,3284,2882,191.39
Maharashtra,Nashik,Lasalgaon,Onion,Red,2025-11-12,2159,2721,2397,212.65
Maharashtra,Nashik,Lasalgaon,Onion,Red,2025-11-13,2219,2815,2523,211.09
Maharashtra,Nashik,Lasalgaon,Onion,Red,2025-11-14,2341,3011,2745,203.71
Maharashtra,Nashik,Lasalgaon,Onion,Red,2025-11-15,2360,3069,2668,185.15
Maharashtra,Nashik,Lasalgaon,Onion,Red,2025-11-16,2677,3403,2908,167.32
Maharashtra,Nashik,Lasalgaon,Onion,Red,2025-11-17,2276,2815,2629,213.58
Maharashtra,Nashik,Lasalgaon,Onion,Red,2025-11-18,2394,3156,2768,201.02
Maharashtra,Nashik,Lasalgaon,Onion,Red,2025-11-19,2498,3260,2770,200.26
Maharashtra,Nashik,Lasalgaon,Onion,Red,2025-11-20,2314,2881,2590,192.59
Maharashtra,Nashik,Lasalgaon,Onion,Red,2025-11-21,2539,3262,2893,202.77
Maharashtra,Nashik,Lasalgaon,Onion,Red,2025-11-22,2280,3070,2662,209.17
Maharashtra,Nashik,Lasalgaon,Onion,Red,2025-11-23,2581,3425,3020,182.29
Maharashtra,Nashik,Lasalgaon,Onion,Red,2025-11-24,2568,3210,2922,181.77
Maharashtra,Nashik,Lasalgaon,Onion,Red,2025-11-25,2394,3130,2812,210.5
Maharashtra,Nashik,Lasalgaon,Onion,Red,2025-11-26,2396,2916,2709,214.81
Maharashtra,Nashik,Lasalgaon,Onion,Red,2025-11-27,2735,3457,3097,185.22
Maharashtra,Nashik,Lasalgaon,Onion,Red,2025-11-28,2595,3415,2908,170.94
Maharashtra,Nashik,Lasalgaon,Onion,Red,2025-11-29,2639,3333,2958,175.34
Maharashtra,Nashik,Lasalgaon,Onion,Red,2025-11-30,2618,3510,3068,184.57
Maharashtra,Nashik,Lasalgaon,Onion,Red,2025-12-01,2529,3062,2812,179.32
Maharashtra,Nashik,Lasalgaon,Onion,Red,2025-12-02,2593,3442,2924,149.42
Maharashtra,Nashik,Lasalgaon,Onion,Red,2025-12-03,2826,3578,3195,177.74
Maharashtra,Nashik,Lasalgaon,Onion,Red,2025-12-04,2611,3431,2935,178.02
Maharashtra,Nashik,Lasalgaon,Onion,Red,2025-12-05,2905,3703,3204,151.79
Maharashtra,Nashik,Lasalgaon,Onion,Red,2025-12-06,2595,3182,2798,216.41
Maharashtra,Nashik,Lasalgaon,Onion,Red,2025-12-07,2822,3430,3123,195.24
Maharashtra,Nashik,Lasalgaon,Onion,Red,2025-12-08,2826,3629,3169,158.94
Maharashtra,Nashik,Lasalgaon,Onion,Red,2025-12-09,2848,3652,3216,148.11
Maharashtra,Nashik,Lasalgaon,Onion,Red,2025-12-10,3003,3608,3284,152.56
Maharashtra,Nashik,Lasalgaon,Onion,Red,2025-12-11,2992,3791,3304,147.4
Maharashtra,Nashik,Lasalgaon,Onion,Red,2025-12-12,2695,3357,3057,203.89
Maharashtra,Nashik,Lasalgaon,Onion,Red,2025-12-13,2801,3833,3267,155.55
Maharashtra,Nashik,Lasalgaon,Onion,Red,2025-12-14,3142,3798,3406,165.1
Maharashtra,Nashik,Lasalgaon,Onion,Red,2025-12-15,2690,3652,3158,177.63
Maharashtra,Nashik,Lasalgaon,Onion,Red,2025-12-16,2967,3904,3412,173.06
Maharashtra,Nashik,Lasalgaon,Onion,Red,2025-12-17,2904,3605,3346,151.2
Maharashtra,Nashik,Lasalgaon,Onion,Red,2025-12-18,2835,3421,3121,175.15
Maharashtra,Nashik,Lasalgaon,Onion,Red,2025-12-19,2986,3803,3421,132.23
Maharashtra,Nashik,Lasalgaon,Onion,Red,2025-12-20,2798,3614,3267,175.18
Maharashtra,Nashik,Lasalgaon,Onion,Red,2025-12-21,3231,4248,3672,115.21
Maharashtra,Nashik,Lasalgaon,Onion,Red,2025-12-22,2909,3771,3304,158.55
Maharashtra,Nashik,Lasalgaon,Onion,Red,2025-12-23,3143,3732,3383,170.49
Maharashtra,Nashik,Lasalgaon,Onion,Red,2025-12-24,2729,3556,3182,159.05
Maharashtra,Nashik,Lasalgaon,Onion,Red,2025-12-25,2888,3860,3306,161.12
Maharashtra,Nashik,Lasalgaon,Onion,Red,2025-12-26,3217,3998,3579,138.71
Maharashtra,Nashik,Lasalgaon,Onion,Red,2025-12-27,3016,3726,3361,143.98
Maharashtra,Nashik,Lasalgaon,Onion,Red,2025-12-28,3286,3993,3570,150.26
Maharashtra,Nashik,Lasalgaon,Onion,Red,2025-12-29,3136,3853,3409,196.5
Maharashtra,Nashik,Lasalgaon,Onion,Red,2025-12-30,3275,3905,3608,151.89
Maharashtra,Nashik,Lasalgaon,Onion,Red,2025-12-31,3286,4050,3584,144.87
Maharashtra,Nashik,Lasalgaon,Onion,Red,2026-01-01,3373,4363,3811,157.13
Maharashtra,Nashik,Lasalgaon,Onion,Red,2026-01-02,3188,3961,3642,171.09
Maharashtra,Nashik,Lasalgaon,Onion,Red,2026-01-03,3420,4223,3797,130.22
Maharashtra,Nashik,Lasalgaon,Onion,Red,2026-01-04,3314,4354,3889,147.91
Maharashtra,Nashik,Lasalgaon,Onion,Red,2026-01-05,3230,4035,3581,177.29
Maharashtra,Nashik,Lasalgaon,Onion,Red,2026-01-06,3009,3878,3487,157.43
Maharashtra,Nashik,Lasalgaon,Onion,Red,2026-01-07,3246,4066,3602,158.95
Maharashtra,Nashik,Lasalgaon,Onion,Red,2026-01-08,3145,4270,3700,165.9
Maharashtra,Nashik,Lasalgaon,Onion,Red,2026-01-09,3375,4282,3660,175.44
Maharashtra,Nashik,Lasalgaon,Onion,Red,2026-01-10,3709,4399,3989,145.85
Maharashtra,Nashik,Lasalgaon,Onion,Red,2026-01-11,3406,4256,3695,140.62
Maharashtra,Nashik,Lasalgaon,Onion,Red,2026-01-12,3191,4206,3737,154.08
Maharashtra,Nashik,Lasalgaon,Onion,Red,2026-01-13,3397,4361,3760,174.1
Maharashtra,Nashik,Lasalgaon,Onion,Red,2026-01-14,3330,4243,3858,136.99
Maharashtra,Nashik,Lasalgaon,Onion,Red,2026-01-15,3271,4304,3715,141.72
Maharashtra,Nashik,Lasalgaon,Onion,Red,2026-01-16,3280,3912,3636,180.4
Maharashtra,Nashik,Lasalgaon,Onion,Red,2026-01-17,3441,4410,3818,127.0
Maharashtra,Nashik,Lasalgaon,Onion,Red,2026-01-18,3736,4857,4130,122.98
Maharashtra,Nashik,Lasalgaon,Onion,Red,2026-01-19,3383,4444,3767,124.19
Maharashtra,Nashik,Lasalgaon,Onion,Red,2026-01-20,3342,4295,3808,123.04
Maharashtra,Nashik,Lasalgaon,Onion,Red,2026-01-21,3073,3929,3554,167.03
Maharashtra,Nashik,Lasalgaon,Onion,Red,2026-01-22,3524,4662,3987,142.86
Maharashtra,Nashik,Lasalgaon,Onion,Red,2026-01-23,3725,4819,4188,122.26
Maharashtra,Nashik,Lasalgaon,Onion,Red,2026-01-24,3113,4107,3613,159.47
Maharashtra,Nashik,Lasalgaon,Onion,Red,2026-01-25,3414,4362,3872,141.67
Maharashtra,Nashik,Lasalgaon,Onion,Red,2026-01-26,3562,4351,3949,131.86
Maharashtra,Nashik,Lasalgaon,Onion,Red,2026-01-27,3438,4548,3863,160.62
Maharashtra,Nashik,Lasalgaon,Onion,Red,2026-01-28,3320,4263,3855,149.91
Maharashtra,Nashik,Lasalgaon,Onion,Red,2026-01-29,3648,4468,3967,136.48
Maharashtra,Nashik,Lasalgaon,Onion,Red,2026-01-30,3363,4160,3878,142.05
Maharashtra,Nashik,Lasalgaon,Onion,Red,2026-01-31,3514,4359,3821,150.4
Maharashtra,Nashik,Lasalgaon,Onion,Red,2026-02-01,3585,4655,3982,131.25
Maharashtra,Nashik,Lasalgaon,Onion,Red,2026-02-02,3360,4136,3746,166.42
Maharashtra,Nashik,Lasalgaon,Onion,Red,2026-02-03,3377,4159,3755,174.76
Maharashtra,Nashik,Lasalgaon,Onion,Red,2026-02-04,3626,4467,3922,134.74
Maharashtra,Nashik,Lasalgaon,Onion,Red,2026-02-05,3336,4328,3818,131.82
Maharashtra,Nashik,Lasalgaon,Onion,Red,2026-02-06,3510,4273,3868,187.8
Maharashtra,Nashik,Lasalgaon,Onion,Red,2026-02-07,3535,4428,3874,149.61
Maharashtra,Nashik,Lasalgaon,Onion,Red,2026-02-08,3688,4404,4082,164.57
Maharashtra,Nashik,Lasalgaon,Onion,Red,2026-02-09,3589,4257,3948,122.48
Maharashtra,Nashik,Lasalgaon,Onion,Red,2026-02-10,3557,4327,3912,177.21
Maharashtra,Nashik,Lasalgaon,Onion,Red,2026-02-11,3790,4795,4091,134.23
Maharashtra,Nashik,Lasalgaon,Onion,Red,2026-02-12,3376,4322,3864,130.82
Maharashtra,Nashik,Lasalgaon,Onion,Red,2026-02-13,3464,4442,3850,120.62
Maharashtra,Nashik,Lasalgaon,Onion,Red,2026-02-14,3492,4404,4096,143.11
Maharashtra,Nashik,Lasalgaon,Onion,Red,2026-02-15,3734,4482,4166,153.93
Maharashtra,Nashik,Lasalgaon,Onion,Red,2026-02-16,3719,4740,4048,116.05
Maharashtra,Nashik,Lasalgaon,Onion,Red,2026-02-17,4050,4989,4418,124.92
Maharashtra,Nashik,Lasalgaon,Onion,Red,2026-02-18,3769,4829,4127,133.84
Maharashtra,Nashik,Lasalgaon,Onion,Red,2026-02-19,3691,4354,4023,114.15
Maharashtra,Nashik,Lasalgaon,Onion,Red,2026-02-20,3597,4473,3933,147.6
Maharashtra,Nashik,Lasalgaon,Onion,Red,2026-02-21,3613,4552,3994,116.9
Maharashtra,Nashik,Lasalgaon,Onion,Red,2026-02-22,3818,4821,4283,125.96
Maharashtra,Nashik,Lasalgaon,Onion,Red,2026-02-23,3637,4351,3978,118.58
Maharashtra,Nashik,Lasalgaon,Onion,Red,2026-02-24,3458,4298,3797,147.39
Maharashtra,Nashik,Lasalgaon,Onion,Red,2026-02-25,3746,4662,4191,144.2
Maharashtra,Nashik,Lasalgaon,Onion,Red,2026-02-26,3631,4540,4110,137.66
Maharashtra,Nashik,Lasalgaon,Onion,Red,2026-02-27,3301,4338,3857,112.37
Maharashtra,Nashik,Lasalgaon,Onion,Red,2026-02-28,3840,4969,4369,123.36
Maharashtra,Nashik,Lasalgaon,Onion,Red,2026-03-01,3795,4696,4092,135.86
Maharashtra,Nashik,Lasalgaon,Onion,Red,2026-03-02,3308,4180,3840,136.9
Maharashtra,Nashik,Lasalgaon,Onion,Red,2026-03-03,3905,4931,4262,134.72
Maharashtra,Nashik,Lasalgaon,Onion,Red,2026-03-04,3715,4410,4092,133.17
Maharashtra,Nashik,Lasalgaon,Onion,Red,2026-03-05,3841,4626,4164,148.98
Maharashtra,Nashik,Lasalgaon,Onion,Red,2026-03-06,3488,4285,3979,138.73
Maharashtra,Nashik,Lasalgaon,Onion,Red,2026-03-07,3626,4720,4184,132.84
Maharashtra,Nashik,Lasalgaon,Onion,Red,2026-03-08,3660,4431,4108,130.27
Maharashtra,Nashik,Lasalgaon,Onion,Red,2026-03-09,3339,4397,3889,142.62
Maharashtra,Nashik,Lasalgaon,Onion,Red,2026-03-10,3529,4578,3939,140.79
Maharashtra,Nashik,Lasalgaon,Onion,Red,2026-03-11,3500,4461,3900,147.01
Maharashtra,Nashik,Lasalgaon,Onion,Red,2026-03-12,3656,4646,4059,146.39
Maharashtra,Nashik,Lasalgaon,Onion,Red,2026-03-13,3555,4509,4057,151.6
Maharashtra,Nashik,Lasalgaon,Onion,Red,2026-03-14,3623,4714,3997,138.63
Maharashtra,Nashik,Lasalgaon,Onion,Red,2026-03-15,3584,4469,4047,148.29
Maharashtra,Nashik,Lasalgaon,Onion,Red,2026-03-16,3389,4388,3850,118.31
Maharashtra,Nashik,Lasalgaon,Onion,Red,2026-03-17,3364,4436,3880,155.37
Maharashtra,Nashik,Lasalgaon,Onion,Red,2026-03-18,3444,4709,4046,140.28
Maharashtra,Nashik,Lasalgaon,Onion,Red,2026-03-19,3654,4763,4262,135.11
Maharashtra,Nashik,Lasalgaon,Onion,Red,2026-03-20,3419,4452,3840,130.84
Maharashtra,Nashik,Lasalgaon,Onion,Red,2026-03-21,3582,4479,4010,159.87
Maharashtra,Nashik,Lasalgaon,Onion,Red,2026-03-22,3554,4473,4084,141.2
Maharashtra,Nashik,Lasalgaon,Onion,Red,2026-03-23,3346,4569,3934,175.58
Maharashtra,Nashik,Lasalgaon,Onion,Red,2026-03-24,3461,4490,4046,154.92
Maharashtra,Nashik,Lasalgaon,Onion,Red,2026-03-25,3364,4211,3797,137.53
Maharashtra,Nashik,Lasalgaon,Onion,Red,2026-03-26,3519,4101,3818,141.42
Maharashtra,Nashik,Lasalgaon,Onion,Red,2026-03-27,3612,4262,3903,146.35
Maharashtra,Nashik,Lasalgaon,Onion,Red,2026-03-28,3433,4286,3874,133.25
Maharashtra,Nashik,Lasalgaon,Onion,Red,2026-03-29,3531,4469,3886,148.52
Maharashtra,Nashik,Lasalgaon,Onion,Red,2026-03-30,3376,4299,3910,138.66
Maharashtra,Nashik,Lasalgaon,Onion,Red,2026-03-31,3145,3915,3644,165.81
Maharashtra,Nashik,Lasalgaon,Onion,Red,2026-04-01,3317,4190,3814,125.51
Maharashtra,Nashik,Lasalgaon,Onion,Red,2026-04-02,3482,4116,3833,159.5
Maharashtra,Nashik,Lasalgaon,Onion,Red,2026-04-03,3260,4083,3769,112.14
Maharashtra,Nashik,Lasalgaon,Onion,Red,2026-04-04,3498,4074,3775,136.28
Maharashtra,Nashik,Lasalgaon,Onion,Red,2026-04-05,3689,4458,3974,139.39
Maharashtra,Nashik,Lasalgaon,Onion,Red,2026-04-06,3385,4301,3675,142.36
Maharashtra,Nashik,Lasalgaon,Onion,Red,2026-04-07,3598,4522,3957,147.38
Maharashtra,Nashik,Lasalgaon,Onion,Red,2026-04-08,3419,4198,3830,157.53
Maharashtra,Nashik,Lasalgaon,Onion,Red,2026-04-09,3251,4311,3722,172.94
Maharashtra,Nashik,Lasalgaon,Onion,Red,2026-04-10,3267,4320,3785,147.83
Maharashtra,Nashik,Lasalgaon,Onion,Red,2026-04-11,3235,4306,3770,142.47
Maharashtra,Nashik,Lasalgaon,Onion,Red,2026-04-12,3502,4398,3780,163.11
Maharashtra,Nashik,Lasalgaon,Onion,Red,2026-04-13,3228,4122,3504,142.3
Maharashtra,Nashik,Lasalgaon,Onion,Red,2026-04-14,3285,3970,3675,138.08
Maharashtra,Nashik,Lasalgaon,Onion,Red,2026-04-15,3095,3961,3466,143.56
Maharashtra,Nashik,Lasalgaon,Onion,Red,2026-04-16,3252,4068,3554,161.03
Maharashtra,Nashik,Lasalgaon,Onion,Red,2026-04-17,3340,4223,3624,166.41
Maharashtra,Nashik,Lasalgaon,Onion,Red,2026-04-18,3099,3850,3352,148.24
Maharashtra,Nashik,Lasalgaon,Onion,Red,2026-04-19,3178,4282,3639,155.03
Maharashtra,Nashik,Lasalgaon,Onion,Red,2026-04-20,3140,3986,3464,154.62
Maharashtra,Nashik,Lasalgaon,Onion,Red,2026-04-21,3060,3698,3448,143.65
Maharashtra,Nashik,Lasalgaon,Onion,Red,2026-04-22,3195,4030,3479,173.7
Maharashtra,Nashik,Lasalgaon,Onion,Red,2026-04-23,3014,3784,3382,180.14
Maharashtra,Nashik,Lasalgaon,Onion,Red,2026-04-24,3255,4255,3663,143.66
Maharashtra,Nashik,Lasalgaon,Onion,Red,2026-04-25,3144,3980,3530,160.9
Maharashtra,Nashik,Lasalgaon,Onion,Red,2026-04-26,3214,4250,3751,132.94
Maharashtra,Nashik,Lasalgaon,Onion,Red,2026-04-27,3168,3853,3551,156.99
Maharashtra,Nashik,Lasalgaon,Onion,Red,2026-04-28,2910,3606,3359,166.01
Maharashtra,Nashik,Lasalgaon,Onion,Red,2026-04-29,2966,3919,3342,164.98
Maharashtra,Nashik,Lasalgaon,Onion,Red,2026-04-30,2941,3877,3389,165.34
Maharashtra,Nashik,Lasalgaon,Onion,Red,2026-05-01,3092,4067,3460,178.72
Maharashtra,Nashik,Lasalgaon,Onion,Red,2026-05-02,3070,3953,3495,164.16
Maharashtra,Nashik,Lasalgaon,Onion,Red,2026-05-03,2984,3652,3332,180.14
Maharashtra,Nashik,Lasalgaon,Onion,Red,2026-05-04,2979,3837,3277,152.89
Maharashtra,Nashik,Lasalgaon,Onion,Red,2026-05-05,3126,4259,3642,141.64
Maharashtra,Nashik,Lasalgaon,Onion,Red,2026-05-06,3229,3882,3535,160.87
Maharashtra,Nashik,Lasalgaon,Onion,Red,2026-05-07,2914,3892,3399,162.35
Maharashtra,Nashik,Lasalgaon,Onion,Red,2026-05-08,2800,3430,3194,183.59
Maharashtra,Nashik,Lasalgaon,Onion,Red,2026-05-09,2995,3688,3326,169.34
Maharashtra,Nashik,Lasalgaon,Onion,Red,2026-05-10,3121,4023,3437,156.98
Maharashtra,Nashik,Lasalgaon,Onion,Red,2026-05-11,3007,3767,3306,174.43
Maharashtra,Nashik,Lasalgaon,Onion,Red,2026-05-12,3026,3736,3354,161.58
Maharashtra,Nashik,Lasalgaon,Onion,Red,2026-05-13,2846,3505,3185,165.59
Maharashtra,Nashik,Lasalgaon,Onion,Red,2026-05-14,2780,3728,3219,148.13
Maharashtra,Nashik,Lasalgaon,Onion,Red,2026-05-15,3054,3919,3544,146.65
Maharashtra,Nashik,Lasalgaon,Onion,Red,2026-05-16,3040,3650,3335,159.33
Maharashtra,Nashik,Lasalgaon,Onion,Red,2026-05-17,2888,3651,3108,186.34
Maharashtra,Nashik,Lasalgaon,Onion,Red,2026-05-18,3032,3812,3317,174.31
Maharashtra,Nashik,Lasalgaon,Onion,Red,2026-05-19,3065,3819,3339,182.87
Maharashtra,Nashik,Lasalgaon,Onion,Red,2026-05-20,2613,3226,2970,196.83
Maharashtra,Nashik,Lasalgaon,Onion,Red,2026-05-21,2469,3019,2655,213.18
Maharashtra,Nashik,Lasalgaon,Onion,Red,2026-05-22,2718,3374,2966,202.1
Maharashtra,Nashik,Lasalgaon,Onion,Red,2026-05-23,2582,3292,2888,206.02
Maharashtra,Nashik,Lasalgaon,Onion,Red,2026-05-24,3017,3852,3273,170.59
Maharashtra,Nashik,Lasalgaon,Onion,Red,2026-05-25,2543,3153,2876,202.66
Maharashtra,Nashik,Lasalgaon,Onion,Red,2026-05-26,2496,3183,2740,190.18
Maharashtra,Nashik,Lasalgaon,Onion,Red,2026-05-27,2631,3274,2967,187.93
Maharashtra,Nashik,Lasalgaon,Onion,Red,2026-05-28,2516,3360,2850,183.1
Maharashtra,Nashik,Lasalgaon,Onion,Red,2026-05-29,2638,3365,3004,170.18
Maharashtra,Nashik,Lasalgaon,Onion,Red,2026-05-30,2459,3234,2865,175.65
Maharashtra,Nashik,Lasalgaon,Onion,Red,2026-05-31,2731,3506,3050,178.16
Maharashtra,Nashik,Lasalgaon,Onion,Red,2026-06-01,2204,2897,2569,195.12
Maharashtra,Nashik,Lasalgaon,Onion,Red,2026-06-02,2226,2844,2448,244.92
Maharashtra,Nashik,Lasalgaon,Onion,Red,2026-06-03,2473,2966,2749,206.49
Maharashtra,Nashik,Lasalgaon,Onion,Red,2026-06-04,2313,3131,2688,227.36
Maharashtra,Nashik,Lasalgaon,Onion,Red,2026-06-05,2201,2915,2582,231.5
Maharashtra,Nashik,Lasalgaon,Onion,Red,2026-06-06,2596,3036,2798,207.57
Maharashtra,Nashik,Lasalgaon,Onion,Red,2026-06-07,2758,3339,3092,182.58
Maharashtra,Nashik,Lasalgaon,Onion,Red,2026-06-08,2666,3386,2935,207.61
Maharashtra,Nashik,Lasalgaon,Onion,Red,2026-06-09,2442,3138,2816,212.69
Maharashtra,Nashik,Lasalgaon,Onion,Red,2026-06-10,2373,2969,2712,190.54
Maharashtra,Nashik,Lasalgaon,Onion,Red,2026-06-11,2570,3492,3021,184.1
Maharashtra,Nashik,Lasalgaon,Onion,Red,2026-06-12,2401,3006,2716,184.17
Maharashtra,Nashik,Lasalgaon,Onion,Red,2026-06-13,2423,3346,2844,198.4
Maharashtra,Nashik,Lasalgaon,Onion,Red,2026-06-14,2607,3185,2862,203.25
Maharashtra,Nashik,Lasalgaon,Onion,Red,2026-06-15,2285,2701,2479,242.96
Maharashtra,Nashik,Lasalgaon,Onion,Red,2026-06-16,2325,2966,2656,180.24
Maharashtra,Nashik,Lasalgaon,Onion,Red,2026-06-17,2440,3037,2736,200.65
Maharashtra,Nashik,Lasalgaon,Onion,Red,2026-06-18,2218,2868,2489,198.72
Maharashtra,Nashik,Lasalgaon,Onion,Red,2026-06-19,2205,2780,2505,213.57
Maharashtra,Nashik,Lasalgaon,Onion,Red,2026-06-20,2366,3039,2701,196.52
Maharashtra,Nashik,Lasalgaon,Onion,Red,2026-06-21,2253,2806,2483,230.65
Maharashtra,Nashik,Lasalgaon,Onion,Red,2026-06-22,2282,3064,2625,206.06
Maharashtra,Nashik,Lasalgaon,Onion,Red,2026-06-23,2534,3194,2754,216.94
Maharashtra,Nashik,Lasalgaon,Onion,Red,2026-06-24,2350,3002,2656,215.77
Maharashtra,Nashik,Lasalgaon,Onion,Red,2026-06-25,2130,2759,2506,211.74
Maharashtra,Nashik,Lasalgaon,Onion,Red,2026-06-26,2431,3000,2665,229.57
Maharashtra,Nashik,Lasalgaon,Onion,Red,2026-06-27,2361,3016,2653,208.43
Maharashtra,Nashik,Lasalgaon,Onion,Red,2026-06-28,2217,2694,2517,231.5
Maharashtra,Nashik,Lasalgaon,Onion,Red,2026-06-29,2032,2644,2282,242.3
Maharashtra,Nashik,Lasalgaon,Onion,Red,2026-06-30,1950,2349,2136,263.0
Maharashtra,Nashik,Lasalgaon,Onion,Red,2026-07-01,2110,2857,2443,247.2
Maharashtra,Nashik,Lasalgaon,Onion,Red,2026-07-02,2244,2698,2457,240.2
Maharashtra,Nashik,Lasalgaon,Onion,Red,2026-07-03,2288,2964,2585,202.44
Maharashtra,Nashik,Lasalgaon,Onion,Red,2026-07-04,1997,2516,2189,255.7
Maharashtra,Nashik,Lasalgaon,Onion,Red,2026-07-05,2013,2572,2310,244.61
Maharashtra,Nashik,Lasalgaon,Onion,Red,2026-07-06,1920,2394,2100,250.64
Maharashtra,Nashik,Lasalgaon,Onion,Red,2026-07-07,1904,2250,2062,272.01
Maharashtra,Nashik,Lasalgaon,Onion,Red,2026-07-08,1809,2309,2088,272.85
Maharashtra,Nashik,Lasalgaon,Onion,Red,2026-07-09,2057,2628,2341,226.14
Maharashtra,Nashik,Lasalgaon,Onion,Red,2026-07-10,2036,2641,2347,246.66
Maharashtra,Nashik,Lasalgaon,Onion,Red,2026-07-11,2132,2659,2369,222.17
Maharashtra,Nashik,Lasalgaon,Onion,Red,2026-07-12,2046,2619,2248,255.8
Maharashtra,Nashik,Lasalgaon,Onion,Red,2026-07-13,1914,2554,2168,259.34
Maharashtra,Nashik,Lasalgaon,Onion,Red,2026-07-14,2047,2794,2372,212.18
Maharashtra,Nashik,Lasalgaon,Onion,Red,2026-07-15,1961,2646,2293,252.2
Maharashtra,Nashik,Lasalgaon,Onion,Red,2026-07-16,1954,2514,2237,262.62
Maharashtra,Nashik,Lasalgaon,Onion,Red,2026-07-17,1844,2351,2121,244.44
Maharashtra,Nashik,Lasalgaon,Onion,Red,2026-07-18,1759,2407,2055,258.69
Maharashtra,Nashik,Lasalgaon,Onion,Red,2026-07-19,1729,2206,1937,294.45
Maharashtra,Nashik,Lasalgaon,Onion,Red,2026-07-20,1740,2166,2019,271.59
Maharashtra,Nashik,Lasalgaon,Onion,Red,2026-07-21,1738,2279,2029,272.42
Maharashtra,Nashik,Lasalgaon,Onion,Red,2026-07-22,2038,2700,2302,216.62
Maharashtra,Nashik,Lasalgaon,Onion,Red,2026-07-23,2139,2521,2321,242.08
Maharashtra,Nashik,Lasalgaon,Onion,Red,2026-07-24,1728,2260,2006,270.46
Maharashtra,Nashik,Lasalgaon,Onion,Red,2026-07-25,1802,2110,1941,256.58
Maharashtra,Nashik,Lasalgaon,Onion,Red,2026-07-26,1803,2324,2060,268.4
Maharashtra,Nashik,Lasalgaon,Onion,Red,2026-07-27,1674,2178,1957,289.49
Maharashtra,Nashik,Lasalgaon,Onion,Red,2026-07-28,1764,2113,1961,272.36
Maharashtra,Nashik,Lasalgaon,Onion,Red,2026-07-29,2050,2487,2320,225.91
Maharashtra,Nashik,Lasalgaon,Onion,Red,2026-07-30,1693,2122,1907,304.88
Maharashtra,Nashik,Lasalgaon,Onion,Red,2026-07-31,1903,2283,2102,257.24
Maharashtra,Nashik,Lasalgaon,Onion,Red,2026-08-01,1908,2288,2106,264.32
Maharashtra,Nashik,Lasalgaon,Onion,Red,2026-08-02,1836,2337,2072,276.62
Maharashtra,Nashik,Lasalgaon,Onion,Red,2026-08-03,1718,2198,1934,258.35
Maharashtra,Nashik,Lasalgaon,Onion,Red,2026-08-04,1792,2268,2062,266.2
Maharashtra,Nashik,Lasalgaon,Onion,Red,2026-08-05,1931,2486,2169,267.91
Maharashtra,Nashik,Lasalgaon,Onion,Red,2026-08-06,1711,2214,1987,272.79
Maharashtra,Nashik,Lasalgaon,Onion,Red,2026-08-07,1766,2293,1954,269.64
Maharashtra,Nashik,Lasalgaon,Onion,Red,2026-08-08,1827,2218,1976,303.47
Maharashtra,Nashik,Lasalgaon,Onion,Red,2026-08-09,2082,2741,2358,252.85
Maharashtra,Nashik,Lasalgaon,Onion,Red,2026-08-10,1731,2230,1907,268.64
Maharashtra,Nashik,Lasalgaon,Onion,Red,2026-08-11,1735,2143,1925,301.12
Maharashtra,Nashik,Lasalgaon,Onion,Red,2026-08-12,1885,2383,2039,268.68
Maharashtra,Nashik,Lasalgaon,Onion,Red,2026-08-13,1688,2188,1893,297.75
Maharashtra,Nashik,Lasalgaon,Onion,Red,2026-08-14,1709,2214,1928,285.54
Maharashtra,Nashik,Lasalgaon,Onion,Red,2026-08-15,1746,2148,1901,311.27
Maharashtra,Nashik,Lasalgaon,Onion,Red,2026-08-16,1700,2220,1929,282.04
Maharashtra,Nashik,Lasalgaon,Onion,Red,2026-08-17,1607,1988,1829,304.56
Maharashtra,Nashik,Lasalgaon,Onion,Red,2026-08-18,1723,2176,1912,288.36
Maharashtra,Nashik,Lasalgaon,Onion,Red,2026-08-19,1616,2021,1779,310.83
Maharashtra,Nashik,Lasalgaon,Onion,Red,2026-08-20,1815,2299,1989,280.88
Maharashtra,Nashik,Lasalgaon,Onion,Red,2026-08-21,1565,2041,1765,314.51
Maharashtra,Nashik,Lasalgaon,Onion,Red,2026-08-22,1697,2118,1907,284.77
Maharashtra,Nashik,Lasalgaon,Onion,Red,2026-08-23,1821,2285,2079,256.86
Maharashtra,Nashik,Lasalgaon,Onion,Red,2026-08-24,1706,2214,1941,312.95
Maharashtra,Nashik,Lasalgaon,Onion,Red,2026-08-25,1739,2178,2003,264.64
Maharashtra,Nashik,Lasalgaon,Onion,Red,2026-08-26,1715,2147,1983,291.75
Maharashtra,Nashik,Lasalgaon,Onion,Red,2026-08-27,1709,2228,1950,290.57
Maharashtra,Nashik,Lasalgaon,Onion,Red,2026-08-28,1610,2105,1891,274.83
Maharashtra,Nashik,Lasalgaon,Onion,Red,2026-08-29,1664,2107,1883,280.09
Maharashtra,Nashik,Lasalgaon,Onion,Red,2026-08-30,1842,2247,2023,265.41
Maharashtra,Nashik,Lasalgaon,Onion,Red,2026-08-31,1526,1954,1726,339.91
Karnataka,Bengaluru Urban,Bengaluru,Onion,Local,2024-01-01,2651,3375,2863,186.11
Karnataka,Bengaluru Urban,Bengaluru,Onion,Local,2024-01-02,2313,2902,2566,192.67
Karnataka,Bengaluru Urban,Bengaluru,Onion,Local,2024-01-03,2763,3416,3037,185.95
Karnataka,Bengaluru Urban,Bengaluru,Onion,Local,2024-01-04,2837,3585,3200,163.07
Karnataka,Bengaluru Urban,Bengaluru,Onion,Local,2024-01-05,2716,3511,3114,175.92
Karnataka,Bengaluru Urban,Bengaluru,Onion,Local,2024-01-06,2667,3350,2878,186.67
Karnataka,Bengaluru Urban,Bengaluru,Onion,Local,2024-01-07,2770,3722,3156,168.29
Karnataka,Bengaluru Urban,Bengaluru,Onion,Local,2024-01-08,2524,3275,2819,183.34
Karnataka,Bengaluru Urban,Bengaluru,Onion,Local,2024-01-09,2632,3606,3079,165.15
Karnataka,Bengaluru Urban,Bengaluru,Onion,Local,2024-01-10,2472,3141,2664,198.61
Karnataka,Bengaluru Urban,Bengaluru,Onion,Local,2024-01-11,2606,3301,2926,193.21
Karnataka,Bengaluru Urban,Bengaluru,Onion,Local,2024-01-12,2870,3870,3370,171.74
Karnataka,Bengaluru Urban,Bengaluru,Onion,Local,2024-01-13,2667,3373,2978,189.91
Karnataka,Bengaluru Urban,Bengaluru,Onion,Local,2024-01-14,2832,3463,3146,178.62
Karnataka,Bengaluru Urban,Bengaluru,Onion,Local,2024-01-15,2912,3479,3212,171.83
Karnataka,Bengaluru Urban,Bengaluru,Onion,Local,2024-01-16,2706,3651,3137,176.54
Karnataka,Bengaluru Urban,Bengaluru,Onion,Local,2024-01-17,2807,3544,3217,182.01
Karnataka,Bengaluru Urban,Bengaluru,Onion,Local,2024-01-18,2632,3497,3078,189.74
Karnataka,Bengaluru Urban,Bengaluru,Onion,Local,2024-01-19,2839,3674,3150,169.64
Karnataka,Bengaluru Urban,Bengaluru,Onion,Local,2024-01-20,2722,3571,3091,181.41
Karnataka,Bengaluru Urban,Bengaluru,Onion,Local,2024-01-21,3033,3576,3337,163.76
Karnataka,Bengaluru Urban,Bengaluru,Onion,Local,2024-01-22,2895,3555,3149,164.84
Karnataka,Bengaluru Urban,Bengaluru,Onion,Local,2024-01-23,2672,3368,3045,160.68
Karnataka,Bengaluru Urban,Bengaluru,Onion,Local,2024-01-24,2986,3574,3238,148.77
Karnataka,Bengaluru Urban,Bengaluru,Onion,Local,2024-01-25,2933,3781,3225,164.76
Karnataka,Bengaluru Urban,Bengaluru,Onion,Local,2024-01-26,2820,3591,3157,171.05
Karnataka,Bengaluru Urban,Bengaluru,Onion,Local,2024-01-27,3017,3918,3490,150.14
Karnataka,Bengaluru Urban,Bengaluru,Onion,Local,2024-01-28,2943,3643,3254,197.55
Karnataka,Bengaluru Urban,Bengaluru,Onion,Local,2024-01-29,2657,3227,3009,166.98
Karnataka,Bengaluru Urban,Bengaluru,Onion,Local,2024-01-30,2922,3577,3327,172.08
Karnataka,Bengaluru Urban,Bengaluru,Onion,Local,2024-01-31,2895,3511,3185,158.96
Karnataka,Bengaluru Urban,Bengaluru,Onion,Local,2024-02-01,2588,3331,3011,206.92
Karnataka,Bengaluru Urban,Bengaluru,Onion,Local,2024-02-02,2859,3619,3326,187.64
Karnataka,Bengaluru Urban,Bengaluru,Onion,Local,2024-02-03,2966,3836,3378,170.35
Karnataka,Bengaluru Urban,Bengaluru,Onion,Local,2024-02-04,2843,3854,3338,151.1
Karnataka,Bengaluru Urban,Bengaluru,Onion,Local,2024-02-05,3041,3895,3354,158.23
Karnataka,Bengaluru Urban,Bengaluru,Onion,Local,2024-02-06,2931,3629,3159,165.3
Karnataka,Bengaluru Urban,Bengaluru,Onion,Local,2024-02-07,2932,3877,3424,149.0
Karnataka,Bengaluru Urban,Bengaluru,Onion,Local,2024-02-08,2812,3564,3236,169.27
Karnataka,Bengaluru Urban,Bengaluru,Onion,Local,2024-02-09,2880,3646,3313,153.34
Karnataka,Bengaluru Urban,Bengaluru,Onion,Local,2024-02-10,2886,3764,3274,182.15
Karnataka,Bengaluru Urban,Bengaluru,Onion,Local,2024-02-11,3236,4269,3696,133.74
Karnataka,Bengaluru Urban,Bengaluru,Onion,Local,2024-02-12,2908,3516,3138,164.1
Karnataka,Bengaluru Urban,Bengaluru,Onion,Local,2024-02-13,2947,3713,3377,148.71
Karnataka,Bengaluru Urban,Bengaluru,Onion,Local,2024-02-14,2953,3561,3286,164.22
Karnataka,Bengaluru Urban,Bengaluru,Onion,Local,2024-02-15,3281,3916,3575,146.28
Karnataka,Bengaluru Urban,Bengaluru,Onion,Local,2024-02-16,2929,3619,3239,179.84
Karnataka,Bengaluru Urban,Bengaluru,Onion,Local,2024-02-17,2907,3651,3351,154.83
Karnataka,Bengaluru Urban,Bengaluru,Onion,Local,2024-02-18,3151,3954,3627,132.61
Karnataka,Bengaluru Urban,Bengaluru,Onion,Local,2024-02-19,2885,3574,3262,164.54
Karnataka,Bengaluru Urban,Bengaluru,Onion,Local,2024-02-20,3017,3795,3304,157.04
Karnataka,Bengaluru Urban,Bengaluru,Onion,Local,2024-02-21,3074,3631,3308,169.72
Karnataka,Bengaluru Urban,Bengaluru,Onion,Local,2024-02-22,2688,3558,3060,173.42
Karnataka,Bengaluru Urban,Bengaluru,Onion,Local,2024-02-23,2770,3813,3232,204.34
Karnataka,Bengaluru Urban,Bengaluru,Onion,Local,2024-02-24,3124,4001,3540,162.38
Karnataka,Bengaluru Urban,Bengaluru,Onion,Local,2024-02-25,3084,3636,3377,155.82
Karnataka,Bengaluru Urban,Bengaluru,Onion,Local,2024-02-26,2891,3616,3244,162.19
Karnataka,Bengaluru Urban,Bengaluru,Onion,Local,2024-02-27,2944,3723,3388,186.37
Karnataka,Bengaluru Urban,Bengaluru,Onion,Local,2024-02-28,2621,3478,3001,178.87
Karnataka,Bengaluru Urban,Bengaluru,Onion,Local,2024-02-29,3096,4040,3579,149.83
Karnataka,Bengaluru Urban,Bengaluru,Onion,Local,2024-03-01,3061,3874,3355,134.24
Karnataka,Bengaluru Urban,Bengaluru,Onion,Local,2024-03-02,3223,3967,3483,142.61
Karnataka,Bengaluru Urban,Bengaluru,Onion,Local,2024-03-03,3022,4105,3521,143.23
Karnataka,Bengaluru Urban,Bengaluru,Onion,Local,2024-03-04,2547,3313,2980,189.77
Karnataka,Bengaluru Urban,Bengaluru,Onion,Local,2024-03-05,3004,3806,3407,160.76
Karnataka,Bengaluru Urban,Bengaluru,Onion,Local,2024-03-06,2743,3406,3177,209.01
Karnataka,Bengaluru Urban,Bengaluru,Onion,Local,2024-03-07,2916,3714,3397,164.74
Karnataka,Bengaluru Urban,Bengaluru,Onion,Local,2024-03-08,3004,4023,3447,152.2
Karnataka,Bengaluru Urban,Bengaluru,Onion,Local,2024-03-09,3110,4089,3537,166.63
Karnataka,Bengaluru Urban,Bengaluru,Onion,Local,2024-03-10,3257,4032,3578,149.03
Karnataka,Bengaluru Urban,Bengaluru,Onion,Local,2024-03-11,2864,3611,3122,179.22
Karnataka,Bengaluru Urban,Bengaluru,Onion,Local,2024-03-12,3004,3780,3240,201.05
Karnataka,Bengaluru Urban,Bengaluru,Onion,Local,2024-03-13,2819,3552,3134,197.38
Karnataka,Bengaluru Urban,Bengaluru,Onion,Local,2024-03-14,2732,3507,3095,164.67
Karnataka,Bengaluru Urban,Bengaluru,Onion,Local,2024-03-15,2813,3485,3088,170.78
Karnataka,Bengaluru Urban,Bengaluru,Onion,Local,2024-03-16,2995,3751,3253,159.95
Karnataka,Bengaluru Urban,Bengaluru,Onion,Local,2024-03-17,2973,4083,3473,155.69
Karnataka,Bengaluru Urban,Bengaluru,Onion,Local,2024-03-18,2662,3450,2980,170.8
Karnataka,Bengaluru Urban,Bengaluru,Onion,Local,2024-03-19,2849,3499,3221,187.53
Karnataka,Bengaluru Urban,Bengaluru,Onion,Local,2024-03-20,2796,3763,3270,161.58
Karnataka,Bengaluru Urban,Bengaluru,Onion,Local,2024-03-21,2750,3357,3079,181.35
Karnataka,Bengaluru Urban,Bengaluru,Onion,Local,2024-03-22,3020,3699,3405,157.31
Karnataka,Bengaluru Urban,Bengaluru,Onion,Local,2024-03-23,2849,3519,3134,184.41
Karnataka,Bengaluru Urban,Bengaluru,Onion,Local,2024-03-24,3188,3775,3516,154.13
Karnataka,Bengaluru Urban,Bengaluru,Onion,Local,2024-03-25,2772,3678,3255,163.07
Karnataka,Bengaluru Urban,Bengaluru,Onion,Local,2024-03-26,3009,3799,3304,187.96
Karnataka,Bengaluru Urban,Bengaluru,Onion,Local,2024-03-27,2989,3694,3315,174.18
Karnataka,Bengaluru Urban,Bengaluru,Onion,Local,2024-03-28,3140,3754,3413,157.64
Karnataka,Bengaluru Urban,Bengaluru,Onion,Local,2024-03-29,2916,3546,3254,165.99
Karnataka,Bengaluru Urban,Bengaluru,Onion,Local,2024-03-30,2813,3786,3246,180.33
Karnataka,Bengaluru Urban,Bengaluru,Onion,Local,2024-03-31,3015,3704,3440,160.87
Karnataka,Bengaluru Urban,Bengaluru,Onion,Local,2024-04-01,2634,3412,2903,186.73
Karnataka,Bengaluru Urban,Bengaluru,Onion,Local,2024-04-02,2868,3737,3236,175.06
Karnataka,Bengaluru Urban,Bengaluru,Onion,Local,2024-04-03,2852,3647,3202,183.66
Karnataka,Bengaluru Urban,Bengaluru,Onion,Local,2024-04-04,2753,3534,3009,195.5
Karnataka,Bengaluru Urban,Bengaluru,Onion,Local,2024-04-05,3043,3826,3348,159.44
Karnataka,Bengaluru Urban,Bengaluru,Onion,Local,2024-04-06,2867,3484,3236,171.85
Karnataka,Bengaluru Urban,Bengaluru,Onion,Local,2024-04-07,3037,3591,3309,179.84
Karnataka,Bengaluru Urban,Bengaluru,Onion,Local,2024-04-08,2824,3539,3083,172.7
Karnataka,Bengaluru Urban,Bengaluru,Onion,Local,2024-04-09,2881,3493,3128,163.29
Karnataka,Bengaluru Urban,Bengaluru,Onion,Local,2024-04-10,2489,3395,2906,157.87
Karnataka,Bengaluru Urban,Bengaluru,Onion,Local,2024-04-11,2808,3707,3242,177.32
Karnataka,Bengaluru Urban,Bengaluru,Onion,Local,2024-04-12,2876,3682,3138,179.4
Karnataka,Bengaluru Urban,Bengaluru,Onion,Local,2024-04-13,2434,3260,2848,214.48
Karnataka,Bengaluru Urban,Bengaluru,Onion,Local,2024-04-14,2832,3664,3131,145.43
Karnataka,Bengaluru Urban,Bengaluru,Onion,Local,2024-04-15,2591,3224,2941,206.19
Karnataka,Bengaluru Urban,Bengaluru,Onion,Local,2024-04-16,2690,3286,2900,185.47
Karnataka,Bengaluru Urban,Bengaluru,Onion,Local,2024-04-17,2635,3327,2948,173.41
Karnataka,Bengaluru Urban,Bengaluru,Onion,Local,2024-04-18,2579,3218,2995,172.29
Karnataka,Bengaluru Urban,Bengaluru,Onion,Local,2024-04-19,2699,3470,3142,153.35
Karnataka,Bengaluru Urban,Bengaluru,Onion,Local,2024-04-20,2505,3036,2813,191.32
Karnataka,Bengaluru Urban,Bengaluru,Onion,Local,2024-04-21,2690,3342,3093,168.5
Karnataka,Bengaluru Urban,Bengaluru,Onion,Local,2024-04-22,2700,3449,2974,182.71
Karnataka,Bengaluru Urban,Bengaluru,Onion,Local,2024-04-23,2622,3250,2982,205.26
Karnataka,Bengaluru Urban,Bengaluru,Onion,Local,2024-04-24,2768,3477,3111,172.93
Karnataka,Bengaluru Urban,Bengaluru,Onion,Local,2024-04-25,2552,3344,2902,150.27
Karnataka,Bengaluru Urban,Bengaluru,Onion,Local,2024-04-26,2555,3215,2912,185.48
Karnataka,Bengaluru Urban,Bengaluru,Onion,Local,2024-04-27,2347,3052,2747,216.5
Karnataka,Bengaluru Urban,Bengaluru,Onion,Local,2024-04-28,2596,3294,2883,208.72
Karnataka,Bengaluru Urban,Bengaluru,Onion,Local,2024-04-29,2512,3091,2840,198.01
Karnataka,Bengaluru Urban,Bengaluru,Onion,Local,2024-04-30,2480,2929,2734,173.79
Karnataka,Bengaluru Urban,Bengaluru,Onion,Local,2024-05-01,2647,3370,2929,177.34
Karnataka,Bengaluru Urban,Bengaluru,Onion,Local,2024-05-02,2582,3192,2854,201.91
Karnataka,Bengaluru Urban,Bengaluru,Onion,Local,2024-05-03,2406,3062,2778,202.51
Karnataka,Bengaluru Urban,Bengaluru,Onion,Local,2024-05-04,2434,3039,2816,198.58
Karnataka,Bengaluru Urban,Bengaluru,Onion,Local,2024-05-05,2527,3097,2799,174.92
Karnataka,Bengaluru Urban,Bengaluru,Onion,Local,2024-05-06,2228,3004,2605,206.05
Karnataka,Bengaluru Urban,Bengaluru,Onion,Local,2024-05-07,2507,3167,2888,173.61
Karnataka,Bengaluru Urban,Bengaluru,Onion,Local,2024-05-08,2637,3337,2893,220.01
Karnataka,Bengaluru Urban,Bengaluru,Onion,Local,2024-05-09,2408,2976,2614,239.62
Karnataka,Bengaluru Urban,Bengaluru,Onion,Local,2024-05-10,2379,3053,2656,203.06
Karnataka,Bengaluru Urban,Bengaluru,Onion,Local,2024-05-11,2467,3082,2827,198.38
Karnataka,Bengaluru Urban,Bengaluru,Onion,Local,2024-05-12,2534,3096,2800,187.03
Karnataka,Bengaluru Urban,Bengaluru,Onion,Local,2024-05-13,2151,2876,2507,221.46
Karnataka,Bengaluru Urban,Bengaluru,Onion,Local,2024-05-14,2549,3236,2781,181.01
Karnataka,Bengaluru Urban,Bengaluru,Onion,Local,2024-05-15,2348,2985,2584,193.39
Karnataka,Bengaluru Urban,Bengaluru,Onion,Local,2024-05-16,2158,2830,2494,231.14
Karnataka,Bengaluru Urban,Bengaluru,Onion,Local,2024-05-17,2109,2823,2457,240.92
Karnataka,Bengaluru Urban,Bengaluru,Onion,Local,2024-05-18,2104,2696,2441,217.59
Karnataka,Bengaluru Urban,Bengaluru,Onion,Local,2024-05-19,2103,2668,2469,239.86
Karnataka,Bengaluru Urban,Bengaluru,Onion,Local,2024-05-20,2212,2919,2579,194.16
Karnataka,Bengaluru Urban,Bengaluru,Onion,Local,2024-05-21,2129,2656,2465,217.95
Karnataka,Bengaluru Urban,Bengaluru,Onion,Local,2024-05-22,2226,2625,2429,256.47
Karnataka,Bengaluru Urban,Bengaluru,Onion,Local,2024-05-23,2198,2662,2412,215.9
Karnataka,Bengaluru Urban,Bengaluru,Onion,Local,2024-05-24,1927,2640,2250,233.01
Karnataka,Bengaluru Urban,Bengaluru,Onion,Local,2024-05-25,2352,2936,2606,214.71
Karnataka,Bengaluru Urban,Bengaluru,Onion,Local,2024-05-26,2239,2896,2596,201.24
Karnataka,Bengaluru Urban,Bengaluru,Onion,Local,2024-05-27,2263,2861,2501,228.53
Karnataka,Bengaluru Urban,Bengaluru,Onion,Local,2024-05-28,1993,2683,2335,221.37
Karnataka,Bengaluru Urban,Bengaluru,Onion,Local,2024-05-29,2171,2672,2363,219.66
Karnataka,Bengaluru Urban,Bengaluru,Onion,Local,2024-05-30,2155,2612,2333,238.0
Karnataka,Bengaluru Urban,Bengaluru,Onion,Local,2024-05-31,2069,2579,2257,210.74
Karnataka,Bengaluru Urban,Bengaluru,Onion,Local,2024-06-01,2140,2590,2375,221.98
Karnataka,Bengaluru Urban,Bengaluru,Onion,Local,2024-06-02,2184,2823,2472,220.61
Karnataka,Bengaluru Urban,Bengaluru,Onion,Local,2024-06-03,2178,2701,2452,224.78
Karnataka,Bengaluru Urban,Bengaluru,Onion,Local,2024-06-04,2120,2612,2389,224.75
Karnataka,Bengaluru Urban,Bengaluru,Onion,Local,2024-06-05,1873,2470,2155,262.6
Karnataka,Bengaluru Urban,Bengaluru,Onion,Local,2024-06-06,1878,2381,2157,266.33
Karnataka,Bengaluru Urban,Bengaluru,Onion,Local,2024-06-07,1790,2387,2085,269.07
Karnataka,Bengaluru Urban,Bengaluru,Onion,Local,2024-06-08,1944,2471,2211,271.66
Karnataka,Bengaluru Urban,Bengaluru,Onion,Local,2024-06-09,2187,2623,2400,227.51
Karnataka,Bengaluru Urban,Bengaluru,Onion,Local,2024-06-10,2005,2501,2230,213.51
Karnataka,Bengaluru Urban,Bengaluru,Onion,Local,2024-06-11,1989,2600,2234,256.34
Karnataka,Bengaluru Urban,Bengaluru,Onion,Local,2024-06-12,2080,2468,2245,255.76
Karnataka,Bengaluru Urban,Bengaluru,Onion,Local,2024-06-13,2004,2576,2198,245.4
Karnataka,Bengaluru Urban,Bengaluru,Onion,Local,2024-06-14,1843,2407,2139,248.3
Karnataka,Bengaluru Urban,Bengaluru,Onion,Local,2024-06-15,1760,2187,2009,269.53
Karnataka,Bengaluru Urban,Bengaluru,Onion,Local,2024-06-16,1945,2579,2219,253.89
Karnataka,Bengaluru Urban,Bengaluru,Onion,Local,2024-06-17,1968,2564,2184,265.91
Karnataka,Bengaluru Urban,Bengaluru,Onion,Local,2024-06-18,1894,2393,2097,280.09
Karnataka,Bengaluru Urban,Bengaluru,Onion,Local,2024-06-19,1804,2364,2049,276.75
Karnataka,Bengaluru Urban,Bengaluru,Onion,Local,2024-06-20,1810,2291,1991,276.48
Karnataka,Bengaluru Urban,Bengaluru,Onion,Local,2024-06-21,1707,2258,1987,254.17
Karnataka,Bengaluru Urban,Bengaluru,Onion,Local,2024-06-22,1669,1951,1822,282.91
Karnataka,Bengaluru Urban,Bengaluru,Onion,Local,2024-06-23,2021,2469,2176,273.17
Karnataka,Bengaluru Urban,Bengaluru,Onion,Local,2024-06-24,1835,2428,2064,243.31
Karnataka,Bengaluru Urban,Bengaluru,Onion,Local,2024-06-25,1837,2382,2026,264.22
Karnataka,Bengaluru Urban,Bengaluru,Onion,Local,2024-06-26,1657,2115,1846,300.05
Karnataka,Bengaluru Urban,Bengaluru,Onion,Local,2024-06-27,1679,2078,1870,274.0
Karnataka,Bengaluru Urban,Bengaluru,Onion,Local,2024-06-28,1668,2078,1803,300.16
Karnataka,Bengaluru Urban,Bengaluru,Onion,Local,2024-06-29,1828,2384,2063,242.39
Karnataka,Bengaluru Urban,Bengaluru,Onion,Local,2024-06-30,1766,2087,1903,285.31
Karnataka,Bengaluru Urban,Bengaluru,Onion,Local,2024-07-01,1526,1948,1741,322.52
Karnataka,Bengaluru Urban,Bengaluru,Onion,Local,2024-07-02,1585,2080,1838,278.89
Karnataka,Bengaluru Urban,Bengaluru,Onion,Local,2024-07-03,1649,1955,1793,309.49
Karnataka,Bengaluru Urban,Bengaluru,Onion,Local,2024-07-04,1705,2161,1921,268.94
Karnataka,Bengaluru Urban,Bengaluru,Onion,Local,2024-07-05,1670,2015,1857,291.66
Karnataka,Bengaluru Urban,Bengaluru,Onion,Local,2024-07-06,1752,2116,1956,274.05
Karnataka,Bengaluru Urban,Bengaluru,Onion,Local,2024-07-07,1598,2085,1793,296.84
Karnataka,Bengaluru Urban,Bengaluru,Onion,Local,2024-07-08,1397,1717,1515,336.08
Karnataka,Bengaluru Urban,Bengaluru,Onion,Local,2024-07-09,1424,1796,1585,353.75
Karnataka,Bengaluru Urban,Bengaluru,Onion,Local,2024-07-10,1615,2026,1808,311.81
Karnataka,Bengaluru Urban,Bengaluru,Onion,Local,2024-07-11,1538,1889,1687,312.02
Karnataka,Bengaluru Urban,Bengaluru,Onion,Local,2024-07-12,1792,2347,2010,275.51
Karnataka,Bengaluru Urban,Bengaluru,Onion,Local,2024-07-13,1463,1795,1610,363.77
Karnataka,Bengaluru Urban,Bengaluru,Onion,Local,2024-07-14,1815,2293,2030,280.15
Karnataka,Bengaluru Urban,Bengaluru,Onion,Local,2024-07-15,1467,1840,1642,322.83
Karnataka,Bengaluru Urban,Bengaluru,Onion,Local,2024-07-16,1497,1837,1650,350.36
Karnataka,Bengaluru Urban,Bengaluru,Onion,Local,2024-07-17,1377,1780,1609,323.95
Karnataka,Bengaluru Urban,Bengaluru,Onion,Local,2024-07-18,1536,2052,1755,312.62
Karnataka,Bengaluru Urban,Bengaluru,Onion,Local,2024-07-19,1421,1823,1594,336.29
Karnataka,Bengaluru Urban,Bengaluru,Onion,Local,2024-07-20,1293,1606,1426,377.89
Karnataka,Bengaluru Urban,Bengaluru,Onion,Local,2024-07-21,1760,2268,1929,271.3
Karnataka,Bengaluru Urban,Bengaluru,Onion,Local,2024-07-22,1654,2159,1886,291.16
Karnataka,Bengaluru Urban,Bengaluru,Onion,Local,2024-07-23,1240,1452,1350,386.28
Karnataka,Bengaluru Urban,Bengaluru,Onion,Local,2024-07-24,1089,1461,1239,475.59
Karnataka,Bengaluru Urban,Bengaluru,Onion,Local,2024-07-25,1490,1932,1647,320.07
Karnataka,Bengaluru Urban,Bengaluru,Onion,Local,2024-07-26,1450,1874,1687,344.17
Karnataka,Bengaluru Urban,Bengaluru,Onion,Local,2024-07-27,1537,1918,1704,334.8
Karnataka,Bengaluru Urban,Bengaluru,Onion,Local,2024-07-28,1459,1949,1695,310.99
Karnataka,Bengaluru Urban,Bengaluru,Onion,Local,2024-07-29,1449,1793,1600,331.25
Karnataka,Bengaluru Urban,Bengaluru,Onion,Local,2024-07-30,1344,1761,1535,346.32
Karnataka,Bengaluru Urban,Bengaluru,Onion,Local,2024-07-31,1355,1707,1493,377.03
Karnataka,Bengaluru Urban,Bengaluru,Onion,Local,2024-08-01,1277,1622,1480,380.56
Karnataka,Bengaluru Urban,Bengaluru,Onion,Local,2024-08-02,1553,2001,1708,313.77
Karnataka,Bengaluru Urban,Bengaluru,Onion,Local,2024-08-03,1253,1615,1429,399.38
Karnataka,Bengaluru Urban,Bengaluru,Onion,Local,2024-08-04,1521,1978,1736,305.23
Karnataka,Bengaluru Urban,Bengaluru,Onion,Local,2024-08-05,1344,1641,1454,383.7
Karnataka,Bengaluru Urban,Bengaluru,Onion,Local,2024-08-06,1239,1545,1359,429.49
Karnataka,Bengaluru Urban,Bengaluru,Onion,Local,2024-08-07,1445,1797,1642,334.78
Karnataka,Bengaluru Urban,Bengaluru,Onion,Local,2024-08-08,1525,1936,1723,339.99
Karnataka,Bengaluru Urban,Bengaluru,Onion,Local,2024-08-09,1394,1727,1502,361.86
Karnataka,Bengaluru Urban,Bengaluru,Onion,Local,2024-08-10,1359,1716,1494,376.07
Karnataka,Bengaluru Urban,Bengaluru,Onion,Local,2024-08-11,1551,1935,1723,292.2
Karnataka,Bengaluru Urban,Bengaluru,Onion,Local,2024-08-12,1387,1750,1511,369.51
Karnataka,Bengaluru Urban,Bengaluru,Onion,Local,2024-08-13,1125,1379,1227,444.65
Karnataka,Bengaluru Urban,Bengaluru,Onion,Local,2024-08-14,1305,1736,1515,338.34
Karnataka,Bengaluru Urban,Bengaluru,Onion,Local,2024-08-15,1261,1573,1361,391.6
Karnataka,Bengaluru Urban,Bengaluru,Onion,Local,2024-08-16,1440,1811,1570,369.2
Karnataka,Bengaluru Urban,Bengaluru,Onion,Local,2024-08-17,1349,1830,1559,354.31
Karnataka,Bengaluru Urban,Bengaluru,Onion,Local,2024-08-18,1491,1958,1734,280.9
Karnataka,Bengaluru Urban,Bengaluru,Onion,Local,2024-08-19,1377,1788,1588,344.14
Karnataka,Bengaluru Urban,Bengaluru,Onion,Local,2024-08-20,1399,1861,1619,349.13
Karnataka,Bengaluru Urban,Bengaluru,Onion,Local,2024-08-21,1206,1519,1404,395.09
Karnataka,Bengaluru Urban,Bengaluru,Onion,Local,2024-08-22,1253,1566,1412,396.04
Karnataka,Bengaluru Urban,Bengaluru,Onion,Local,2024-08-23,1548,1928,1711,328.04
Karnataka,Bengaluru Urban,Bengaluru,Onion,Local,2024-08-24,1117,1344,1215,440.45
Karnataka,Bengaluru Urban,Bengaluru,Onion,Local,2024-08-25,1538,2036,1750,301.3
Karnataka,Bengaluru Urban,Bengaluru,Onion,Local,2024-08-26,1358,1770,1591,330.2
Karnataka,Bengaluru Urban,Bengaluru,Onion,Local,2024-08-27,1505,1819,1623,331.04
Karnataka,Bengaluru Urban,Bengaluru,Onion,Local,2024-08-28,1449,1811,1562,365.42
Karnataka,Bengaluru Urban,Bengaluru,Onion,Local,2024-08-29,1360,1632,1523,354.86
Karnataka,Bengaluru Urban,Bengaluru,Onion,Local,2024-08-30,1413,1770,1529,357.5
Karnataka,Bengaluru Urban,Bengaluru,Onion,Local,2024-08-31,1379,1751,1503,343.18
Karnataka,Bengaluru Urban,Bengaluru,Onion,Local,2024-09-01,1542,2024,1733,320.09
Karnataka,Bengaluru Urban,Bengaluru,Onion,Local,2024-09-02,1151,1388,1247,435.68
Karnataka,Bengaluru Urban,Bengaluru,Onion,Local,2024-09-03,1138,1486,1260,437.13
Karnataka,Bengaluru Urban,Bengaluru,Onion,Local,2024-09-04,1343,1778,1572,339.95
Karnataka,Bengaluru Urban,Bengaluru,Onion,Local,2024-09-05,1300,1560,1426,379.57
Karnataka,Bengaluru Urban,Bengaluru,Onion,Local,2024-09-06,1282,1633,1429,371.34
Karnataka,Bengaluru Urban,Bengaluru,Onion,Local,2024-09-07,1195,1501,1298,412.26
Karnataka,Bengaluru Urban,Bengaluru,Onion,Local,2024-09-08,1355,1740,1496,385.03
Karnataka,Bengaluru Urban,Bengaluru,Onion,Local,2024-09-09,1494,1860,1642,341.74
Karnataka,Bengaluru Urban,Bengaluru,Onion,Local,2024-09-10,1444,1925,1666,317.51
Karnataka,Bengaluru Urban,Bengaluru,Onion,Local,2024-09-11,1420,1745,1599,351.11
Karnataka,Bengaluru Urban,Bengaluru,Onion,Local,2024-09-12,1450,1798,1575,342.66
Karnataka,Bengaluru Urban,Bengaluru,Onion,Local,2024-09-13,1387,1785,1545,359.36
Karnataka,Bengaluru Urban,Bengaluru,Onion,Local,2024-09-14,1430,1844,1579,333.95
Karnataka,Bengaluru Urban,Bengaluru,Onion,Local,2024-09-15,1648,2081,1864,295.77
Karnataka,Bengaluru Urban,Bengaluru,Onion,Local,2024-09-16,1491,1763,1605,334.13
Karnataka,Bengaluru Urban,Bengaluru,Onion,Local,2024-09-17,1414,1751,1625,340.18
Karnataka,Bengaluru Urban,Bengaluru,Onion,Local,2024-09-18,1286,1600,1476,372.39
Karnataka,Bengaluru Urban,Bengaluru,Onion,Local,2024-09-19,1434,1704,1548,351.9
Karnataka,Bengaluru Urban,Bengaluru,Onion,Local,2024-09-20,1541,1939,1704,320.82
Karnataka,Bengaluru Urban,Bengaluru,Onion,Local,2024-09-21,1568,1944,1704,330.79
Karnataka,Bengaluru Urban,Bengaluru,Onion,Local,2024-09-22,1543,2064,1769,325.68
Karnataka,Bengaluru Urban,Bengaluru,Onion,Local,2024-09-23,1428,1864,1674,329.93
Karnataka,Bengaluru Urban,Bengaluru,Onion,Local,2024-09-24,1483,1918,1645,349.29
Karnataka,Bengaluru Urban,Bengaluru,Onion,Local,2024-09-25,1583,1953,1705,341.66
Karnataka,Bengaluru Urban,Bengaluru,Onion,Local,2024-09-26,1430,1878,1624,321.94
Karnataka,Bengaluru Urban,Bengaluru,Onion,Local,2024-09-27,1367,1778,1568,323.82
Karnataka,Bengaluru Urban,Bengaluru,Onion,Local,2024-09-28,1364,1817,1570,359.14
Karnataka,Bengaluru Urban,Bengaluru,Onion,Local,2024-09-29,1536,1998,1803,291.96
Karnataka,Bengaluru Urban,Bengaluru,Onion,Local,2024-09-30,1440,1829,1563,355.88
Karnataka,Bengaluru Urban,Bengaluru,Onion,Local,2024-10-01,1384,1815,1628,334.17
Karnataka,Bengaluru Urban,Bengaluru,Onion,Local,2024-10-02,1396,1750,1523,378.12
Karnataka,Bengaluru Urban,Bengaluru,Onion,Local,2024-10-03,1725,2014,1864,282.69
Karnataka,Bengaluru Urban,Bengaluru,Onion,Local,2024-10-04,1492,1894,1677,299.54
Karnataka,Bengaluru Urban,Bengaluru,Onion,Local,2024-10-05,1672,2103,1855,277.92
Karnataka,Bengaluru Urban,Bengaluru,Onion,Local,2024-10-06,1655,2118,1884,276.77
Karnataka,Bengaluru Urban,Bengaluru,Onion,Local,2024-10-07,1445,1899,1698,336.22
Karnataka,Bengaluru Urban,Bengaluru,Onion,Local,2024-10-08,1628,2005,1827,310.1
Karnataka,Bengaluru Urban,Bengaluru,Onion,Local,2024-10-09,1923,2359,2068,245.93
Karnataka,Bengaluru Urban,Bengaluru,Onion,Local,2024-10-10,1561,2060,1777,338.64
Karnataka,Bengaluru Urban,Bengaluru,Onion,Local,2024-10-11,1617,1965,1824,301.5
Karnataka,Bengaluru Urban,Bengaluru,Onion,Local,2024-10-12,1547,1972,1778,311.03
Karnataka,Bengaluru Urban,Bengaluru,Onion,Local,2024-10-13,1678,2240,1969,305.06
Karnataka,Bengaluru Urban,Bengaluru,Onion,Local,2024-10-14,1670,2155,1877,290.65
Karnataka,Bengaluru Urban,Bengaluru,Onion,Local,2024-10-15,1755,2261,1933,273.21
Karnataka,Bengaluru Urban,Bengaluru,Onion,Local,2024-10-16,1678,2004,1855,288.97
Karnataka,Bengaluru Urban,Bengaluru,Onion,Local,2024-10-17,1726,2299,1951,280.0
Karnataka,Bengaluru Urban,Bengaluru,Onion,Local,2024-10-18,1703,2138,1900,286.47
Karnataka,Bengaluru Urban,Bengaluru,Onion,Local,2024-10-19,1688,2267,1939,293.33
Karnataka,Bengaluru Urban,Bengaluru,Onion,Local,2024-10-20,1957,2584,2221,243.27
Karnataka,Bengaluru Urban,Bengaluru,Onion,Local,2024-10-21,1591,1925,1764,317.27
Karnataka,Bengaluru Urban,Bengaluru,Onion,Local,2024-10-22,1533,1968,1800,300.77
Karnataka,Bengaluru Urban,Bengaluru,Onion,Local,2024-10-23,1589,1959,1785,350.49
Karnataka,Bengaluru Urban,Bengaluru,Onion,Local,2024-10-24,1853,2461,2109,276.33
Karnataka,Bengaluru Urban,Bengaluru,Onion,Local,2024-10-25,1873,2299,2148,269.75
Karnataka,Bengaluru Urban,Bengaluru,Onion,Local,2024-10-26,1742,2251,2026,275.08
Karnataka,Bengaluru Urban,Bengaluru,Onion,Local,2024-10-27,2126,2512,2314,257.37
Karnataka,Bengaluru Urban,Bengaluru,Onion,Local,2024-10-28,1651,2008,1874,291.18
Karnataka,Bengaluru Urban,Bengaluru,Onion,Local,2024-10-29,1885,2210,2053,282.1
Karnataka,Bengaluru Urban,Bengaluru,Onion,Local,2024-10-30,1735,2282,1970,266.49
Karnataka,Bengaluru Urban,Bengaluru,Onion,Local,2024-10-31,1645,2076,1924,278.59
Karnataka,Bengaluru Urban,Bengaluru,Onion,Local,2024-11-01,1863,2349,2051,291.49
Karnataka,Bengaluru Urban,Bengaluru,Onion,Local,2024-11-02,1940,2377,2204,263.74
Karnataka,Bengaluru Urban,Bengaluru,Onion,Local,2024-11-03,1848,2516,2153,252.3
Karnataka,Bengaluru Urban,Bengaluru,Onion,Local,2024-11-04,1904,2482,2169,255.59
Karnataka,Bengaluru Urban,Bengaluru,Onion,Local,2024-11-05,1904,2368,2213,229.81
Karnataka,Bengaluru Urban,Bengaluru,Onion,Local,2024-11-06,2015,2413,2180,263.4
Karnataka,Bengaluru Urban,Bengaluru,Onion,Local,2024-11-07,1876,2344,2070,240.75
Karnataka,Bengaluru Urban,Bengaluru,Onion,Local,2024-11-08,1799,2344,2081,282.63
Karnataka,Bengaluru Urban,Bengaluru,Onion,Local,2024-11-09,1802,2320,2081,264.53
Karnataka,Bengaluru Urban,Bengaluru,Onion,Local,2024-11-10,1879,2334,2180,239.59
Karnataka,Bengaluru Urban,Bengaluru,Onion,Local,2024-11-11,2009,2395,2223,247.32
Karnataka,Bengaluru Urban,Bengaluru,Onion,Local,2024-11-12,2203,2675,2390,236.04
Karnataka,Bengaluru Urban,Bengaluru,Onion,Local,2024-11-13,1871,2425,2167,250.43
Karnataka,Bengaluru Urban,Bengaluru,Onion,Local,2024-11-14,1988,2565,2248,213.54
Karnataka,Bengaluru Urban,Bengaluru,Onion,Local,2024-11-15,2172,2909,2505,220.13
Karnataka,Bengaluru Urban,Bengaluru,Onion,Local,2024-11-16,2023,2753,2356,243.2
Karnataka,Bengaluru Urban,Bengaluru,Onion,Local,2024-11-17,2199,2985,2578,224.97
Karnataka,Bengaluru Urban,Bengaluru,Onion,Local,2024-11-18,2034,2495,2270,235.09
Karnataka,Bengaluru Urban,Bengaluru,Onion,Local,2024-11-19,2156,2868,2511,243.28
Karnataka,Bengaluru Urban,Bengaluru,Onion,Local,2024-11-20,1946,2417,2194,266.31
Karnataka,Bengaluru Urban,Bengaluru,Onion,Local,2024-11-21,2217,2719,2388,229.28
Karnataka,Bengaluru Urban,Bengaluru,Onion,Local,2024-11-22,1913,2382,2142,256.99
Karnataka,Bengaluru Urban,Bengaluru,Onion,Local,2024-11-23,2076,2595,2381,198.64
Karnataka,Bengaluru Urban,Bengaluru,Onion,Local,2024-11-24,2378,2961,2758,202.37
Karnataka,Bengaluru Urban,Bengaluru,Onion,Local,2024-11-25,2286,2767,2473,240.12
Karnataka,Bengaluru Urban,Bengaluru,Onion,Local,2024-11-26,2271,2938,2580,193.88
Karnataka,Bengaluru Urban,Bengaluru,Onion,Local,2024-11-27,2289,2823,2625,186.77
Karnataka,Bengaluru Urban,Bengaluru,Onion,Local,2024-11-28,2240,2840,2604,239.14
Karnataka,Bengaluru Urban,Bengaluru,Onion,Local,2024-11-29,2265,3072,2622,204.82
Karnataka,Bengaluru Urban,Bengaluru,Onion,Local,2024-11-30,2390,3060,2783,200.51
Karnataka,Bengaluru Urban,Bengaluru,Onion,Local,2024-12-01,2254,2871,2620,200.51
Karnataka,Bengaluru Urban,Bengaluru,Onion,Local,2024-12-02,2209,2676,2470,254.15
Karnataka,Bengaluru Urban,Bengaluru,Onion,Local,2024-12-03,2288,2987,2686,214.22
Karnataka,Bengaluru Urban,Bengaluru,Onion,Local,2024-12-04,2334,3009,2686,208.76
Karnataka,Bengaluru Urban,Bengaluru,Onion,Local,2024-12-05,2311,2789,2592,194.99
Karnataka,Bengaluru Urban,Bengaluru,Onion,Local,2024-12-06,2481,2979,2708,229.81
Karnataka,Bengaluru Urban,Bengaluru,Onion,Local,2024-12-07,2352,3111,2718,221.79
Karnataka,Bengaluru Urban,Bengaluru,Onion,Local,2024-12-08,2389,3110,2641,212.92
Karnataka,Bengaluru Urban,Bengaluru,Onion,Local,2024-12-09,2324,2832,2601,196.75
Karnataka,Bengaluru Urban,Bengaluru,Onion,Local,2024-12-10,2696,3430,2911,182.81
Karnataka,Bengaluru Urban,Bengaluru,Onion,Local,2024-12-11,2402,3245,2817,193.71
Karnataka,Bengaluru Urban,Bengaluru,Onion,Local,2024-12-12,2323,2828,2608,221.91
Karnataka,Bengaluru Urban,Bengaluru,Onion,Local,2024-12-13,2464,2976,2737,214.35
Karnataka,Bengaluru Urban,Bengaluru,Onion,Local,2024-12-14,2398,3029,2694,196.49
Karnataka,Bengaluru Urban,Bengaluru,Onion,Local,2024-12-15,2660,3300,3026,170.25
Karnataka,Bengaluru Urban,Bengaluru,Onion,Local,2024-12-16,2599,3214,2862,163.79
Karnataka,Bengaluru Urban,Bengaluru,Onion,Local,2024-12-17,2498,3172,2706,204.46
Karnataka,Bengaluru Urban,Bengaluru,Onion,Local,2024-12-18,2902,3683,3122,185.65
Karnataka,Bengaluru Urban,Bengaluru,Onion,Local,2024-12-19,2640,3220,2888,198.04
Karnataka,Bengaluru Urban,Bengaluru,Onion,Local,2024-12-20,2447,3150,2840,164.27
Karnataka,Bengaluru Urban,Bengaluru,Onion,Local,2024-12-21,2649,3348,2869,187.82
Karnataka,Bengaluru Urban,Bengaluru,Onion,Local,2024-12-22,2857,3787,3212,181.66
Karnataka,Bengaluru Urban,Bengaluru,Onion,Local,2024-12-23,2546,3119,2756,166.85
Karnataka,Bengaluru Urban,Bengaluru,Onion,Local,2024-12-24,2593,3452,2935,179.37
Karnataka,Bengaluru Urban,Bengaluru,Onion,Local,2024-12-25,2871,3655,3165,192.27
Karnataka,Bengaluru Urban,Bengaluru,Onion,Local,2024-12-26,2596,3247,2822,204.84
Karnataka,Bengaluru Urban,Bengaluru,Onion,Local,2024-12-27,2826,3315,3051,187.06
Karnataka,Bengaluru Urban,Bengaluru,Onion,Local,2024-12-28,2918,3871,3330,164.02
Karnataka,Bengaluru Urban,Bengaluru,Onion,Local,2024-12-29,3036,3587,3265,182.54
Karnataka,Bengaluru Urban,Bengaluru,Onion,Local,2024-12-30,2650,3293,3028,206.68
Karnataka,Bengaluru Urban,Bengaluru,Onion,Local,2024-12-31,2815,3472,3073,192.19
Karnataka,Bengaluru Urban,Bengaluru,Onion,Local,2025-01-01,2614,3495,2969,168.14
Karnataka,Bengaluru Urban,Bengaluru,Onion,Local,2025-01-02,2757,3355,3127,175.48
Karnataka,Bengaluru Urban,Bengaluru,Onion,Local,2025-01-03,2636,3392,3079,174.05
Karnataka,Bengaluru Urban,Bengaluru,Onion,Local,2025-01-04,2888,3755,3191,175.27
Karnataka,Bengaluru Urban,Bengaluru,Onion,Local,2025-01-05,3156,3956,3522,158.57
Karnataka,Bengaluru Urban,Bengaluru,Onion,Local,2025-01-06,2847,3601,3114,191.47
Karnataka,Bengaluru Urban,Bengaluru,Onion,Local,2025-01-07,2764,3620,3192,155.77
Karnataka,Bengaluru Urban,Bengaluru,Onion,Local,2025-01-08,2856,3627,3119,165.45
Karnataka,Bengaluru Urban,Bengaluru,Onion,Local,2025-01-09,2811,3466,3210,175.65
Karnataka,Bengaluru Urban,Bengaluru,Onion,Local,2025-01-10,2873,3641,3275,183.96
Karnataka,Bengaluru Urban,Bengaluru,Onion,Local,2025-01-11,2635,3558,3089,193.73
Karnataka,Bengaluru Urban,Bengaluru,Onion,Local,2025-01-12,3159,3933,3484,143.99
Karnataka,Bengaluru Urban,Bengaluru,Onion,Local,2025-01-13,2793,3682,3200,193.2
Karnataka,Bengaluru Urban,Bengaluru,Onion,Local,2025-01-14,2940,3603,3188,173.04
Karnataka,Bengaluru Urban,Bengaluru,Onion,Local,2025-01-15,2889,3662,3271,124.1
Karnataka,Bengaluru Urban,Bengaluru,Onion,Local,2025-01-16,2799,3700,3254,172.63
Karnataka,Bengaluru Urban,Bengaluru,Onion,Local,2025-01-17,2919,3694,3325,176.16
Karnataka,Bengaluru Urban,Bengaluru,Onion,Local,2025-01-18,2915,3738,3255,195.85
Karnataka,Bengaluru Urban,Bengaluru,Onion,Local,2025-01-19,2867,3667,3327,178.62
Karnataka,Bengaluru Urban,Bengaluru,Onion,Local,2025-01-20,2658,3193,2968,186.85
Karnataka,Bengaluru Urban,Bengaluru,Onion,Local,2025-01-21,2686,3359,3009,185.33
Karnataka,Bengaluru Urban,Bengaluru,Onion,Local,2025-01-22,2903,3844,3357,159.66
Karnataka,Bengaluru Urban,Bengaluru,Onion,Local,2025-01-23,3047,3589,3312,177.98
Karnataka,Bengaluru Urban,Bengaluru,Onion,Local,2025-01-24,2503,3291,2942,180.24
Karnataka,Bengaluru Urban,Bengaluru,Onion,Local,2025-01-25,3235,3775,3497,140.42
Karnataka,Bengaluru Urban,Bengaluru,Onion,Local,2025-01-26,3019,3935,3406,132.74
Karnataka,Bengaluru Urban,Bengaluru,Onion,Local,2025-01-27,2934,3777,3236,169.18
Karnataka,Bengaluru Urban,Bengaluru,Onion,Local,2025-01-28,3163,4011,3665,156.88
Karnataka,Bengaluru Urban,Bengaluru,Onion,Local,2025-01-29,3057,3729,3308,143.74
Karnataka,Bengaluru Urban,Bengaluru,Onion,Local,2025-01-30,2897,3745,3289,155.11
Karnataka,Bengaluru Urban,Bengaluru,Onion,Local,2025-01-31,2795,3424,3122,158.88
Karnataka,Bengaluru Urban,Bengaluru,Onion,Local,2025-02-01,2924,3851,3334,161.67
Karnataka,Bengaluru Urban,Bengaluru,Onion,Local,2025-02-02,3330,3993,3627,174.31
Karnataka,Bengaluru Urban,Bengaluru,Onion,Local,2025-02-03,2921,3692,3312,179.92
Karnataka,Bengaluru Urban,Bengaluru,Onion,Local,2025-02-04,2933,3612,3350,150.85
Karnataka,Bengaluru Urban,Bengaluru,Onion,Local,2025-02-05,3061,3782,3490,151.48
Karnataka,Bengaluru Urban,Bengaluru,Onion,Local,2025-02-06,3077,3614,3317,151.8
Karnataka,Bengaluru Urban,Bengaluru,Onion,Local,2025-02-07,2978,3794,3221,171.8
Karnataka,Bengaluru Urban,Bengaluru,Onion,Local,2025-02-08,2957,3676,3352,178.58
Karnataka,Bengaluru Urban,Bengaluru,Onion,Local,2025-02-09,3274,4240,3793,130.91
Karnataka,Bengaluru Urban,Bengaluru,Onion,Local,2025-02-10,2827,3444,3218,194.12
Karnataka,Bengaluru Urban,Bengaluru,Onion,Local,2025-02-11,3205,3970,3455,161.19
Karnataka,Bengaluru Urban,Bengaluru,Onion,Local,2025-02-12,3008,3671,3235,175.4
Karnataka,Bengaluru Urban,Bengaluru,Onion,Local,2025-02-13,3286,3835,3581,170.83
Karnataka,Bengaluru Urban,Bengaluru,Onion,Local,2025-02-14,3250,4039,3526,139.04
Karnataka,Bengaluru Urban,Bengaluru,Onion,Local,2025-02-15,2940,3724,3234,153.25
Karnataka,Bengaluru Urban,Bengaluru,Onion,Local,2025-02-16,3157,3864,3417,172.89
Karnataka,Bengaluru Urban,Bengaluru,Onion,Local,2025-02-17,2921,3882,3329,174.89
Karnataka,Bengaluru Urban,Bengaluru,Onion,Local,2025-02-18,3074,3988,3460,149.23
Karnataka,Bengaluru Urban,Bengaluru,Onion,Local,2025-02-19,3096,3795,3350,153.44
Karnataka,Bengaluru Urban,Bengaluru,Onion,Local,2025-02-20,3041,3807,3302,194.28
Karnataka,Bengaluru Urban,Bengaluru,Onion,Local,2025-02-21,3178,3864,3453,159.57
Karnataka,Bengaluru Urban,Bengaluru,Onion,Local,2025-02-22,3138,3734,3465,170.24
Karnataka,Bengaluru Urban,Bengaluru,Onion,Local,2025-02-23,3091,3812,3520,174.5
Karnataka,Bengaluru Urban,Bengaluru,Onion,Local,2025-02-24,2962,3948,3380,157.41
Karnataka,Bengaluru Urban,Bengaluru,Onion,Local,2025-02-25,3115,4127,3636,138.99
Karnataka,Bengaluru Urban,Bengaluru,Onion,Local,2025-02-26,3229,3941,3519,156.06
Karnataka,Bengaluru Urban,Bengaluru,Onion,Local,2025-02-27,3034,3655,3390,171.04
Karnataka,Bengaluru Urban,Bengaluru,Onion,Local,2025-02-28,3017,3737,3325,155.48
Karnataka,Bengaluru Urban,Bengaluru,Onion,Local,2025-03-01,2982,4005,3480,182.87
Karnataka,Bengaluru Urban,Bengaluru,Onion,Local,2025-03-02,3460,4133,3802,151.22
Karnataka,Bengaluru Urban,Bengaluru,Onion,Local,2025-03-03,3144,3778,3381,132.84
Karnataka,Bengaluru Urban,Bengaluru,Onion,Local,2025-03-04,3099,3850,3577,170.18
Karnataka,Bengaluru Urban,Bengaluru,Onion,Local,2025-03-05,3426,4087,3684,155.63
Karnataka,Bengaluru Urban,Bengaluru,Onion,Local,2025-03-06,3106,3897,3431,172.83
Karnataka,Bengaluru Urban,Bengaluru,Onion,Local,2025-03-07,3142,3761,3454,156.75
Karnataka,Bengaluru Urban,Bengaluru,Onion,Local,2025-03-08,2989,3787,3271,179.79
Karnataka,Bengaluru Urban,Bengaluru,Onion,Local,2025-03-09,3159,4196,3620,174.93
Karnataka,Bengaluru Urban,Bengaluru,Onion,Local,2025-03-10,2880,3810,3330,151.97
Karnataka,Bengaluru Urban,Bengaluru,Onion,Local,2025-03-11,3160,3868,3578,173.56
Karnataka,Bengaluru Urban,Bengaluru,Onion,Local,2025-03-12,3041,3910,3446,172.87
Karnataka,Bengaluru Urban,Bengaluru,Onion,Local,2025-03-13,3002,3725,3402,157.68
Karnataka,Bengaluru Urban,Bengaluru,Onion,Local,2025-03-14,3112,3917,3487,153.55
Karnataka,Bengaluru Urban,Bengaluru,Onion,Local,2025-03-15,2975,4024,3464,160.45
Karnataka,Bengaluru Urban,Bengaluru,Onion,Local,2025-03-16,3010,3869,3445,163.56
Karnataka,Bengaluru Urban,Bengaluru,Onion,Local,2025-03-17,2896,3715,3244,181.47
Karnataka,Bengaluru Urban,Bengaluru,Onion,Local,2025-03-18,3264,3981,3549,152.64
Karnataka,Bengaluru Urban,Bengaluru,Onion,Local,2025-03-19,3207,3913,3611,171.83
Karnataka,Bengaluru Urban,Bengaluru,Onion,Local,2025-03-20,3162,3935,3439,156.04
Karnataka,Bengaluru Urban,Bengaluru,Onion,Local,2025-03-21,3049,3932,3520,181.54
Karnataka,Bengaluru Urban,Bengaluru,Onion,Local,2025-03-22,2926,4037,3436,188.33
Karnataka,Bengaluru Urban,Bengaluru,Onion,Local,2025-03-23,3130,4077,3480,168.35
Karnataka,Bengaluru Urban,Bengaluru,Onion,Local,2025-03-24,2953,3714,3331,151.26
Karnataka,Bengaluru Urban,Bengaluru,Onion,Local,2025-03-25,2844,3583,3326,181.83
Karnataka,Bengaluru Urban,Bengaluru,Onion,Local,2025-03-26,3044,3664,3354,156.2
Karnataka,Bengaluru Urban,Bengaluru,Onion,Local,2025-03-27,3066,4001,3522,172.11
Karnataka,Bengaluru Urban,Bengaluru,Onion,Local,2025-03-28,2902,3766,3309,195.42
Karnataka,Bengaluru Urban,Bengaluru,Onion,Local,2025-03-29,2940,3740,3336,170.31
Karnataka,Bengaluru Urban,Bengaluru,Onion,Local,2025-03-30,3064,3787,3496,145.51
Karnataka,Bengaluru Urban,Bengaluru,Onion,Local,2025-03-31,2876,3526,3260,168.58
Karnataka,Bengaluru Urban,Bengaluru,Onion,Local,2025-04-01,2764,3474,3107,181.69
Karnataka,Bengaluru Urban,Bengaluru,Onion,Local,2025-04-02,2941,3678,3419,144.98
Karnataka,Bengaluru Urban,Bengaluru,Onion,Local,2025-04-03,3012,3796,3385,179.82
Karnataka,Bengaluru Urban,Bengaluru,Onion,Local,2025-04-04,2596,3313,2945,184.98
Karnataka,Bengaluru Urban,Bengaluru,Onion,Local,2025-04-05,3184,3903,3511,160.94
Karnataka,Bengaluru Urban,Bengaluru,Onion,Local,2025-04-06,2862,3589,3205,153.17
Karnataka,Bengaluru Urban,Bengaluru,Onion,Local,2025-04-07,2996,3731,3250,179.12
Karnataka,Bengaluru Urban,Bengaluru,Onion,Local,2025-04-08,3022,3545,3260,172.78
Karnataka,Bengaluru Urban,Bengaluru,Onion,Local,2025-04-09,3021,3630,3253,159.95
Karnataka,Bengaluru Urban,Bengaluru,Onion,Local,2025-04-10,2924,3581,3242,147.48
Karnataka,Bengaluru Urban,Bengaluru,Onion,Local,2025-04-11,2787,3534,3181,181.67
Karnataka,Bengaluru Urban,Bengaluru,Onion,Local,2025-04-12,2829,3448,3106,173.74
Karnataka,Bengaluru Urban,Bengaluru,Onion,Local,2025-04-13,2967,3795,3367,191.08
Karnataka,Bengaluru Urban,Bengaluru,Onion,Local,2025-04-14,2796,3712,3261,146.02
Karnataka,Bengaluru Urban,Bengaluru,Onion,Local,2025-04-15,3033,3697,3430,181.94
Karnataka,Bengaluru Urban,Bengaluru,Onion,Local,2025-04-16,2741,3593,3190,185.37
Karnataka,Bengaluru Urban,Bengaluru,Onion,Local,2025-04-17,2752,3550,3063,179.5
Karnataka,Bengaluru Urban,Bengaluru,Onion,Local,2025-04-18,2797,3372,3044,190.41
Karnataka,Bengaluru Urban,Bengaluru,Onion,Local,2025-04-19,2981,3958,3427,155.11
Karnataka,Bengaluru Urban,Bengaluru,Onion,Local,2025-04-20,2919,3651,3248,169.78
Karnataka,Bengaluru Urban,Bengaluru,Onion,Local,2025-04-21,2691,3328,3012,191.41
Karnataka,Bengaluru Urban,Bengaluru,Onion,Local,2025-04-22,2868,3589,3223,162.73
Karnataka,Bengaluru Urban,Bengaluru,Onion,Local,2025-04-23,2729,3518,3075,189.72
Karnataka,Bengaluru Urban,Bengaluru,Onion,Local,2025-04-24,2734,3385,2957,168.5
Karnataka,Bengaluru Urban,Bengaluru,Onion,Local,2025-04-25,2664,3508,2981,196.18
Karnataka,Bengaluru Urban,Bengaluru,Onion,Local,2025-04-26,2605,3253,2924,180.87
Karnataka,Bengaluru Urban,Bengaluru,Onion,Local,2025-04-27,2893,3694,3172,176.22
Karnataka,Bengaluru Urban,Bengaluru,Onion,Local,2025-04-28,2538,3171,2942,187.68
Karnataka,Bengaluru Urban,Bengaluru,Onion,Local,2025-04-29,2414,3185,2823,186.07
Karnataka,Bengaluru Urban,Bengaluru,Onion,Local,2025-04-30,2620,3581,3080,168.69
Karnataka,Bengaluru Urban,Bengaluru,Onion,Local,2025-05-01,2591,3525,2989,185.76
Karnataka,Bengaluru Urban,Bengaluru,Onion,Local,2025-05-02,2670,3433,3038,194.55
Karnataka,Bengaluru Urban,Bengaluru,Onion,Local,2025-05-03,2789,3320,3077,201.66
Karnataka,Bengaluru Urban,Bengaluru,Onion,Local,2025-05-04,2580,3227,2963,156.4
Karnataka,Bengaluru Urban,Bengaluru,Onion,Local,2025-05-05,2501,3028,2812,181.21
Karnataka,Bengaluru Urban,Bengaluru,Onion,Local,2025-05-06,2513,3157,2798,204.72
Karnataka,Bengaluru Urban,Bengaluru,Onion,Local,2025-05-07,2596,3226,3010,186.37
Karnataka,Bengaluru Urban,Bengaluru,Onion,Local,2025-05-08,2394,3209,2786,201.82
Karnataka,Bengaluru Urban,Bengaluru,Onion,Local,2025-05-09,2714,3247,2939,166.17
Karnataka,Bengaluru Urban,Bengaluru,Onion,Local,2025-05-10,2405,3010,2795,193.68
Karnataka,Bengaluru Urban,Bengaluru,Onion,Local,2025-05-11,2581,3383,2948,174.03
Karnataka,Bengaluru Urban,Bengaluru,Onion,Local,2025-05-12,2487,3013,2787,203.55
Karnataka,Bengaluru Urban,Bengaluru,Onion,Local,2025-05-13,2292,3110,2675,226.47
Karnataka,Bengaluru Urban,Bengaluru,Onion,Local,2025-05-14,2421,3077,2632,199.16
Karnataka,Bengaluru Urban,Bengaluru,Onion,Local,2025-05-15,2336,2999,2606,190.69
Karnataka,Bengaluru Urban,Bengaluru,Onion,Local,2025-05-16,2551,3026,2754,189.86
Karnataka,Bengaluru Urban,Bengaluru,Onion,Local,2025-05-17,2460,3258,2830,181.98
Karnataka,Bengaluru Urban,Bengaluru,Onion,Local,2025-05-18,2521,3222,2779,209.29
Karnataka,Bengaluru Urban,Bengaluru,Onion,Local,2025-05-19,2155,2849,2514,212.07
Karnataka,Bengaluru Urban,Bengaluru,Onion,Local,2025-05-20,2477,3089,2839,157.7
Karnataka,Bengaluru Urban,Bengaluru,Onion,Local,2025-05-21,2066,2722,2317,216.43
Karnataka,Bengaluru Urban,Bengaluru,Onion,Local,2025-05-22,2435,3339,2831,217.46
Karnataka,Bengaluru Urban,Bengaluru,Onion,Local,2025-05-23,2366,3015,2679,210.0
Karnataka,Bengaluru Urban,Bengaluru,Onion,Local,2025-05-24,2211,2857,2443,226.64
Karnataka,Bengaluru Urban,Bengaluru,Onion,Local,2025-05-25,2374,3025,2638,222.55
Karnataka,Bengaluru Urban,Bengaluru,Onion,Local,2025-05-26,2367,3086,2648,199.32
Karnataka,Bengaluru Urban,Bengaluru,Onion,Local,2025-05-27,2235,2878,2624,215.09
Karnataka,Bengaluru Urban,Bengaluru,Onion,Local,2025-05-28,2332,2839,2532,204.32
Karnataka,Bengaluru Urban,Bengaluru,Onion,Local,2025-05-29,2174,2896,2478,235.35
Karnataka,Bengaluru Urban,Bengaluru,Onion,Local,2025-05-30,2330,3150,2682,199.74
Karnataka,Bengaluru Urban,Bengaluru,Onion,Local,2025-05-31,2297,3013,2680,211.74
Karnataka,Bengaluru Urban,Bengaluru,Onion,Local,2025-06-01,2323,2856,2623,206.63
Karnataka,Bengaluru Urban,Bengaluru,Onion,Local,2025-06-02,2037,2653,2321,245.76
Karnataka,Bengaluru Urban,Bengaluru,Onion,Local,2025-06-03,2463,2877,2657,205.07
Karnataka,Bengaluru Urban,Bengaluru,Onion,Local,2025-06-04,2048,2490,2319,248.54
Karnataka,Bengaluru Urban,Bengaluru,Onion,Local,2025-06-05,2080,2772,2371,219.72
Karnataka,Bengaluru Urban,Bengaluru,Onion,Local,2025-06-06,1956,2467,2232,254.68
Karnataka,Bengaluru Urban,Bengaluru,Onion,Local,2025-06-07,2260,2817,2532,199.27
Karnataka,Bengaluru Urban,Bengaluru,Onion,Local,2025-06-08,2269,2691,2486,217.97
Karnataka,Bengaluru Urban,Bengaluru,Onion,Local,2025-06-09,1897,2570,2217,270.22
Karnataka,Bengaluru Urban,Bengaluru,Onion,Local,2025-06-10,1994,2326,2164,260.83
Karnataka,Bengaluru Urban,Bengaluru,Onion,Local,2025-06-11,2179,2648,2403,217.49
Karnataka,Bengaluru Urban,Bengaluru,Onion,Local,2025-06-12,1954,2565,2192,241.81
Karnataka,Bengaluru Urban,Bengaluru,Onion,Local,2025-06-13,1892,2447,2080,290.63
Karnataka,Bengaluru Urban,Bengaluru,Onion,Local,2025-06-14,2046,2535,2217,242.04
Karnataka,Bengaluru Urban,Bengaluru,Onion,Local,2025-06-15,2411,3061,2650,182.65
Karnataka,Bengaluru Urban,Bengaluru,Onion,Local,2025-06-16,1907,2489,2183,263.76
Karnataka,Bengaluru Urban,Bengaluru,Onion,Local,2025-06-17,2160,2657,2445,201.57
Karnataka,Bengaluru Urban,Bengaluru,Onion,Local,2025-06-18,2240,2756,2451,219.77
Karnataka,Bengaluru Urban,Bengaluru,Onion,Local,2025-06-19,1980,2419,2169,235.9
Karnataka,Bengaluru Urban,Bengaluru,Onion,Local,2025-06-20,1912,2546,2199,279.07
Karnataka,Bengaluru Urban,Bengaluru,Onion,Local,2025-06-21,1891,2351,2182,239.26
Karnataka,Bengaluru Urban,Bengaluru,Onion,Local,2025-06-22,2023,2570,2231,313.71
Karnataka,Bengaluru Urban,Bengaluru,Onion,Local,2025-06-23,1821,2292,2022,295.55
Karnataka,Bengaluru Urban,Bengaluru,Onion,Local,2025-06-24,2178,2568,2353,211.56
Karnataka,Bengaluru Urban,Bengaluru,Onion,Local,2025-06-25,1788,2154,1986,261.88
Karnataka,Bengaluru Urban,Bengaluru,Onion,Local,2025-06-26,1883,2366,2037,301.09
Karnataka,Bengaluru Urban,Bengaluru,Onion,Local,2025-06-27,2077,2632,2320,236.97
Karnataka,Bengaluru Urban,Bengaluru,Onion,Local,2025-06-28,1732,2244,2023,241.74
Karnataka,Bengaluru Urban,Bengaluru,Onion,Local,2025-06-29,2076,2533,2239,246.98
Karnataka,Bengaluru Urban,Bengaluru,Onion,Local,2025-06-30,1680,1999,1855,302.67
Karnataka,Bengaluru Urban,Bengaluru,Onion,Local,2025-07-01,1883,2314,2152,237.21
Karnataka,Bengaluru Urban,Bengaluru,Onion,Local,2025-07-02,1678,2115,1962,293.82
Karnataka,Bengaluru Urban,Bengaluru,Onion,Local,2025-07-03,1755,2128,1925,277.38
Karnataka,Bengaluru Urban,Bengaluru,Onion,Local,2025-07-04,1725,2221,1939,290.55
Karnataka,Bengaluru Urban,Bengaluru,Onion,Local,2025-07-05,1958,2321,2119,284.63
Karnataka,Bengaluru Urban,Bengaluru,Onion,Local,2025-07-06,1924,2418,2247,244.52
Karnataka,Bengaluru Urban,Bengaluru,Onion,Local,2025-07-07,1731,2169,1988,257.35
Karnataka,Bengaluru Urban,Bengaluru,Onion,Local,2025-07-08,1929,2447,2218,235.78
Karnataka,Bengaluru Urban,Bengaluru,Onion,Local,2025-07-09,1812,2318,2005,276.45
Karnataka,Bengaluru Urban,Bengaluru,Onion,Local,2025-07-10,1560,2039,1760,300.39
Karnataka,Bengaluru Urban,Bengaluru,Onion,Local,2025-07-11,1911,2217,2057,265.13
Karnataka,Bengaluru Urban,Bengaluru,Onion,Local,2025-07-12,1643,1917,1787,303.23
Karnataka,Bengaluru Urban,Bengaluru,Onion,Local,2025-07-13,1781,2203,1926,277.08
Karnataka,Bengaluru Urban,Bengaluru,Onion,Local,2025-07-14,1419,1795,1640,335.11
Karnataka,Bengaluru Urban,Bengaluru,Onion,Local,2025-07-15,1700,2156,1886,283.37
Karnataka,Bengaluru Urban,Bengaluru,Onion,Local,2025-07-16,1787,2165,2002,267.3
Karnataka,Bengaluru Urban,Bengaluru,Onion,Local,2025-07-17,1628,1989,1831,291.25
Karnataka,Bengaluru Urban,Bengaluru,Onion,Local,2025-07-18,1635,2049,1791,317.42
Karnataka,Bengaluru Urban,Bengaluru,Onion,Local,2025-07-19,1457,1805,1679,333.59
Karnataka,Bengaluru Urban,Bengaluru,Onion,Local,2025-07-20,1726,2091,1883,273.78
Karnataka,Bengaluru Urban,Bengaluru,Onion,Local,2025-07-21,1566,2020,1716,343.99
Karnataka,Bengaluru Urban,Bengaluru,Onion,Local,2025-07-22,1680,2166,1867,288.68
Karnataka,Bengaluru Urban,Bengaluru,Onion,Local,2025-07-23,1460,1812,1681,355.07
Karnataka,Bengaluru Urban,Bengaluru,Onion,Local,2025-07-24,1650,2007,1815,303.31
Karnataka,Bengaluru Urban,Bengaluru,Onion,Local,2025-07-25,1603,1968,1837,308.84
Karnataka,Bengaluru Urban,Bengaluru,Onion,Local,2025-07-26,1489,1974,1706,334.9
Karnataka,Bengaluru Urban,Bengaluru,Onion,Local,2025-07-27,1551,1905,1739,324.99
Karnataka,Bengaluru Urban,Bengaluru,Onion,Local,2025-07-28,1511,1833,1648,352.02
Karnataka,Bengaluru Urban,Bengaluru,Onion,Local,2025-07-29,1489,1914,1682,341.99
Karnataka,Bengaluru Urban,Bengaluru,Onion,Local,2025-07-30,1625,2065,1772,351.62
Karnataka,Bengaluru Urban,Bengaluru,Onion,Local,2025-07-31,1560,1974,1824,302.15
Karnataka,Bengaluru Urban,Bengaluru,Onion,Local,2025-08-01,1347,1679,1518,379.3
Karnataka,Bengaluru Urban,Bengaluru,Onion,Local,2025-08-02,1670,2195,1861,290.19
Karnataka,Bengaluru Urban,Bengaluru,Onion,Local,2025-08-03,1548,1967,1777,322.7
Karnataka,Bengaluru Urban,Bengaluru,Onion,Local,2025-08-04,1520,1847,1687,323.28
Karnataka,Bengaluru Urban,Bengaluru,Onion,Local,2025-08-05,1616,1926,1754,308.17
Karnataka,Bengaluru Urban,Bengaluru,Onion,Local,2025-08-06,1674,2129,1836,295.32
Karnataka,Bengaluru Urban,Bengaluru,Onion,Local,2025-08-07,1571,1949,1793,307.34
Karnataka,Bengaluru Urban,Bengaluru,Onion,Local,2025-08-08,1583,1860,1724,346.3
Karnataka,Bengaluru Urban,Bengaluru,Onion,Local,2025-08-09,1462,1741,1620,351.58
Karnataka,Bengaluru Urban,Bengaluru,Onion,Local,2025-08-10,1764,2194,2006,285.64
Karnataka,Bengaluru Urban,Bengaluru,Onion,Local,2025-08-11,1551,1944,1771,312.69
Karnataka,Bengaluru Urban,Bengaluru,Onion,Local,2025-08-12,1505,2062,1750,329.2
Karnataka,Bengaluru Urban,Bengaluru,Onion,Local,2025-08-13,1466,1946,1665,367.46
Karnataka,Bengaluru Urban,Bengaluru,Onion,Local,2025-08-14,1342,1801,1561,337.71
Karnataka,Bengaluru Urban,Bengaluru,Onion,Local,2025-08-15,1611,2120,1857,318.17
Karnataka,Bengaluru Urban,Bengaluru,Onion,Local,2025-08-16,1438,1743,1573,368.49
Karnataka,Bengaluru Urban,Bengaluru,Onion,Local,2025-08-17,1725,2046,1858,296.79
Karnataka,Bengaluru Urban,Bengaluru,Onion,Local,2025-08-18,1393,1715,1514,361.86
Karnataka,Bengaluru Urban,Bengaluru,Onion,Local,2025-08-19,1427,1739,1541,352.97
Karnataka,Bengaluru Urban,Bengaluru,Onion,Local,2025-08-20,1339,1745,1536,338.32
Karnataka,Bengaluru Urban,Bengaluru,Onion,Local,2025-08-21,1589,1974,1798,303.56
Karnataka,Bengaluru Urban,Bengaluru,Onion,Local,2025-08-22,1561,1901,1688,317.84
Karnataka,Bengaluru Urban,Bengaluru,Onion,Local,2025-08-23,1478,1809,1618,325.87
Karnataka,Bengaluru Urban,Bengaluru,Onion,Local,2025-08-24,1788,2321,1994,245.53
Karnataka,Bengaluru Urban,Bengaluru,Onion,Local,2025-08-25,1524,1877,1702,314.89
Karnataka,Bengaluru Urban,Bengaluru,Onion,Local,2025-08-26,1375,1674,1528,339.12
Karnataka,Bengaluru Urban,Bengaluru,Onion,Local,2025-08-27,1531,1783,1658,343.46
Karnataka,Bengaluru Urban,Bengaluru,Onion,Local,2025-08-28,1470,1926,1723,312.9
Karnataka,Bengaluru Urban,Bengaluru,Onion,Local,2025-08-29,1484,1842,1618,325.42
Karnataka,Bengaluru Urban,Bengaluru,Onion,Local,2025-08-30,1431,1775,1546,374.98
Karnataka,Bengaluru Urban,Bengaluru,Onion,Local,2025-08-31,1470,1804,1592,318.37
Karnataka,Bengaluru Urban,Bengaluru,Onion,Local,2025-09-01,1317,1744,1517,387.61
Karnataka,Bengaluru Urban,Bengaluru,Onion,Local,2025-09-02,1488,1807,1653,369.88
Karnataka,Bengaluru Urban,Bengaluru,Onion,Local,2025-09-03,1423,1869,1613,351.58
Karnataka,Bengaluru Urban,Bengaluru,Onion,Local,2025-09-04,1653,2020,1789,340.75
Karnataka,Bengaluru Urban,Bengaluru,Onion,Local,2025-09-05,1357,1698,1586,347.07
Karnataka,Bengaluru Urban,Bengaluru,Onion,Local,2025-09-06,1455,1906,1639,347.52
Karnataka,Bengaluru Urban,Bengaluru,Onion,Local,2025-09-07,1746,2321,1998,298.23
Karnataka,Bengaluru Urban,Bengaluru,Onion,Local,2025-09-08,1347,1766,1544,344.03
Karnataka,Bengaluru Urban,Bengaluru,Onion,Local,2025-09-09,1503,1904,1753,297.53
Karnataka,Bengaluru Urban,Bengaluru,Onion,Local,2025-09-10,1630,2087,1774,310.29
Karnataka,Bengaluru Urban,Bengaluru,Onion,Local,2025-09-11,1656,2095,1840,316.03
Karnataka,Bengaluru Urban,Bengaluru,Onion,Local,2025-09-12,1499,1904,1702,305.77
Karnataka,Bengaluru Urban,Bengaluru,Onion,Local,2025-09-13,1371,1680,1560,353.6
Karnataka,Bengaluru Urban,Bengaluru,Onion,Local,2025-09-14,1692,2066,1904,284.3
Karnataka,Bengaluru Urban,Bengaluru,Onion,Local,2025-09-15,1336,1660,1543,352.39
Karnataka,Bengaluru Urban,Bengaluru,Onion,Local,2025-09-16,1675,2123,1868,290.37
Karnataka,Bengaluru Urban,Bengaluru,Onion,Local,2025-09-17,1508,1774,1643,318.09
Karnataka,Bengaluru Urban,Bengaluru,Onion,Local,2025-09-18,1571,1893,1713,338.37
Karnataka,Bengaluru Urban,Bengaluru,Onion,Local,2025-09-19,1708,2049,1871,282.35
Karnataka,Bengaluru Urban,Bengaluru,Onion,Local,2025-09-20,1590,2059,1751,303.82
Karnataka,Bengaluru Urban,Bengaluru,Onion,Local,2025-09-21,1660,2036,1848,296.56
Karnataka,Bengaluru Urban,Bengaluru,Onion,Local,2025-09-22,1402,1842,1640,293.61
Karnataka,Bengaluru Urban,Bengaluru,Onion,Local,2025-09-23,1765,2135,1958,272.12
Karnataka,Bengaluru Urban,Bengaluru,Onion,Local,2025-09-24,1456,1924,1684,314.91
Karnataka,Bengaluru Urban,Bengaluru,Onion,Local,2025-09-25,1397,1868,1596,370.5
Karnataka,Bengaluru Urban,Bengaluru,Onion,Local,2025-09-26,1553,2054,1779,316.75
Karnataka,Bengaluru Urban,Bengaluru,Onion,Local,2025-09-27,1677,1985,1832,292.62
Karnataka,Bengaluru Urban,Bengaluru,Onion,Local,2025-09-28,1692,2207,1946,293.66
Karnataka,Bengaluru Urban,Bengaluru,Onion,Local,2025-09-29,1408,1821,1593,339.71
Karnataka,Bengaluru Urban,Bengaluru,Onion,Local,2025-09-30,1525,2064,1791,299.05
Karnataka,Bengaluru Urban,Bengaluru,Onion,Local,2025-10-01,1631,1887,1759,315.35
Karnataka,Bengaluru Urban,Bengaluru,Onion,Local,2025-10-02,1829,2151,2003,281.43
Karnataka,Bengaluru Urban,Bengaluru,Onion,Local,2025-10-03,1493,1980,1749,355.76
Karnataka,Bengaluru Urban,Bengaluru,Onion,Local,2025-10-04,1787,2319,2025,264.57
Karnataka,Bengaluru Urban,Bengaluru,Onion,Local,2025-10-05,1967,2480,2188,254.39
Karnataka,Bengaluru Urban,Bengaluru,Onion,Local,2025-10-06,1486,1868,1691,344.39
Karnataka,Bengaluru Urban,Bengaluru,Onion,Local,2025-10-07,1524,2034,1791,314.65
Karnataka,Bengaluru Urban,Bengaluru,Onion,Local,2025-10-08,1749,2192,1916,295.93
Karnataka,Bengaluru Urban,Bengaluru,Onion,Local,2025-10-09,1950,2331,2129,258.02
Karnataka,Bengaluru Urban,Bengaluru,Onion,Local,2025-10-10,1581,2083,1784,298.12
Karnataka,Bengaluru Urban,Bengaluru,Onion,Local,2025-10-11,1644,2016,1789,285.09
Karnataka,Bengaluru Urban,Bengaluru,Onion,Local,2025-10-12,1984,2554,2231,248.19
Karnataka,Bengaluru Urban,Bengaluru,Onion,Local,2025-10-13,1753,2225,1891,252.34
Karnataka,Bengaluru Urban,Bengaluru,Onion,Local,2025-10-14,1776,2195,1916,299.84
Karnataka,Bengaluru Urban,Bengaluru,Onion,Local,2025-10-15,1847,2357,2170,241.0
Karnataka,Bengaluru Urban,Bengaluru,Onion,Local,2025-10-16,1803,2308,2051,283.87
Karnataka,Bengaluru Urban,Bengaluru,Onion,Local,2025-10-17,1797,2208,2038,281.29
Karnataka,Bengaluru Urban,Bengaluru,Onion,Local,2025-10-18,1676,2198,1883,253.53
Karnataka,Bengaluru Urban,Bengaluru,Onion,Local,2025-10-19,2094,2550,2376,244.34
Karnataka,Bengaluru Urban,Bengaluru,Onion,Local,2025-10-20,1896,2347,2066,280.72
Karnataka,Bengaluru Urban,Bengaluru,Onion,Local,2025-10-21,1880,2246,2026,256.51
Karnataka,Bengaluru Urban,Bengaluru,Onion,Local,2025-10-22,1649,2091,1931,264.78
Karnataka,Bengaluru Urban,Bengaluru,Onion,Local,2025-10-23,1832,2363,2143,250.55
Karnataka,Bengaluru Urban,Bengaluru,Onion,Local,2025-10-24,2012,2498,2286,259.52
Karnataka,Bengaluru Urban,Bengaluru,Onion,Local,2025-10-25,1912,2494,2220,256.78
Karnataka,Bengaluru Urban,Bengaluru,Onion,Local,2025-10-26,1999,2484,2200,242.25
Karnataka,Bengaluru Urban,Bengaluru,Onion,Local,2025-10-27,1868,2343,2014,257.7
Karnataka,Bengaluru Urban,Bengaluru,Onion,Local,2025-10-28,1934,2388,2149,271.41
Karnataka,Bengaluru Urban,Bengaluru,Onion,Local,2025-10-29,1935,2375,2156,244.09
Karnataka,Bengaluru Urban,Bengaluru,Onion,Local,2025-10-30,1909,2353,2171,255.9
Karnataka,Bengaluru Urban,Bengaluru,Onion,Local,2025-10-31,1873,2393,2148,254.54
Karnataka,Bengaluru Urban,Bengaluru,Onion,Local,2025-11-01,2223,2874,2549,195.32
Karnataka,Bengaluru Urban,Bengaluru,Onion,Local,2025-11-02,1968,2426,2147,257.64
Karnataka,Bengaluru Urban,Bengaluru,Onion,Local,2025-11-03,2065,2651,2250,242.2
Karnataka,Bengaluru Urban,Bengaluru,Onion,Local,2025-11-04,1879,2462,2154,277.82
Karnataka,Bengaluru Urban,Bengaluru,Onion,Local,2025-11-05,2106,2531,2288,242.55
Karnataka,Bengaluru Urban,Bengaluru,Onion,Local,2025-11-06,2184,2826,2399,226.4
Karnataka,Bengaluru Urban,Bengaluru,Onion,Local,2025-11-07,2036,2667,2281,263.61
Karnataka,Bengaluru Urban,Bengaluru,Onion,Local,2025-11-08,1890,2407,2136,262.65
Karnataka,Bengaluru Urban,Bengaluru,Onion,Local,2025-11-09,2170,2816,2527,211.4
Karnataka,Bengaluru Urban,Bengaluru,Onion,Local,2025-11-10,2105,2542,2295,260.53
Karnataka,Bengaluru Urban,Bengaluru,Onion,Local,2025-11-11,2120,2569,2283,252.29
Karnataka,Bengaluru Urban,Bengaluru,Onion,Local,2025-11-12,2128,2683,2397,239.08
Karnataka,Bengaluru Urban,Bengaluru,Onion,Local,2025-11-13,2182,2644,2462,192.74
Karnataka,Bengaluru Urban,Bengaluru,Onion,Local,2025-11-14,2141,2645,2329,225.78
Karnataka,Bengaluru Urban,Bengaluru,Onion,Local,2025-11-15,2056,2614,2330,227.43
Karnataka,Bengaluru Urban,Bengaluru,Onion,Local,2025-11-16,2295,3027,2628,223.31
Karnataka,Bengaluru Urban,Bengaluru,Onion,Local,2025-11-17,2041,2666,2278,241.76
Karnataka,Bengaluru Urban,Bengaluru,Onion,Local,2025-11-18,2226,2730,2529,234.6
Karnataka,Bengaluru Urban,Bengaluru,Onion,Local,2025-11-19,2379,2967,2707,200.22
Karnataka,Bengaluru Urban,Bengaluru,Onion,Local,2025-11-20,2081,2611,2415,233.1
Karnataka,Bengaluru Urban,Bengaluru,Onion,Local,2025-11-21,2236,2874,2437,229.75
Karnataka,Bengaluru Urban,Bengaluru,Onion,Local,2025-11-22,2243,2901,2473,190.55
Karnataka,Bengaluru Urban,Bengaluru,Onion,Local,2025-11-23,2525,3026,2790,187.04
Karnataka,Bengaluru Urban,Bengaluru,Onion,Local,2025-11-24,2366,3179,2727,201.85
Karnataka,Bengaluru Urban,Bengaluru,Onion,Local,2025-11-25,2202,2805,2426,241.22
Karnataka,Bengaluru Urban,Bengaluru,Onion,Local,2025-11-26,2358,2961,2606,220.01
Karnataka,Bengaluru Urban,Bengaluru,Onion,Local,2025-11-27,2349,3042,2763,200.02
Karnataka,Bengaluru Urban,Bengaluru,Onion,Local,2025-11-28,2311,2859,2505,221.9
Karnataka,Bengaluru Urban,Bengaluru,Onion,Local,2025-11-29,2517,3214,2841,192.17
Karnataka,Bengaluru Urban,Bengaluru,Onion,Local,2025-11-30,2572,3194,2895,178.0
Karnataka,Bengaluru Urban,Bengaluru,Onion,Local,2025-12-01,2298,2676,2487,218.73
Karnataka,Bengaluru Urban,Bengaluru,Onion,Local,2025-12-02,2458,3015,2733,218.02
Karnataka,Bengaluru Urban,Bengaluru,Onion,Local,2025-12-03,2562,3163,2757,214.92
Karnataka,Bengaluru Urban,Bengaluru,Onion,Local,2025-12-04,2376,3002,2710,182.97
Karnataka,Bengaluru Urban,Bengaluru,Onion,Local,2025-12-05,2419,3308,2836,216.09
Karnataka,Bengaluru Urban,Bengaluru,Onion,Local,2025-12-06,2434,2985,2727,211.12
Karnataka,Bengaluru Urban,Bengaluru,Onion,Local,2025-12-07,2595,3578,3041,159.14
Karnataka,Bengaluru Urban,Bengaluru,Onion,Local,2025-12-08,2454,3087,2753,210.52
Karnataka,Bengaluru Urban,Bengaluru,Onion,Local,2025-12-09,2517,3230,2886,201.33
Karnataka,Bengaluru Urban,Bengaluru,Onion,Local,2025-12-10,2526,3157,2924,186.86
Karnataka,Bengaluru Urban,Bengaluru,Onion,Local,2025-12-11,2600,3260,2880,207.29
Karnataka,Bengaluru Urban,Bengaluru,Onion,Local,2025-12-12,2478,3219,2911,178.57
Karnataka,Bengaluru Urban,Bengaluru,Onion,Local,2025-12-13,2670,3167,2886,196.81
Karnataka,Bengaluru Urban,Bengaluru,Onion,Local,2025-12-14,2912,3597,3197,150.03
Karnataka,Bengaluru Urban,Bengaluru,Onion,Local,2025-12-15,2623,3274,2862,206.14
Karnataka,Bengaluru Urban,Bengaluru,Onion,Local,2025-12-16,2616,3092,2859,180.29
Karnataka,Bengaluru Urban,Bengaluru,Onion,Local,2025-12-17,2726,3232,2975,161.89
Karnataka,Bengaluru Urban,Bengaluru,Onion,Local,2025-12-18,2942,3756,3202,177.81
Karnataka,Bengaluru Urban,Bengaluru,Onion,Local,2025-12-19,2724,3333,3079,196.1
Karnataka,Bengaluru Urban,Bengaluru,Onion,Local,2025-12-20,2996,3804,3310,164.98
Karnataka,Bengaluru Urban,Bengaluru,Onion,Local,2025-12-21,2783,3448,3007,187.56
Karnataka,Bengaluru Urban,Bengaluru,Onion,Local,2025-12-22,2687,3397,2909,172.31
Karnataka,Bengaluru Urban,Bengaluru,Onion,Local,2025-12-23,2568,3311,3007,181.44
Karnataka,Bengaluru Urban,Bengaluru,Onion,Local,2025-12-24,2902,3702,3222,197.96
Karnataka,Bengaluru Urban,Bengaluru,Onion,Local,2025-12-25,2546,3392,2974,178.8
Karnataka,Bengaluru Urban,Bengaluru,Onion,Local,2025-12-26,2909,3633,3178,183.87
Karnataka,Bengaluru Urban,Bengaluru,Onion,Local,2025-12-27,2802,3287,3015,196.41
Karnataka,Bengaluru Urban,Bengaluru,Onion,Local,2025-12-28,2974,3778,3205,157.49
Karnataka,Bengaluru Urban,Bengaluru,Onion,Local,2025-12-29,2823,3726,3166,191.96
Karnataka,Bengaluru Urban,Bengaluru,Onion,Local,2025-12-30,2805,3546,3204,173.71
Karnataka,Bengaluru Urban,Bengaluru,Onion,Local,2025-12-31,2935,3570,3171,174.64
Karnataka,Bengaluru Urban,Bengaluru,Onion,Local,2026-01-01,2874,3558,3168,182.06
Karnataka,Bengaluru Urban,Bengaluru,Onion,Local,2026-01-02,2983,3687,3217,206.08
Karnataka,Bengaluru Urban,Bengaluru,Onion,Local,2026-01-03,2850,3625,3263,165.35
Karnataka,Bengaluru Urban,Bengaluru,Onion,Local,2026-01-04,3017,3784,3266,155.21
Karnataka,Bengaluru Urban,Bengaluru,Onion,Local,2026-01-05,2995,3500,3245,161.6
Karnataka,Bengaluru Urban,Bengaluru,Onion,Local,2026-01-06,2966,3691,3283,186.76
Karnataka,Bengaluru Urban,Bengaluru,Onion,Local,2026-01-07,2869,3459,3132,173.35
Karnataka,Bengaluru Urban,Bengaluru,Onion,Local,2026-01-08,2751,3388,3017,160.65
Karnataka,Bengaluru Urban,Bengaluru,Onion,Local,2026-01-09,3078,3585,3325,145.14
Karnataka,Bengaluru Urban,Bengaluru,Onion,Local,2026-01-10,2901,3414,3167,198.76
Karnataka,Bengaluru Urban,Bengaluru,Onion,Local,2026-01-11,3059,3892,3398,147.72
Karnataka,Bengaluru Urban,Bengaluru,Onion,Local,2026-01-12,3066,3762,3437,145.77
Karnataka,Bengaluru Urban,Bengaluru,Onion,Local,2026-01-13,2985,3842,3386,167.9
Karnataka,Bengaluru Urban,Bengaluru,Onion,Local,2026-01-14,3027,4023,3460,142.51
Karnataka,Bengaluru Urban,Bengaluru,Onion,Local,2026-01-15,2913,3573,3271,159.0
Karnataka,Bengaluru Urban,Bengaluru,Onion,Local,2026-01-16,2980,3726,3287,179.12
Karnataka,Bengaluru Urban,Bengaluru,Onion,Local,2026-01-17,3025,3959,3434,167.97
Karnataka,Bengaluru Urban,Bengaluru,Onion,Local,2026-01-18,3017,3781,3372,166.11
Karnataka,Bengaluru Urban,Bengaluru,Onion,Local,2026-01-19,3277,3998,3536,188.0
Karnataka,Bengaluru Urban,Bengaluru,Onion,Local,2026-01-20,2979,3776,3366,176.64
Karnataka,Bengaluru Urban,Bengaluru,Onion,Local,2026-01-21,2995,3782,3336,143.04
Karnataka,Bengaluru Urban,Bengaluru,Onion,Local,2026-01-22,2864,3721,3272,187.47
Karnataka,Bengaluru Urban,Bengaluru,Onion,Local,2026-01-23,2904,3668,3403,152.92
Karnataka,Bengaluru Urban,Bengaluru,Onion,Local,2026-01-24,3034,3968,3549,136.54
Karnataka,Bengaluru Urban,Bengaluru,Onion,Local,2026-01-25,3221,3962,3675,146.41
Karnataka,Bengaluru Urban,Bengaluru,Onion,Local,2026-01-26,3317,4007,3671,143.57
Karnataka,Bengaluru Urban,Bengaluru,Onion,Local,2026-01-27,3201,3715,3468,137.36
Karnataka,Bengaluru Urban,Bengaluru,Onion,Local,2026-01-28,3403,4048,3761,140.95
Karnataka,Bengaluru Urban,Bengaluru,Onion,Local,2026-01-29,3172,4024,3709,123.09
Karnataka,Bengaluru Urban,Bengaluru,Onion,Local,2026-01-30,3057,3998,3542,186.59
Karnataka,Bengaluru Urban,Bengaluru,Onion,Local,2026-01-31,2927,3740,3442,162.89
Karnataka,Bengaluru Urban,Bengaluru,Onion,Local,2026-02-01,3344,4365,3833,138.4
Karnataka,Bengaluru Urban,Bengaluru,Onion,Local,2026-02-02,2947,3829,3307,159.07
Karnataka,Bengaluru Urban,Bengaluru,Onion,Local,2026-02-03,3133,4134,3572,158.15
Karnataka,Bengaluru Urban,Bengaluru,Onion,Local,2026-02-04,3357,3885,3626,139.22
Karnataka,Bengaluru Urban,Bengaluru,Onion,Local,2026-02-05,3432,4125,3787,133.23
Karnataka,Bengaluru Urban,Bengaluru,Onion,Local,2026-02-06,3077,3823,3565,159.18
Karnataka,Bengaluru Urban,Bengaluru,Onion,Local,2026-02-07,3223,4110,3588,136.93
Karnataka,Bengaluru Urban,Bengaluru,Onion,Local,2026-02-08,3600,4266,3879,133.86
Karnataka,Bengaluru Urban,Bengaluru,Onion,Local,2026-02-09,3231,4089,3571,156.98
Karnataka,Bengaluru Urban,Bengaluru,Onion,Local,2026-02-10,3221,4128,3599,130.05
Karnataka,Bengaluru Urban,Bengaluru,Onion,Local,2026-02-11,3156,3878,3507,162.93
Karnataka,Bengaluru Urban,Bengaluru,Onion,Local,2026-02-12,3133,3866,3408,158.07
Karnataka,Bengaluru Urban,Bengaluru,Onion,Local,2026-02-13,3097,3921,3601,162.26
Karnataka,Bengaluru Urban,Bengaluru,Onion,Local,2026-02-14,3180,3976,3602,149.86
Karnataka,Bengaluru Urban,Bengaluru,Onion,Local,2026-02-15,3228,4160,3775,141.96
Karnataka,Bengaluru Urban,Bengaluru,Onion,Local,2026-02-16,3068,3691,3445,152.26
Karnataka,Bengaluru Urban,Bengaluru,Onion,Local,2026-02-17,3192,4049,3649,148.02
Karnataka,Bengaluru Urban,Bengaluru,Onion,Local,2026-02-18,3582,4272,3916,123.5
Karnataka,Bengaluru Urban,Bengaluru,Onion,Local,2026-02-19,3314,3940,3650,158.5
Karnataka,Bengaluru Urban,Bengaluru,Onion,Local,2026-02-20,3323,4102,3616,147.42
Karnataka,Bengaluru Urban,Bengaluru,Onion,Local,2026-02-21,3269,4147,3608,152.21
Karnataka,Bengaluru Urban,Bengaluru,Onion,Local,2026-02-22,3582,4581,3952,112.83
Karnataka,Bengaluru Urban,Bengaluru,Onion,Local,2026-02-23,3127,4073,3457,162.87
Karnataka,Bengaluru Urban,Bengaluru,Onion,Local,2026-02-24,3434,4281,3740,134.62
Karnataka,Bengaluru Urban,Bengaluru,Onion,Local,2026-02-25,2994,3978,3486,155.64
Karnataka,Bengaluru Urban,Bengaluru,Onion,Local,2026-02-26,3190,4063,3509,154.71
Karnataka,Bengaluru Urban,Bengaluru,Onion,Local,2026-02-27,3178,3761,3511,166.43
Karnataka,Bengaluru Urban,Bengaluru,Onion,Local,2026-02-28,3222,3911,3514,132.36
Karnataka,Bengaluru Urban,Bengaluru,Onion,Local,2026-03-01,3556,4188,3843,143.09
Karnataka,Bengaluru Urban,Bengaluru,Onion,Local,2026-03-02,3208,3761,3513,150.71
Karnataka,Bengaluru Urban,Bengaluru,Onion,Local,2026-03-03,3153,3916,3625,135.7
Karnataka,Bengaluru Urban,Bengaluru,Onion,Local,2026-03-04,3073,4062,3449,146.89
Karnataka,Bengaluru Urban,Bengaluru,Onion,Local,2026-03-05,3303,4167,3572,140.3
Karnataka,Bengaluru Urban,Bengaluru,Onion,Local,2026-03-06,3253,4359,3796,132.32
Karnataka,Bengaluru Urban,Bengaluru,Onion,Local,2026-03-07,3212,3936,3609,159.26
Karnataka,Bengaluru Urban,Bengaluru,Onion,Local,2026-03-08,3514,4179,3895,167.63
Karnataka,Bengaluru Urban,Bengaluru,Onion,Local,2026-03-09,3306,4169,3815,161.19
Karnataka,Bengaluru Urban,Bengaluru,Onion,Local,2026-03-10,3335,4317,3712,133.0
Karnataka,Bengaluru Urban,Bengaluru,Onion,Local,2026-03-11,3325,4071,3656,146.59
Karnataka,Bengaluru Urban,Bengaluru,Onion,Local,2026-03-12,3298,3931,3560,148.33
Karnataka,Bengaluru Urban,Bengaluru,Onion,Local,2026-03-13,3166,3809,3462,150.39
Karnataka,Bengaluru Urban,Bengaluru,Onion,Local,2026-03-14,3075,3877,3476,131.89
Karnataka,Bengaluru Urban,Bengaluru,Onion,Local,2026-03-15,3562,4505,3891,141.59
Karnataka,Bengaluru Urban,Bengaluru,Onion,Local,2026-03-16,3034,3826,3530,154.69
Karnataka,Bengaluru Urban,Bengaluru,Onion,Local,2026-03-17,3431,4200,3693,151.12
Karnataka,Bengaluru Urban,Bengaluru,Onion,Local,2026-03-18,3241,4061,3731,156.73
Karnataka,Bengaluru Urban,Bengaluru,Onion,Local,2026-03-19,2987,3833,3470,176.76
Karnataka,Bengaluru Urban,Bengaluru,Onion,Local,2026-03-20,3252,4051,3590,151.75
Karnataka,Bengaluru Urban,Bengaluru,Onion,Local,2026-03-21,3225,4003,3655,150.88
Karnataka,Bengaluru Urban,Bengaluru,Onion,Local,2026-03-22,3360,4313,3775,128.13
Karnataka,Bengaluru Urban,Bengaluru,Onion,Local,2026-03-23,3019,3976,3489,147.64
Karnataka,Bengaluru Urban,Bengaluru,Onion,Local,2026-03-24,3310,4317,3786,165.03
Karnataka,Bengaluru Urban,Bengaluru,Onion,Local,2026-03-25,3067,4058,3544,173.33
Karnataka,Bengaluru Urban,Bengaluru,Onion,Local,2026-03-26,3121,3828,3434,153.38
Karnataka,Bengaluru Urban,Bengaluru,Onion,Local,2026-03-27,2873,3608,3274,177.83
Karnataka,Bengaluru Urban,Bengaluru,Onion,Local,2026-03-28,2910,3761,3256,160.68
Karnataka,Bengaluru Urban,Bengaluru,Onion,Local,2026-03-29,3119,4063,3495,172.62
Karnataka,Bengaluru Urban,Bengaluru,Onion,Local,2026-03-30,3186,4234,3675,161.98
Karnataka,Bengaluru Urban,Bengaluru,Onion,Local,2026-03-31,3063,4088,3547,158.31
Karnataka,Bengaluru Urban,Bengaluru,Onion,Local,2026-04-01,3111,3871,3479,145.84
Karnataka,Bengaluru Urban,Bengaluru,Onion,Local,2026-04-02,2978,3519,3274,169.6
Karnataka,Bengaluru Urban,Bengaluru,Onion,Local,2026-04-03,3194,3787,3485,162.72
Karnataka,Bengaluru Urban,Bengaluru,Onion,Local,2026-04-04,3117,4017,3492,168.53
Karnataka,Bengaluru Urban,Bengaluru,Onion,Local,2026-04-05,3130,4218,3584,139.86
Karnataka,Bengaluru Urban,Bengaluru,Onion,Local,2026-04-06,3162,3789,3419,170.88
Karnataka,Bengaluru Urban,Bengaluru,Onion,Local,2026-04-07,3063,3880,3371,173.22
Karnataka,Bengaluru Urban,Bengaluru,Onion,Local,2026-04-08,3114,3724,3410,145.69
Karnataka,Bengaluru Urban,Bengaluru,Onion,Local,2026-04-09,3175,4253,3680,144.35
Karnataka,Bengaluru Urban,Bengaluru,Onion,Local,2026-04-10,2915,3633,3258,158.67
Karnataka,Bengaluru Urban,Bengaluru,Onion,Local,2026-04-11,2713,3405,3097,173.63
Karnataka,Bengaluru Urban,Bengaluru,Onion,Local,2026-04-12,3209,4001,3668,152.96
Karnataka,Bengaluru Urban,Bengaluru,Onion,Local,2026-04-13,2900,3606,3200,171.22
Karnataka,Bengaluru Urban,Bengaluru,Onion,Local,2026-04-14,2859,3348,3100,176.9
Karnataka,Bengaluru Urban,Bengaluru,Onion,Local,2026-04-15,3020,3774,3281,181.83
Karnataka,Bengaluru Urban,Bengaluru,Onion,Local,2026-04-16,3023,3857,3348,150.3
Karnataka,Bengaluru Urban,Bengaluru,Onion,Local,2026-04-17,3103,3859,3405,180.49
Karnataka,Bengaluru Urban,Bengaluru,Onion,Local,2026-04-18,2834,3695,3328,161.98
Karnataka,Bengaluru Urban,Bengaluru,Onion,Local,2026-04-19,2861,3617,3358,188.27
Karnataka,Bengaluru Urban,Bengaluru,Onion,Local,2026-04-20,2900,3651,3243,171.02
Karnataka,Bengaluru Urban,Bengaluru,Onion,Local,2026-04-21,2648,3420,3109,164.23
Karnataka,Bengaluru Urban,Bengaluru,Onion,Local,2026-04-22,2628,3523,3066,175.9
Karnataka,Bengaluru Urban,Bengaluru,Onion,Local,2026-04-23,2868,3413,3154,176.52
Karnataka,Bengaluru Urban,Bengaluru,Onion,Local,2026-04-24,3032,3922,3339,174.88
Karnataka,Bengaluru Urban,Bengaluru,Onion,Local,2026-04-25,2872,3864,3298,183.06
Karnataka,Bengaluru Urban,Bengaluru,Onion,Local,2026-04-26,2965,3463,3236,164.1
Karnataka,Bengaluru Urban,Bengaluru,Onion,Local,2026-04-27,2810,3498,3052,191.18
Karnataka,Bengaluru Urban,Bengaluru,Onion,Local,2026-04-28,2575,3498,3012,204.08
Karnataka,Bengaluru Urban,Bengaluru,Onion,Local,2026-04-29,2771,3466,3086,161.72
Karnataka,Bengaluru Urban,Bengaluru,Onion,Local,2026-04-30,2646,3584,3077,173.87
Karnataka,Bengaluru Urban,Bengaluru,Onion,Local,2026-05-01,2766,3329,3086,175.99
Karnataka,Bengaluru Urban,Bengaluru,Onion,Local,2026-05-02,2753,3733,3224,175.31
Karnataka,Bengaluru Urban,Bengaluru,Onion,Local,2026-05-03,2676,3627,3097,172.43
Karnataka,Bengaluru Urban,Bengaluru,Onion,Local,2026-05-04,2616,3421,2949,187.3
Karnataka,Bengaluru Urban,Bengaluru,Onion,Local,2026-05-05,2793,3293,3040,207.59
Karnataka,Bengaluru Urban,Bengaluru,Onion,Local,2026-05-06,2806,3594,3141,183.71
Karnataka,Bengaluru Urban,Bengaluru,Onion,Local,2026-05-07,2492,3057,2783,210.12
Karnataka,Bengaluru Urban,Bengaluru,Onion,Local,2026-05-08,2408,3095,2800,189.43
Karnataka,Bengaluru Urban,Bengaluru,Onion,Local,2026-05-09,2683,3212,2949,201.99
Karnataka,Bengaluru Urban,Bengaluru,Onion,Local,2026-05-10,2592,3425,3010,179.88
Karnataka,Bengaluru Urban,Bengaluru,Onion,Local,2026-05-11,2445,3207,2753,207.16
Karnataka,Bengaluru Urban,Bengaluru,Onion,Local,2026-05-12,2683,3286,2890,192.65
Karnataka,Bengaluru Urban,Bengaluru,Onion,Local,2026-05-13,2352,2836,2626,193.41
Karnataka,Bengaluru Urban,Bengaluru,Onion,Local,2026-05-14,2540,3324,2937,196.81
Karnataka,Bengaluru Urban,Bengaluru,Onion,Local,2026-05-15,2755,3349,3072,198.12
Karnataka,Bengaluru Urban,Bengaluru,Onion,Local,2026-05-16,2527,3180,2812,197.67
Karnataka,Bengaluru Urban,Bengaluru,Onion,Local,2026-05-17,2853,3661,3108,181.39
Karnataka,Bengaluru Urban,Bengaluru,Onion,Local,2026-05-18,2358,3209,2761,201.94
Karnataka,Bengaluru Urban,Bengaluru,Onion,Local,2026-05-19,2624,3340,2999,182.72
Karnataka,Bengaluru Urban,Bengaluru,Onion,Local,2026-05-20,2470,3357,2882,194.55
Karnataka,Bengaluru Urban,Bengaluru,Onion,Local,2026-05-21,2395,2932,2727,217.08
Karnataka,Bengaluru Urban,Bengaluru,Onion,Local,2026-05-22,2390,3042,2787,192.08
Karnataka,Bengaluru Urban,Bengaluru,Onion,Local,2026-05-23,2523,3055,2801,213.63
Karnataka,Bengaluru Urban,Bengaluru,Onion,Local,2026-05-24,2610,3426,2927,190.21
Karnataka,Bengaluru Urban,Bengaluru,Onion,Local,2026-05-25,2497,2972,2748,210.88
Karnataka,Bengaluru Urban,Bengaluru,Onion,Local,2026-05-26,2293,2931,2695,202.09
Karnataka,Bengaluru Urban,Bengaluru,Onion,Local,2026-05-27,2477,3032,2670,213.06
Karnataka,Bengaluru Urban,Bengaluru,Onion,Local,2026-05-28,2335,3171,2691,180.32
Karnataka,Bengaluru Urban,Bengaluru,Onion,Local,2026-05-29,2297,3066,2681,206.1
Karnataka,Bengaluru Urban,Bengaluru,Onion,Local,2026-05-30,2293,2718,2518,227.8
Karnataka,Bengaluru Urban,Bengaluru,Onion,Local,2026-05-31,2561,3183,2761,199.11
Karnataka,Bengaluru Urban,Bengaluru,Onion,Local,2026-06-01,2179,2915,2525,203.3
Karnataka,Bengaluru Urban,Bengaluru,Onion,Local,2026-06-02,2283,2922,2633,215.04
Karnataka,Bengaluru Urban,Bengaluru,Onion,Local,2026-06-03,2610,3267,2889,182.46
Karnataka,Bengaluru Urban,Bengaluru,Onion,Local,2026-06-04,2292,3001,2676,201.02
Karnataka,Bengaluru Urban,Bengaluru,Onion,Local,2026-06-05,2412,2863,2672,214.33
Karnataka,Bengaluru Urban,Bengaluru,Onion,Local,2026-06-06,2161,2926,2488,205.43
Karnataka,Bengaluru Urban,Bengaluru,Onion,Local,2026-06-07,2335,2909,2526,232.53
Karnataka,Bengaluru Urban,Bengaluru,Onion,Local,2026-06-08,2052,2789,2370,210.11
Karnataka,Bengaluru Urban,Bengaluru,Onion,Local,2026-06-09,2299,3050,2619,210.63
Karnataka,Bengaluru Urban,Bengaluru,Onion,Local,2026-06-10,2243,2835,2459,234.37
Karnataka,Bengaluru Urban,Bengaluru,Onion,Local,2026-06-11,2162,2839,2437,234.91
Karnataka,Bengaluru Urban,Bengaluru,Onion,Local,2026-06-12,2198,2575,2395,249.79
Karnataka,Bengaluru Urban,Bengaluru,Onion,Local,2026-06-13,2063,2657,2363,242.2
Karnataka,Bengaluru Urban,Bengaluru,Onion,Local,2026-06-14,2423,3001,2712,161.43
Karnataka,Bengaluru Urban,Bengaluru,Onion,Local,2026-06-15,2138,2729,2424,217.33
Karnataka,Bengaluru Urban,Bengaluru,Onion,Local,2026-06-16,2249,2667,2481,225.43
Karnataka,Bengaluru Urban,Bengaluru,Onion,Local,2026-06-17,2181,2734,2440,224.98
Karnataka,Bengaluru Urban,Bengaluru,Onion,Local,2026-06-18,2180,2715,2510,199.85
Karnataka,Bengaluru Urban,Bengaluru,Onion,Local,2026-06-19,2167,2923,2481,189.3
Karnataka,Bengaluru Urban,Bengaluru,Onion,Local,2026-06-20,1954,2502,2277,215.14
Karnataka,Bengaluru Urban,Bengaluru,Onion,Local,2026-06-21,2258,2708,2481,212.61
Karnataka,Bengaluru Urban,Bengaluru,Onion,Local,2026-06-22,1977,2567,2312,246.16
Karnataka,Bengaluru Urban,Bengaluru,Onion,Local,2026-06-23,2033,2528,2279,248.85
Karnataka,Bengaluru Urban,Bengaluru,Onion,Local,2026-06-24,2153,2675,2316,238.41
Karnataka,Bengaluru Urban,Bengaluru,Onion,Local,2026-06-25,1974,2648,2247,206.28
Karnataka,Bengaluru Urban,Bengaluru,Onion,Local,2026-06-26,1870,2478,2198,277.07
Karnataka,Bengaluru Urban,Bengaluru,Onion,Local,2026-06-27,1936,2401,2239,250.97
Karnataka,Bengaluru Urban,Bengaluru,Onion,Local,2026-06-28,2280,2879,2452,220.87
Karnataka,Bengaluru Urban,Bengaluru,Onion,Local,2026-06-29,1984,2497,2211,273.91
Karnataka,Bengaluru Urban,Bengaluru,Onion,Local,2026-06-30,1914,2295,2118,284.82
Karnataka,Bengaluru Urban,Bengaluru,Onion,Local,2026-07-01,2095,2565,2271,234.52
Karnataka,Bengaluru Urban,Bengaluru,Onion,Local,2026-07-02,1872,2330,2085,288.83
Karnataka,Bengaluru Urban,Bengaluru,Onion,Local,2026-07-03,1965,2462,2277,240.2
Karnataka,Bengaluru Urban,Bengaluru,Onion,Local,2026-07-04,1783,2295,2096,254.8
Karnataka,Bengaluru Urban,Bengaluru,Onion,Local,2026-07-05,2036,2566,2266,241.99
Karnataka,Bengaluru Urban,Bengaluru,Onion,Local,2026-07-06,1946,2457,2093,250.1
Karnataka,Bengaluru Urban,Bengaluru,Onion,Local,2026-07-07,1784,2257,2042,266.6
Karnataka,Bengaluru Urban,Bengaluru,Onion,Local,2026-07-08,2136,2575,2347,238.88
Karnataka,Bengaluru Urban,Bengaluru,Onion,Local,2026-07-09,1707,2291,1942,266.77
Karnataka,Bengaluru Urban,Bengaluru,Onion,Local,2026-07-10,1740,2219,1975,303.3
Karnataka,Bengaluru Urban,Bengaluru,Onion,Local,2026-07-11,1956,2431,2205,244.84
Karnataka,Bengaluru Urban,Bengaluru,Onion,Local,2026-07-12,1998,2585,2261,249.32
Karnataka,Bengaluru Urban,Bengaluru,Onion,Local,2026-07-13,1701,2139,1993,265.47
Karnataka,Bengaluru Urban,Bengaluru,Onion,Local,2026-07-14,1675,2153,1842,311.87
Karnataka,Bengaluru Urban,Bengaluru,Onion,Local,2026-07-15,1842,2237,2067,255.8
Karnataka,Bengaluru Urban,Bengaluru,Onion,Local,2026-07-16,1912,2514,2145,280.53
Karnataka,Bengaluru Urban,Bengaluru,Onion,Local,2026-07-17,1806,2196,2028,271.38
Karnataka,Bengaluru Urban,Bengaluru,Onion,Local,2026-07-18,1638,2092,1825,299.51
Karnataka,Bengaluru Urban,Bengaluru,Onion,Local,2026-07-19,1788,2174,2015,271.87
Karnataka,Bengaluru Urban,Bengaluru,Onion,Local,2026-07-20,1892,2217,2041,279.27
Karnataka,Bengaluru Urban,Bengaluru,Onion,Local,2026-07-21,2083,2568,2255,261.79
Karnataka,Bengaluru Urban,Bengaluru,Onion,Local,2026-07-22,1735,2206,1923,269.1
Karnataka,Bengaluru Urban,Bengaluru,Onion,Local,2026-07-23,1769,2056,1910,292.07
Karnataka,Bengaluru Urban,Bengaluru,Onion,Local,2026-07-24,1779,2234,2079,277.25
Karnataka,Bengaluru Urban,Bengaluru,Onion,Local,2026-07-25,1604,1954,1746,318.66
Karnataka,Bengaluru Urban,Bengaluru,Onion,Local,2026-07-26,1915,2399,2187,271.27
Karnataka,Bengaluru Urban,Bengaluru,Onion,Local,2026-07-27,1784,2184,1989,267.65
Karnataka,Bengaluru Urban,Bengaluru,Onion,Local,2026-07-28,1664,2147,1832,327.07
Karnataka,Bengaluru Urban,Bengaluru,Onion,Local,2026-07-29,1591,2139,1846,321.8
Karnataka,Bengaluru Urban,Bengaluru,Onion,Local,2026-07-30,1622,1969,1787,306.68
Karnataka,Bengaluru Urban,Bengaluru,Onion,Local,2026-07-31,1505,1937,1659,329.43
Karnataka,Bengaluru Urban,Bengaluru,Onion,Local,2026-08-01,1585,1925,1783,318.37
Karnataka,Bengaluru Urban,Bengaluru,Onion,Local,2026-08-02,1795,2425,2091,269.98
Karnataka,Bengaluru Urban,Bengaluru,Onion,Local,2026-08-03,1562,1846,1725,336.8
Karnataka,Bengaluru Urban,Bengaluru,Onion,Local,2026-08-04,1674,2127,1861,306.68
Karnataka,Bengaluru Urban,Bengaluru,Onion,Local,2026-08-05,1779,2315,1979,280.81
Karnataka,Bengaluru Urban,Bengaluru,Onion,Local,2026-08-06,1564,1940,1694,329.22
Karnataka,Bengaluru Urban,Bengaluru,Onion,Local,2026-08-07,1581,2072,1819,290.94
Karnataka,Bengaluru Urban,Bengaluru,Onion,Local,2026-08-08,1850,2295,2004,270.98
Karnataka,Bengaluru Urban,Bengaluru,Onion,Local,2026-08-09,1897,2410,2045,247.81
Karnataka,Bengaluru Urban,Bengaluru,Onion,Local,2026-08-10,1619,2050,1869,298.82
Karnataka,Bengaluru Urban,Bengaluru,Onion,Local,2026-08-11,1593,2018,1776,290.2
Karnataka,Bengaluru Urban,Bengaluru,Onion,Local,2026-08-12,1723,2077,1866,291.4
Karnataka,Bengaluru Urban,Bengaluru,Onion,Local,2026-08-13,1823,2245,2019,263.86
Karnataka,Bengaluru Urban,Bengaluru,Onion,Local,2026-08-14,1382,1783,1591,330.57
Karnataka,Bengaluru Urban,Bengaluru,Onion,Local,2026-08-15,1766,2151,1936,296.94
Karnataka,Bengaluru Urban,Bengaluru,Onion,Local,2026-08-16,1912,2382,2123,257.37
Karnataka,Bengaluru Urban,Bengaluru,Onion,Local,2026-08-17,1641,2123,1833,303.9
Karnataka,Bengaluru Urban,Bengaluru,Onion,Local,2026-08-18,1526,1963,1734,318.39
Karnataka,Bengaluru Urban,Bengaluru,Onion,Local,2026-08-19,1629,1934,1758,333.6
Karnataka,Bengaluru Urban,Bengaluru,Onion,Local,2026-08-20,1538,2004,1730,341.11
Karnataka,Bengaluru Urban,Bengaluru,Onion,Local,2026-08-21,1535,1943,1722,315.09
Karnataka,Bengaluru Urban,Bengaluru,Onion,Local,2026-08-22,1632,2126,1804,295.76
Karnataka,Bengaluru Urban,Bengaluru,Onion,Local,2026-08-23,1741,2123,1952,285.42
Karnataka,Bengaluru Urban,Bengaluru,Onion,Local,2026-08-24,1722,2161,1896,263.09
Karnataka,Bengaluru Urban,Bengaluru,Onion,Local,2026-08-25,1562,1868,1720,345.18
Karnataka,Bengaluru Urban,Bengaluru,Onion,Local,2026-08-26,1612,1887,1750,309.68
Karnataka,Bengaluru Urban,Bengaluru,Onion,Local,2026-08-27,1521,2007,1714,331.37
Karnataka,Bengaluru Urban,Bengaluru,Onion,Local,2026-08-28,1418,1903,1625,344.51
Karnataka,Bengaluru Urban,Bengaluru,Onion,Local,2026-08-29,1785,2238,2013,249.77
Karnataka,Bengaluru Urban,Bengaluru,Onion,Local,2026-08-30,1839,2229,2026,255.63
Karnataka,Bengaluru Urban,Bengaluru,Onion,Local,2026-08-31,1660,1955,1797,311.72
Delhi,New Delhi,Azadpur,Onion,Red,2024-01-01,3190,3943,3684,142.92
Delhi,New Delhi,Azadpur,Onion,Red,2024-01-02,3145,3985,3561,166.6
Delhi,New Delhi,Azadpur,Onion,Red,2024-01-03,3289,4062,3570,168.02
Delhi,New Delhi,Azadpur,Onion,Red,2024-01-04,2893,3788,3327,170.05
Delhi,New Delhi,Azadpur,Onion,Red,2024-01-05,3397,4302,3820,142.31
Delhi,New Delhi,Azadpur,Onion,Red,2024-01-06,3466,4312,3921,134.36
Delhi,New Delhi,Azadpur,Onion,Red,2024-01-07,3507,4444,3908,156.3
Delhi,New Delhi,Azadpur,Onion,Red,2024-01-08,3002,4080,3520,173.2
Delhi,New Delhi,Azadpur,Onion,Red,2024-01-09,3264,4235,3811,134.5
Delhi,New Delhi,Azadpur,Onion,Red,2024-01-10,3401,4104,3769,134.98
Delhi,New Delhi,Azadpur,Onion,Red,2024-01-11,3438,4498,3883,138.83
Delhi,New Delhi,Azadpur,Onion,Red,2024-01-12,3472,4342,3745,156.77
Delhi,New Delhi,Azadpur,Onion,Red,2024-01-13,3291,4455,3789,146.43
Delhi,New Delhi,Azadpur,Onion,Red,2024-01-14,3265,3843,3560,154.74
Delhi,New Delhi,Azadpur,Onion,Red,2024-01-15,3064,3852,3490,139.28
Delhi,New Delhi,Azadpur,Onion,Red,2024-01-16,3394,4410,3766,138.75
Delhi,New Delhi,Azadpur,Onion,Red,2024-01-17,3069,4131,3557,155.87
Delhi,New Delhi,Azadpur,Onion,Red,2024-01-18,3384,4403,3875,144.79
Delhi,New Delhi,Azadpur,Onion,Red,2024-01-19,3475,4433,3859,165.15
Delhi,New Delhi,Azadpur,Onion,Red,2024-01-20,3557,4588,4001,162.29
Delhi,New Delhi,Azadpur,Onion,Red,2024-01-21,3482,4415,3916,136.4
Delhi,New Delhi,Azadpur,Onion,Red,2024-01-22,3287,4302,3811,123.13
Delhi,New Delhi,Azadpur,Onion,Red,2024-01-23,3415,4233,3934,110.56
Delhi,New Delhi,Azadpur,Onion,Red,2024-01-24,3567,4372,4066,153.6
Delhi,New Delhi,Azadpur,Onion,Red,2024-01-25,3651,4433,3949,141.99
Delhi,New Delhi,Azadpur,Onion,Red,2024-01-26,3856,4655,4191,119.02
Delhi,New Delhi,Azadpur,Onion,Red,2024-01-27,3477,4314,3764,116.56
Delhi,New Delhi,Azadpur,Onion,Red,2024-01-28,3509,4441,4041,127.43
Delhi,New Delhi,Azadpur,Onion,Red,2024-01-29,3510,4545,4085,116.93
Delhi,New Delhi,Azadpur,Onion,Red,2024-01-30,3242,4090,3791,158.13
Delhi,New Delhi,Azadpur,Onion,Red,2024-01-31,3485,4353,3955,141.89
Delhi,New Delhi,Azadpur,Onion,Red,2024-02-01,3710,4613,4176,170.51
Delhi,New Delhi,Azadpur,Onion,Red,2024-02-02,3799,4846,4128,123.99
Delhi,New Delhi,Azadpur,Onion,Red,2024-02-03,3596,4796,4209,117.67
Delhi,New Delhi,Azadpur,Onion,Red,2024-02-04,4071,4917,4429,114.04
Delhi,New Delhi,Azadpur,Onion,Red,2024-02-05,3415,4290,3866,143.3
Delhi,New Delhi,Azadpur,Onion,Red,2024-02-06,3829,4865,4157,117.45
Delhi,New Delhi,Azadpur,Onion,Red,2024-02-07,3672,4414,4011,144.52
Delhi,New Delhi,Azadpur,Onion,Red,2024-02-08,3783,4473,4144,139.26
Delhi,New Delhi,Azadpur,Onion,Red,2024-02-09,3970,4636,4320,132.11
Delhi,New Delhi,Azadpur,Onion,Red,2024-02-10,3756,4704,4375,139.38
Delhi,New Delhi,Azadpur,Onion,Red,2024-02-11,3598,4836,4191,150.63
Delhi,New Delhi,Azadpur,Onion,Red,2024-02-12,3563,4425,4129,149.89
Delhi,New Delhi,Azadpur,Onion,Red,2024-02-13,3800,4885,4213,157.88
Delhi,New Delhi,Azadpur,Onion,Red,2024-02-14,3677,4491,3974,135.7
Delhi,New Delhi,Azadpur,Onion,Red,2024-02-15,3932,4818,4253,131.86
Delhi,New Delhi,Azadpur,Onion,Red,2024-02-16,3588,4474,4010,162.59
Delhi,New Delhi,Azadpur,Onion,Red,2024-02-17,3799,4822,4148,147.63
Delhi,New Delhi,Azadpur,Onion,Red,2024-02-18,4042,4897,4401,137.11
Delhi,New Delhi,Azadpur,Onion,Red,2024-02-19,3379,4277,3933,139.76
Delhi,New Delhi,Azadpur,Onion,Red,2024-02-20,3728,5005,4303,142.74
Delhi,New Delhi,Azadpur,Onion,Red,2024-02-21,3836,4964,4315,117.42
Delhi,New Delhi,Azadpur,Onion,Red,2024-02-22,3591,4204,3915,122.57
Delhi,New Delhi,Azadpur,Onion,Red,2024-02-23,3695,4758,4177,133.77
Delhi,New Delhi,Azadpur,Onion,Red,2024-02-24,3881,4579,4178,115.75
Delhi,New Delhi,Azadpur,Onion,Red,2024-02-25,3826,4633,4241,154.95
Delhi,New Delhi,Azadpur,Onion,Red,2024-02-26,3624,4773,4187,131.0
Delhi,New Delhi,Azadpur,Onion,Red,2024-02-27,3998,5003,4446,152.58
Delhi,New Delhi,Azadpur,Onion,Red,2024-02-28,3626,4741,4106,139.96
Delhi,New Delhi,Azadpur,Onion,Red,2024-02-29,3497,4504,3943,115.31
Delhi,New Delhi,Azadpur,Onion,Red,2024-03-01,3612,4777,4139,116.19
Delhi,New Delhi,Azadpur,Onion,Red,2024-03-02,3617,4432,4087,139.07
Delhi,New Delhi,Azadpur,Onion,Red,2024-03-03,4200,5243,4547,127.38
Delhi,New Delhi,Azadpur,Onion,Red,2024-03-04,3638,4374,4049,165.78
Delhi,New Delhi,Azadpur,Onion,Red,2024-03-05,3566,4896,4180,146.71
Delhi,New Delhi,Azadpur,Onion,Red,2024-03-06,3987,5033,4340,126.25
Delhi,New Delhi,Azadpur,Onion,Red,2024-03-07,3265,4446,3779,121.71
Delhi,New Delhi,Azadpur,Onion,Red,2024-03-08,3657,4442,4050,127.38
Delhi,New Delhi,Azadpur,Onion,Red,2024-03-09,3686,4511,4146,129.44
Delhi,New Delhi,Azadpur,Onion,Red,2024-03-10,3554,4132,3858,140.12
Delhi,New Delhi,Azadpur,Onion,Red,2024-03-11,3532,4405,4097,137.87
Delhi,New Delhi,Azadpur,Onion,Red,2024-03-12,3385,4249,3873,145.38
Delhi,New Delhi,Azadpur,Onion,Red,2024-03-13,3634,4787,4244,159.81
Delhi,New Delhi,Azadpur,Onion,Red,2024-03-14,3843,4508,4150,146.62
Delhi,New Delhi,Azadpur,Onion,Red,2024-03-15,3591,4946,4215,171.63
Delhi,New Delhi,Azadpur,Onion,Red,2024-03-16,3396,4289,3988,141.7
Delhi,New Delhi,Azadpur,Onion,Red,2024-03-17,4008,4971,4504,144.41
Delhi,New Delhi,Azadpur,Onion,Red,2024-03-18,3650,4719,4286,171.68
Delhi,New Delhi,Azadpur,Onion,Red,2024-03-19,3772,4702,4199,125.47
Delhi,New Delhi,Azadpur,Onion,Red,2024-03-20,3869,4597,4195,118.39
Delhi,New Delhi,Azadpur,Onion,Red,2024-03-21,3857,4790,4156,118.84
Delhi,New Delhi,Azadpur,Onion,Red,2024-03-22,3483,4603,3955,114.27
Delhi,New Delhi,Azadpur,Onion,Red,2024-03-23,3596,4838,4124,154.7
Delhi,New Delhi,Azadpur,Onion,Red,2024-03-24,3783,4897,4220,131.28
Delhi,New Delhi,Azadpur,Onion,Red,2024-03-25,3605,4170,3888,157.18
Delhi,New Delhi,Azadpur,Onion,Red,2024-03-26,3777,4869,4220,110.26
Delhi,New Delhi,Azadpur,Onion,Red,2024-03-27,3710,4476,4053,150.8
Delhi,New Delhi,Azadpur,Onion,Red,2024-03-28,3556,4289,3933,117.72
Delhi,New Delhi,Azadpur,Onion,Red,2024-03-29,3497,4111,3828,167.83
Delhi,New Delhi,Azadpur,Onion,Red,2024-03-30,3857,4788,4169,151.93
Delhi,New Delhi,Azadpur,Onion,Red,2024-03-31,3598,4509,3913,155.49
Delhi,New Delhi,Azadpur,Onion,Red,2024-04-01,3839,4916,4176,122.62
Delhi,New Delhi,Azadpur,Onion,Red,2024-04-02,3459,4235,3914,145.42
Delhi,New Delhi,Azadpur,Onion,Red,2024-04-03,3519,4558,4004,132.48
Delhi,New Delhi,Azadpur,Onion,Red,2024-04-04,3540,4518,4094,144.26
Delhi,New Delhi,Azadpur,Onion,Red,2024-04-05,3299,4127,3552,142.91
Delhi,New Delhi,Azadpur,Onion,Red,2024-04-06,3559,4688,4054,134.83
Delhi,New Delhi,Azadpur,Onion,Red,2024-04-07,3665,4472,4134,122.28
Delhi,New Delhi,Azadpur,Onion,Red,2024-04-08,3360,3981,3693,125.79
Delhi,New Delhi,Azadpur,Onion,Red,2024-04-09,3652,4669,4047,149.96
Delhi,New Delhi,Azadpur,Onion,Red,2024-04-10,3588,4410,3878,123.39
Delhi,New Delhi,Azadpur,Onion,Red,2024-04-11,3549,4643,4048,146.16
Delhi,New Delhi,Azadpur,Onion,Red,2024-04-12,3314,4350,3738,153.58
Delhi,New Delhi,Azadpur,Onion,Red,2024-04-13,3396,4188,3763,156.47
Delhi,New Delhi,Azadpur,Onion,Red,2024-04-14,3424,4236,3765,117.3
Delhi,New Delhi,Azadpur,Onion,Red,2024-04-15,3228,4318,3790,156.39
Delhi,New Delhi,Azadpur,Onion,Red,2024-04-16,3179,3924,3472,124.52
Delhi,New Delhi,Azadpur,Onion,Red,2024-04-17,3369,4343,3767,155.36
Delhi,New Delhi,Azadpur,Onion,Red,2024-04-18,3191,4328,3673,137.46
Delhi,New Delhi,Azadpur,Onion,Red,2024-04-19,3497,4432,4009,145.09
Delhi,New Delhi,Azadpur,Onion,Red,2024-04-20,3432,4356,3865,126.74
Delhi,New Delhi,Azadpur,Onion,Red,2024-04-21,3450,4651,4025,143.95
Delhi,New Delhi,Azadpur,Onion,Red,2024-04-22,3403,4331,3884,152.21
Delhi,New Delhi,Azadpur,Onion,Red,2024-04-23,3230,3975,3633,151.37
Delhi,New Delhi,Azadpur,Onion,Red,2024-04-24,3220,4050,3491,157.69
Delhi,New Delhi,Azadpur,Onion,Red,2024-04-25,3305,4349,3687,171.56
Delhi,New Delhi,Azadpur,Onion,Red,2024-04-26,3315,4354,3698,137.91
Delhi,New Delhi,Azadpur,Onion,Red,2024-04-27,2946,3799,3309,172.19
Delhi,New Delhi,Azadpur,Onion,Red,2024-04-28,3125,3692,3397,162.36
Delhi,New Delhi,Azadpur,Onion,Red,2024-04-29,2846,3802,3240,182.71
Delhi,New Delhi,Azadpur,Onion,Red,2024-04-30,2923,3845,3416,157.82
Delhi,New Delhi,Azadpur,Onion,Red,2024-05-01,2917,3469,3222,187.78
Delhi,New Delhi,Azadpur,Onion,Red,2024-05-02,3231,4080,3478,162.97
Delhi,New Delhi,Azadpur,Onion,Red,2024-05-03,2926,3490,3217,145.83
Delhi,New Delhi,Azadpur,Onion,Red,2024-05-04,2899,3699,3271,162.82
Delhi,New Delhi,Azadpur,Onion,Red,2024-05-05,2903,3810,3396,190.4
Delhi,New Delhi,Azadpur,Onion,Red,2024-05-06,3174,3768,3493,158.29
Delhi,New Delhi,Azadpur,Onion,Red,2024-05-07,2767,3607,3220,155.55
Delhi,New Delhi,Azadpur,Onion,Red,2024-05-08,3010,3790,3310,171.48
Delhi,New Delhi,Azadpur,Onion,Red,2024-05-09,2931,3758,3220,178.3
Delhi,New Delhi,Azadpur,Onion,Red,2024-05-10,2956,3684,3187,157.16
Delhi,New Delhi,Azadpur,Onion,Red,2024-05-11,2936,3740,3328,139.66
Delhi,New Delhi,Azadpur,Onion,Red,2024-05-12,2850,3644,3153,161.28
Delhi,New Delhi,Azadpur,Onion,Red,2024-05-13,2706,3579,3061,190.62
Delhi,New Delhi,Azadpur,Onion,Red,2024-05-14,2548,3313,2953,183.13
Delhi,New Delhi,Azadpur,Onion,Red,2024-05-15,2930,3763,3220,175.0
Delhi,New Delhi,Azadpur,Onion,Red,2024-05-16,2790,3744,3259,166.07
Delhi,New Delhi,Azadpur,Onion,Red,2024-05-17,2702,3353,3020,202.19
Delhi,New Delhi,Azadpur,Onion,Red,2024-05-18,2596,3382,2992,172.57
Delhi,New Delhi,Azadpur,Onion,Red,2024-05-19,2648,3436,3088,165.37
Delhi,New Delhi,Azadpur,Onion,Red,2024-05-20,2917,3615,3265,195.41
Delhi,New Delhi,Azadpur,Onion,Red,2024-05-21,2783,3423,3171,181.59
Delhi,New Delhi,Azadpur,Onion,Red,2024-05-22,2559,3135,2884,184.4
Delhi,New Delhi,Azadpur,Onion,Red,2024-05-23,2489,2938,2738,197.87
Delhi,New Delhi,Azadpur,Onion,Red,2024-05-24,2345,3215,2758,202.52
Delhi,New Delhi,Azadpur,Onion,Red,2024-05-25,2555,3217,2829,198.77
Delhi,New Delhi,Azadpur,Onion,Red,2024-05-26,2442,2909,2652,194.88
Delhi,New Delhi,Azadpur,Onion,Red,2024-05-27,2348,3015,2575,198.86
Delhi,New Delhi,Azadpur,Onion,Red,2024-05-28,2729,3369,2938,193.86
Delhi,New Delhi,Azadpur,Onion,Red,2024-05-29,2679,3383,2910,191.91
Delhi,New Delhi,Azadpur,Onion,Red,2024-05-30,2416,3043,2841,203.57
Delhi,New Delhi,Azadpur,Onion,Red,2024-05-31,2162,2718,2440,248.57
Delhi,New Delhi,Azadpur,Onion,Red,2024-06-01,2526,3216,2750,210.09
Delhi,New Delhi,Azadpur,Onion,Red,2024-06-02,2206,2780,2422,226.66
Delhi,New Delhi,Azadpur,Onion,Red,2024-06-03,2247,2797,2579,208.75
Delhi,New Delhi,Azadpur,Onion,Red,2024-06-04,2299,2999,2552,202.18
Delhi,New Delhi,Azadpur,Onion,Red,2024-06-05,2539,3199,2782,200.91
Delhi,New Delhi,Azadpur,Onion,Red,2024-06-06,2195,2798,2392,217.12
Delhi,New Delhi,Azadpur,Onion,Red,2024-06-07,2392,2884,2619,209.66
Delhi,New Delhi,Azadpur,Onion,Red,2024-06-08,2735,3347,2963,188.42
Delhi,New Delhi,Azadpur,Onion,Red,2024-06-09,2148,2844,2457,224.28
Delhi,New Delhi,Azadpur,Onion,Red,2024-06-10,2008,2627,2341,232.16
Delhi,New Delhi,Azadpur,Onion,Red,2024-06-11,2590,3168,2918,181.3
Delhi,New Delhi,Azadpur,Onion,Red,2024-06-12,2330,3095,2701,203.89
Delhi,New Delhi,Azadpur,Onion,Red,2024-06-13,2392,3257,2775,206.62
Delhi,New Delhi,Azadpur,Onion,Red,2024-06-14,2333,3088,2682,210.55
Delhi,New Delhi,Azadpur,Onion,Red,2024-06-15,2120,2750,2407,248.7
Delhi,New Delhi,Azadpur,Onion,Red,2024-06-16,2269,2901,2659,200.38
Delhi,New Delhi,Azadpur,Onion,Red,2024-06-17,2117,2660,2282,245.29
Delhi,New Delhi,Azadpur,Onion,Red,2024-06-18,2408,2873,2615,217.1
Delhi,New Delhi,Azadpur,Onion,Red,2024-06-19,2073,2655,2347,240.52
Delhi,New Delhi,Azadpur,Onion,Red,2024-06-20,2212,2909,2518,195.34
Delhi,New Delhi,Azadpur,Onion,Red,2024-06-21,1866,2466,2165,264.47
Delhi,New Delhi,Azadpur,Onion,Red,2024-06-22,1875,2361,2140,254.2
Delhi,New Delhi,Azadpur,Onion,Red,2024-06-23,2274,2829,2496,205.86
Delhi,New Delhi,Azadpur,Onion,Red,2024-06-24,1976,2539,2233,248.26
Delhi,New Delhi,Azadpur,Onion,Red,2024-06-25,2257,2837,2485,237.39
Delhi,New Delhi,Azadpur,Onion,Red,2024-06-26,2102,2730,2315,228.84
Delhi,New Delhi,Azadpur,Onion,Red,2024-06-27,2166,2833,2431,243.24
Delhi,New Delhi,Azadpur,Onion,Red,2024-06-28,1919,2426,2113,263.16
Delhi,New Delhi,Azadpur,Onion,Red,2024-06-29,1933,2362,2142,261.5
Delhi,New Delhi,Azadpur,Onion,Red,2024-06-30,2005,2443,2216,259.97
Delhi,New Delhi,Azadpur,Onion,Red,2024-07-01,2014,2565,2180,240.57
Delhi,New Delhi,Azadpur,Onion,Red,2024-07-02,1996,2657,2273,233.12
Delhi,New Delhi,Azadpur,Onion,Red,2024-07-03,1696,2072,1858,281.28
Delhi,New Delhi,Azadpur,Onion,Red,2024-07-04,2109,2667,2273,266.33
Delhi,New Delhi,Azadpur,Onion,Red,2024-07-05,2181,2782,2380,223.07
Delhi,New Delhi,Azadpur,Onion,Red,2024-07-06,1803,2302,2059,260.95
Delhi,New Delhi,Azadpur,Onion,Red,2024-07-07,2006,2498,2221,228.35
Delhi,New Delhi,Azadpur,Onion,Red,2024-07-08,1769,2256,1923,288.93
Delhi,New Delhi,Azadpur,Onion,Red,2024-07-09,1885,2537,2191,255.23
Delhi,New Delhi,Azadpur,Onion,Red,2024-07-10,1740,2254,1987,262.4
Delhi,New Delhi,Azadpur,Onion,Red,2024-07-11,1908,2527,2170,232.4
Delhi,New Delhi,Azadpur,Onion,Red,2024-07-12,1571,2083,1791,315.78
Delhi,New Delhi,Azadpur,Onion,Red,2024-07-13,1892,2325,2098,227.88
Delhi,New Delhi,Azadpur,Onion,Red,2024-07-14,1802,2288,2078,236.74
Delhi,New Delhi,Azadpur,Onion,Red,2024-07-15,1640,2202,1873,288.09
Delhi,New Delhi,Azadpur,Onion,Red,2024-07-16,1844,2337,2160,261.0
Delhi,New Delhi,Azadpur,Onion,Red,2024-07-17,1728,2226,1997,292.89
Delhi,New Delhi,Azadpur,Onion,Red,2024-07-18,1801,2393,2107,263.07
Delhi,New Delhi,Azadpur,Onion,Red,2024-07-19,1626,2069,1793,319.45
Delhi,New Delhi,Azadpur,Onion,Red,2024-07-20,1857,2176,2013,281.76
Delhi,New Delhi,Azadpur,Onion,Red,2024-07-21,1776,2197,2041,266.85
Delhi,New Delhi,Azadpur,Onion,Red,2024-07-22,1726,2296,2007,268.44
Delhi,New Delhi,Azadpur,Onion,Red,2024-07-23,1593,2023,1736,313.28
Delhi,New Delhi,Azadpur,Onion,Red,2024-07-24,1517,1855,1701,335.31
Delhi,New Delhi,Azadpur,Onion,Red,2024-07-25,1676,1992,1844,271.1
Delhi,New Delhi,Azadpur,Onion,Red,2024-07-26,1663,2207,1881,289.33
Delhi,New Delhi,Azadpur,Onion,Red,2024-07-27,1573,2085,1802,308.99
Delhi,New Delhi,Azadpur,Onion,Red,2024-07-28,1697,2078,1859,285.82
Delhi,New Delhi,Azadpur,Onion,Red,2024-07-29,1657,1977,1824,284.57
Delhi,New Delhi,Azadpur,Onion,Red,2024-07-30,1426,1869,1620,328.63
Delhi,New Delhi,Azadpur,Onion,Red,2024-07-31,1631,2082,1918,305.59
Delhi,New Delhi,Azadpur,Onion,Red,2024-08-01,1405,1818,1630,324.07
Delhi,New Delhi,Azadpur,Onion,Red,2024-08-02,1610,1998,1763,308.88
Delhi,New Delhi,Azadpur,Onion,Red,2024-08-03,1669,2066,1869,301.61
Delhi,New Delhi,Azadpur,Onion,Red,2024-08-04,1906,2533,2161,209.35
Delhi,New Delhi,Azadpur,Onion,Red,2024-08-05,1371,1752,1529,371.73
Delhi,New Delhi,Azadpur,Onion,Red,2024-08-06,1522,1868,1650,319.18
Delhi,New Delhi,Azadpur,Onion,Red,2024-08-07,1463,1855,1641,330.81
Delhi,New Delhi,Azadpur,Onion,Red,2024-08-08,1615,2050,1888,269.41
Delhi,New Delhi,Azadpur,Onion,Red,2024-08-09,1450,1710,1575,350.33
Delhi,New Delhi,Azadpur,Onion,Red,2024-08-10,1341,1755,1521,385.61
Delhi,New Delhi,Azadpur,Onion,Red,2024-08-11,1892,2412,2125,258.76
Delhi,New Delhi,Azadpur,Onion,Red,2024-08-12,1548,1991,1721,340.58
Delhi,New Delhi,Azadpur,Onion,Red,2024-08-13,1477,1779,1648,341.45
Delhi,New Delhi,Azadpur,Onion,Red,2024-08-14,1361,1672,1484,343.91
Delhi,New Delhi,Azadpur,Onion,Red,2024-08-15,1576,1949,1816,301.63
Delhi,New Delhi,Azadpur,Onion,Red,2024-08-16,1727,2183,1948,273.8
Delhi,New Delhi,Azadpur,Onion,Red,2024-08-17,1330,1588,1461,388.7
Delhi,New Delhi,Azadpur,Onion,Red,2024-08-18,1901,2401,2075,248.56
Delhi,New Delhi,Azadpur,Onion,Red,2024-08-19,1254,1596,1459,397.28
Delhi,New Delhi,Azadpur,Onion,Red,2024-08-20,1812,2279,1998,283.12
Delhi,New Delhi,Azadpur,Onion,Red,2024-08-21,1331,1682,1540,375.89
Delhi,New Delhi,Azadpur,Onion,Red,2024-08-22,1441,1871,1601,334.2
Delhi,New Delhi,Azadpur,Onion,Red,2024-08-23,1346,1707,1564,361.78
Delhi,New Delhi,Azadpur,Onion,Red,2024-08-24,1429,1922,1653,339.68
Delhi,New Delhi,Azadpur,Onion,Red,2024-08-25,1685,2154,1935,280.9
Delhi,New Delhi,Azadpur,Onion,Red,2024-08-26,1616,1991,1757,313.22
Delhi,New Delhi,Azadpur,Onion,Red,2024-08-27,1454,1781,1567,330.37
Delhi,New Delhi,Azadpur,Onion,Red,2024-08-28,1432,1792,1604,365.0
Delhi,New Delhi,Azadpur,Onion,Red,2024-08-29,1584,1998,1779,316.01
Delhi,New Delhi,Azadpur,Onion,Red,2024-08-30,1370,1636,1481,363.76
Delhi,New Delhi,Azadpur,Onion,Red,2024-08-31,1606,2062,1758,326.25
Delhi,New Delhi,Azadpur,Onion,Red,2024-09-01,1675,2210,1940,287.3
Delhi,New Delhi,Azadpur,Onion,Red,2024-09-02,1349,1715,1484,384.05
Delhi,New Delhi,Azadpur,Onion,Red,2024-09-03,1426,1740,1577,362.42
Delhi,New Delhi,Azadpur,Onion,Red,2024-09-04,1456,1810,1622,364.35
Delhi,New Delhi,Azadpur,Onion,Red,2024-09-05,1378,1832,1610,335.92
Delhi,New Delhi,Azadpur,Onion,Red,2024-09-06,1511,1807,1662,319.86
Delhi,New Delhi,Azadpur,Onion,Red,2024-09-07,1349,1675,1530,347.95
Delhi,New Delhi,Azadpur,Onion,Red,2024-09-08,1843,2212,2050,255.6
Delhi,New Delhi,Azadpur,Onion,Red,2024-09-09,1460,1740,1579,381.74
Delhi,New Delhi,Azadpur,Onion,Red,2024-09-10,1606,2164,1851,311.01
Delhi,New Delhi,Azadpur,Onion,Red,2024-09-11,1754,2236,2036,268.64
Delhi,New Delhi,Azadpur,Onion,Red,2024-09-12,1267,1582,1424,398.56
Delhi,New Delhi,Azadpur,Onion,Red,2024-09-13,1430,1920,1682,360.59
Delhi,New Delhi,Azadpur,Onion,Red,2024-09-14,1219,1555,1421,373.53
Delhi,New Delhi,Azadpur,Onion,Red,2024-09-15,1542,1932,1791,305.88
Delhi,New Delhi,Azadpur,Onion,Red,2024-09-16,1319,1646,1482,376.48
Delhi,New Delhi,Azadpur,Onion,Red,2024-09-17,1462,1895,1649,348.78
Delhi,New Delhi,Azadpur,Onion,Red,2024-09-18,1794,2216,1987,272.06
Delhi,New Delhi,Azadpur,Onion,Red,2024-09-19,1672,2166,1852,297.04
Delhi,New Delhi,Azadpur,Onion,Red,2024-09-20,1629,1951,1765,291.72
Delhi,New Delhi,Azadpur,Onion,Red,2024-09-21,1512,2060,1766,324.97
Delhi,New Delhi,Azadpur,Onion,Red,2024-09-22,1866,2175,2010,260.46
Delhi,New Delhi,Azadpur,Onion,Red,2024-09-23,1400,1667,1539,355.02
Delhi,New Delhi,Azadpur,Onion,Red,2024-09-24,1520,1982,1700,314.3
Delhi,New Delhi,Azadpur,Onion,Red,2024-09-25,1534,1984,1714,321.15
Delhi,New Delhi,Azadpur,Onion,Red,2024-09-26,1740,2190,1939,272.37
Delhi,New Delhi,Azadpur,Onion,Red,2024-09-27,1598,1889,1723,301.48
Delhi,New Delhi,Azadpur,Onion,Red,2024-09-28,1629,2125,1895,303.37
Delhi,New Delhi,Azadpur,Onion,Red,2024-09-29,1847,2207,2010,282.6
Delhi,New Delhi,Azadpur,Onion,Red,2024-09-30,1878,2284,2033,274.14
Delhi,New Delhi,Azadpur,Onion,Red,2024-10-01,1512,1941,1763,297.65
Delhi,New Delhi,Azadpur,Onion,Red,2024-10-02,1659,1941,1786,335.41
Delhi,New Delhi,Azadpur,Onion,Red,2024-10-03,1958,2632,2291,234.76
Delhi,New Delhi,Azadpur,Onion,Red,2024-10-04,1904,2347,2129,277.92
Delhi,New Delhi,Azadpur,Onion,Red,2024-10-05,1504,2000,1745,341.56
Delhi,New Delhi,Azadpur,Onion,Red,2024-10-06,1910,2383,2086,259.33
Delhi,New Delhi,Azadpur,Onion,Red,2024-10-07,1544,2007,1751,341.69
Delhi,New Delhi,Azadpur,Onion,Red,2024-10-08,1872,2371,2018,298.21
Delhi,New Delhi,Azadpur,Onion,Red,2024-10-09,1988,2506,2225,242.14
Delhi,New Delhi,Azadpur,Onion,Red,2024-10-10,1895,2375,2055,258.15
Delhi,New Delhi,Azadpur,Onion,Red,2024-10-11,1729,2156,1968,286.1
Delhi,New Delhi,Azadpur,Onion,Red,2024-10-12,1931,2485,2196,224.13
Delhi,New Delhi,Azadpur,Onion,Red,2024-10-13,1674,2280,1952,274.28
Delhi,New Delhi,Azadpur,Onion,Red,2024-10-14,1827,2252,2102,281.53
Delhi,New Delhi,Azadpur,Onion,Red,2024-10-15,1815,2513,2131,254.4
Delhi,New Delhi,Azadpur,Onion,Red,2024-10-16,1927,2524,2235,233.02
Delhi,New Delhi,Azadpur,Onion,Red,2024-10-17,1947,2344,2171,251.39
Delhi,New Delhi,Azadpur,Onion,Red,2024-10-18,2034,2578,2202,267.4
Delhi,New Delhi,Azadpur,Onion,Red,2024-10-19,1758,2120,1929,283.98
Delhi,New Delhi,Azadpur,Onion,Red,2024-10-20,2270,2736,2487,228.77
Delhi,New Delhi,Azadpur,Onion,Red,2024-10-21,1715,2098,1928,259.24
Delhi,New Delhi,Azadpur,Onion,Red,2024-10-22,2107,2739,2361,188.31
Delhi,New Delhi,Azadpur,Onion,Red,2024-10-23,1815,2327,2010,275.15
Delhi,New Delhi,Azadpur,Onion,Red,2024-10-24,2129,2736,2470,202.18
Delhi,New Delhi,Azadpur,Onion,Red,2024-10-25,2379,3046,2591,221.86
Delhi,New Delhi,Azadpur,Onion,Red,2024-10-26,2470,3015,2797,189.63
Delhi,New Delhi,Azadpur,Onion,Red,2024-10-27,2492,3183,2725,196.34
Delhi,New Delhi,Azadpur,Onion,Red,2024-10-28,1995,2538,2324,226.87
Delhi,New Delhi,Azadpur,Onion,Red,2024-10-29,2174,2571,2387,244.57
Delhi,New Delhi,Azadpur,Onion,Red,2024-10-30,2323,2985,2699,191.17
Delhi,New Delhi,Azadpur,Onion,Red,2024-10-31,2282,2856,2460,215.5
Delhi,New Delhi,Azadpur,Onion,Red,2024-11-01,2220,2776,2490,237.44
Delhi,New Delhi,Azadpur,Onion,Red,2024-11-02,2047,2812,2395,236.55
Delhi,New Delhi,Azadpur,Onion,Red,2024-11-03,2259,2893,2494,238.47
Delhi,New Delhi,Azadpur,Onion,Red,2024-11-04,2372,2847,2594,200.84
Delhi,New Delhi,Azadpur,Onion,Red,2024-11-05,2217,2643,2408,250.09
Delhi,New Delhi,Azadpur,Onion,Red,2024-11-06,2671,3274,2903,178.87
Delhi,New Delhi,Azadpur,Onion,Red,2024-11-07,2393,2950,2735,196.18
Delhi,New Delhi,Azadpur,Onion,Red,2024-11-08,2420,3221,2839,189.54
Delhi,New Delhi,Azadpur,Onion,Red,2024-11-09,2390,3014,2738,203.21
Delhi,New Delhi,Azadpur,Onion,Red,2024-11-10,2240,2810,2464,210.74
Delhi,New Delhi,Azadpur,Onion,Red,2024-11-11,2521,3049,2729,209.86
Delhi,New Delhi,Azadpur,Onion,Red,2024-11-12,2503,3070,2735,228.16
Delhi,New Delhi,Azadpur,Onion,Red,2024-11-13,2441,3118,2854,203.74
Delhi,New Delhi,Azadpur,Onion,Red,2024-11-14,2049,2667,2401,243.01
Delhi,New Delhi,Azadpur,Onion,Red,2024-11-15,2168,2826,2510,219.04
Delhi,New Delhi,Azadpur,Onion,Red,2024-11-16,2273,2962,2534,224.35
Delhi,New Delhi,Azadpur,Onion,Red,2024-11-17,2902,3392,3140,173.86
Delhi,New Delhi,Azadpur,Onion,Red,2024-11-18,2479,3087,2764,185.23
Delhi,New Delhi,Azadpur,Onion,Red,2024-11-19,2578,3567,3032,160.51
Delhi,New Delhi,Azadpur,Onion,Red,2024-11-20,2485,3172,2894,188.55
Delhi,New Delhi,Azadpur,Onion,Red,2024-11-21,2596,3471,2953,198.52
Delhi,New Delhi,Azadpur,Onion,Red,2024-11-22,2586,3396,2887,204.56
Delhi,New Delhi,Azadpur,Onion,Red,2024-11-23,2689,3232,2930,192.89
Delhi,New Delhi,Azadpur,Onion,Red,2024-11-24,2540,3348,2931,181.48
Delhi,New Delhi,Azadpur,Onion,Red,2024-11-25,2357,2969,2672,206.78
Delhi,New Delhi,Azadpur,Onion,Red,2024-11-26,2745,3578,3129,172.7
Delhi,New Delhi,Azadpur,Onion,Red,2024-11-27,2724,3321,3012,188.6
Delhi,New Delhi,Azadpur,Onion,Red,2024-11-28,2909,3510,3134,151.36
Delhi,New Delhi,Azadpur,Onion,Red,2024-11-29,2682,3353,2975,162.68
Delhi,New Delhi,Azadpur,Onion,Red,2024-11-30,2727,3273,3032,204.94
Delhi,New Delhi,Azadpur,Onion,Red,2024-12-01,3129,3759,3395,161.88
Delhi,New Delhi,Azadpur,Onion,Red,2024-12-02,2985,3665,3403,166.13
Delhi,New Delhi,Azadpur,Onion,Red,2024-12-03,3044,3867,3579,155.7
Delhi,New Delhi,Azadpur,Onion,Red,2024-12-04,2758,3404,3088,160.93
Delhi,New Delhi,Azadpur,Onion,Red,2024-12-05,2857,3729,3316,159.91
Delhi,New Delhi,Azadpur,Onion,Red,2024-12-06,2952,3635,3253,176.3
Delhi,New Delhi,Azadpur,Onion,Red,2024-12-07,2763,3647,3115,180.82
Delhi,New Delhi,Azadpur,Onion,Red,2024-12-08,3010,3934,3394,140.62
Delhi,New Delhi,Azadpur,Onion,Red,2024-12-09,2933,3596,3336,174.96
Delhi,New Delhi,Azadpur,Onion,Red,2024-12-10,3208,4164,3540,138.61
Delhi,New Delhi,Azadpur,Onion,Red,2024-12-11,3298,4013,3693,137.76
Delhi,New Delhi,Azadpur,Onion,Red,2024-12-12,3452,4139,3728,118.87
Delhi,New Delhi,Azadpur,Onion,Red,2024-12-13,2948,3700,3391,167.92
Delhi,New Delhi,Azadpur,Onion,Red,2024-12-14,2881,3784,3382,145.68
Delhi,New Delhi,Azadpur,Onion,Red,2024-12-15,3108,3856,3501,161.91
Delhi,New Delhi,Azadpur,Onion,Red,2024-12-16,3370,4392,3782,129.13
Delhi,New Delhi,Azadpur,Onion,Red,2024-12-17,3080,3804,3372,143.3
Delhi,New Delhi,Azadpur,Onion,Red,2024-12-18,3120,4035,3428,159.23
Delhi,New Delhi,Azadpur,Onion,Red,2024-12-19,3280,4031,3680,154.57
Delhi,New Delhi,Azadpur,Onion,Red,2024-12-20,3426,4459,3783,144.83
Delhi,New Delhi,Azadpur,Onion,Red,2024-12-21,2708,3482,3102,183.13
Delhi,New Delhi,Azadpur,Onion,Red,2024-12-22,2992,3794,3448,174.14
Delhi,New Delhi,Azadpur,Onion,Red,2024-12-23,3025,4068,3540,145.7
Delhi,New Delhi,Azadpur,Onion,Red,2024-12-24,3054,4023,3418,153.24
Delhi,New Delhi,Azadpur,Onion,Red,2024-12-25,3304,4169,3622,180.91
Delhi,New Delhi,Azadpur,Onion,Red,2024-12-26,3333,4002,3628,154.9
Delhi,New Delhi,Azadpur,Onion,Red,2024-12-27,3380,4301,3657,153.73
Delhi,New Delhi,Azadpur,Onion,Red,2024-12-28,3308,4207,3721,147.54
Delhi,New Delhi,Azadpur,Onion,Red,2024-12-29,3280,4055,3752,157.0
Delhi,New Delhi,Azadpur,Onion,Red,2024-12-30,3050,4090,3503,164.38
Delhi,New Delhi,Azadpur,Onion,Red,2024-12-31,3412,4171,3869,114.28
Delhi,New Delhi,Azadpur,Onion,Red,2025-01-01,3279,3934,3558,128.35
Delhi,New Delhi,Azadpur,Onion,Red,2025-01-02,3626,4609,3981,129.95
Delhi,New Delhi,Azadpur,Onion,Red,2025-01-03,3553,4390,3989,132.63
Delhi,New Delhi,Azadpur,Onion,Red,2025-01-04,3135,3968,3639,140.29
Delhi,New Delhi,Azadpur,Onion,Red,2025-01-05,3666,4358,3997,148.15
Delhi,New Delhi,Azadpur,Onion,Red,2025-01-06,3245,4119,3794,159.0
Delhi,New Delhi,Azadpur,Onion,Red,2025-01-07,3349,4121,3828,142.49
Delhi,New Delhi,Azadpur,Onion,Red,2025-01-08,3483,4106,3747,133.55
Delhi,New Delhi,Azadpur,Onion,Red,2025-01-09,3694,4474,4021,120.53
Delhi,New Delhi,Azadpur,Onion,Red,2025-01-10,3334,4260,3851,155.25
Delhi,New Delhi,Azadpur,Onion,Red,2025-01-11,3310,4014,3662,169.88
Delhi,New Delhi,Azadpur,Onion,Red,2025-01-12,3481,4443,3927,159.82
Delhi,New Delhi,Azadpur,Onion,Red,2025-01-13,3418,4285,3728,159.13
Delhi,New Delhi,Azadpur,Onion,Red,2025-01-14,3345,4377,3878,171.64
Delhi,New Delhi,Azadpur,Onion,Red,2025-01-15,3483,4535,3946,121.33
Delhi,New Delhi,Azadpur,Onion,Red,2025-01-16,3578,4569,4084,127.61
Delhi,New Delhi,Azadpur,Onion,Red,2025-01-17,3600,4579,4116,153.11
Delhi,New Delhi,Azadpur,Onion,Red,2025-01-18,3650,4788,4164,107.39
Delhi,New Delhi,Azadpur,Onion,Red,2025-01-19,3511,4392,4013,140.78
Delhi,New Delhi,Azadpur,Onion,Red,2025-01-20,3622,4689,4067,98.8
Delhi,New Delhi,Azadpur,Onion,Red,2025-01-21,3492,4471,3859,127.27
Delhi,New Delhi,Azadpur,Onion,Red,2025-01-22,3972,4980,4314,117.25
Delhi,New Delhi,Azadpur,Onion,Red,2025-01-23,3837,4962,4213,147.46
Delhi,New Delhi,Azadpur,Onion,Red,2025-01-24,3540,4292,3992,136.06
Delhi,New Delhi,Azadpur,Onion,Red,2025-01-25,3707,4854,4238,104.97
Delhi,New Delhi,Azadpur,Onion,Red,2025-01-26,3903,4566,4233,148.59
Delhi,New Delhi,Azadpur,Onion,Red,2025-01-27,3634,4577,4150,137.62
Delhi,New Delhi,Azadpur,Onion,Red,2025-01-28,3952,4770,4312,118.71
Delhi,New Delhi,Azadpur,Onion,Red,2025-01-29,3545,4712,3994,141.75
Delhi,New Delhi,Azadpur,Onion,Red,2025-01-30,3484,4705,4092,125.71
Delhi,New Delhi,Azadpur,Onion,Red,2025-01-31,3662,4423,4010,144.4
Delhi,New Delhi,Azadpur,Onion,Red,2025-02-01,3566,4572,4160,116.33
Delhi,New Delhi,Azadpur,Onion,Red,2025-02-02,4131,5060,4523,116.07
Delhi,New Delhi,Azadpur,Onion,Red,2025-02-03,3728,4886,4249,154.38
Delhi,New Delhi,Azadpur,Onion,Red,2025-02-04,3946,5024,4387,148.25
Delhi,New Delhi,Azadpur,Onion,Red,2025-02-05,3790,5126,4392,120.69
Delhi,New Delhi,Azadpur,Onion,Red,2025-02-06,3684,4559,4102,128.8
Delhi,New Delhi,Azadpur,Onion,Red,2025-02-07,3796,4638,4201,150.29
Delhi,New Delhi,Azadpur,Onion,Red,2025-02-08,3750,4767,4173,112.53
Delhi,New Delhi,Azadpur,Onion,Red,2025-02-09,4025,5213,4446,124.22
Delhi,New Delhi,Azadpur,Onion,Red,2025-02-10,3646,4606,4087,128.39
Delhi,New Delhi,Azadpur,Onion,Red,2025-02-11,4204,5287,4532,128.53
Delhi,New Delhi,Azadpur,Onion,Red,2025-02-12,3677,4602,4224,118.24
Delhi,New Delhi,Azadpur,Onion,Red,2025-02-13,4028,5328,4640,145.63
Delhi,New Delhi,Azadpur,Onion,Red,2025-02-14,3956,4917,4437,120.38
Delhi,New Delhi,Azadpur,Onion,Red,2025-02-15,3565,4819,4155,120.25
Delhi,New Delhi,Azadpur,Onion,Red,2025-02-16,3762,5094,4407,117.33
Delhi,New Delhi,Azadpur,Onion,Red,2025-02-17,3804,4735,4246,128.3
Delhi,New Delhi,Azadpur,Onion,Red,2025-02-18,3786,4877,4143,118.47
Delhi,New Delhi,Azadpur,Onion,Red,2025-02-19,3628,4907,4254,127.67
Delhi,New Delhi,Azadpur,Onion,Red,2025-02-20,4123,5325,4552,124.87
Delhi,New Delhi,Azadpur,Onion,Red,2025-02-21,3865,4804,4352,131.02
Delhi,New Delhi,Azadpur,Onion,Red,2025-02-22,4051,4915,4507,181.17
Delhi,New Delhi,Azadpur,Onion,Red,2025-02-23,3933,4793,4372,156.52
Delhi,New Delhi,Azadpur,Onion,Red,2025-02-24,3713,4535,4036,131.5
Delhi,New Delhi,Azadpur,Onion,Red,2025-02-25,3848,4674,4141,142.77
Delhi,New Delhi,Azadpur,Onion,Red,2025-02-26,3904,5194,4477,103.61
Delhi,New Delhi,Azadpur,Onion,Red,2025-02-27,3850,4986,4499,127.27
Delhi,New Delhi,Azadpur,Onion,Red,2025-02-28,3855,4940,4454,142.4
Delhi,New Delhi,Azadpur,Onion,Red,2025-03-01,3889,4893,4432,102.37
Delhi,New Delhi,Azadpur,Onion,Red,2025-03-02,3807,5172,4398,105.01
Delhi,New Delhi,Azadpur,Onion,Red,2025-03-03,3426,4497,3945,122.39
Delhi,New Delhi,Azadpur,Onion,Red,2025-03-04,3637,4984,4256,158.43
Delhi,New Delhi,Azadpur,Onion,Red,2025-03-05,3868,4816,4302,132.99
Delhi,New Delhi,Azadpur,Onion,Red,2025-03-06,3739,4893,4218,126.97
Delhi,New Delhi,Azadpur,Onion,Red,2025-03-07,3969,4717,4312,123.33
Delhi,New Delhi,Azadpur,Onion,Red,2025-03-08,3823,4792,4392,115.58
Delhi,New Delhi,Azadpur,Onion,Red,2025-03-09,3877,4797,4215,106.63
Delhi,New Delhi,Azadpur,Onion,Red,2025-03-10,4063,4748,4386,89.67
Delhi,New Delhi,Azadpur,Onion,Red,2025-03-11,3627,4850,4247,112.97
Delhi,New Delhi,Azadpur,Onion,Red,2025-03-12,3873,4858,4380,125.28
Delhi,New Delhi,Azadpur,Onion,Red,2025-03-13,3765,4759,4278,129.92
Delhi,New Delhi,Azadpur,Onion,Red,2025-03-14,3789,4708,4281,107.42
Delhi,New Delhi,Azadpur,Onion,Red,2025-03-15,3728,4505,4185,118.25
Delhi,New Delhi,Azadpur,Onion,Red,2025-03-16,3884,4619,4290,129.27
Delhi,New Delhi,Azadpur,Onion,Red,2025-03-17,3921,5001,4347,139.11
Delhi,New Delhi,Azadpur,Onion,Red,2025-03-18,3688,4744,4284,121.88
Delhi,New Delhi,Azadpur,Onion,Red,2025-03-19,3930,4576,4238,140.24
Delhi,New Delhi,Azadpur,Onion,Red,2025-03-20,3700,4432,4109,133.29
Delhi,New Delhi,Azadpur,Onion,Red,2025-03-21,3758,4494,4130,122.08
Delhi,New Delhi,Azadpur,Onion,Red,2025-03-22,3895,4541,4196,124.65
Delhi,New Delhi,Azadpur,Onion,Red,2025-03-23,3846,5051,4396,118.9
Delhi,New Delhi,Azadpur,Onion,Red,2025-03-24,3583,4605,4113,112.65
Delhi,New Delhi,Azadpur,Onion,Red,2025-03-25,3839,5048,4307,139.2
Delhi,New Delhi,Azadpur,Onion,Red,2025-03-26,3622,4586,4029,124.51
Delhi,New Delhi,Azadpur,Onion,Red,2025-03-27,3682,4821,4184,123.72
Delhi,New Delhi,Azadpur,Onion,Red,2025-03-28,3563,4778,4191,151.51
Delhi,New Delhi,Azadpur,Onion,Red,2025-03-29,3552,4710,4004,149.8
Delhi,New Delhi,Azadpur,Onion,Red,2025-03-30,3569,4658,4117,122.73
Delhi,New Delhi,Azadpur,Onion,Red,2025-03-31,3576,4664,4090,142.59
Delhi,New Delhi,Azadpur,Onion,Red,2025-04-01,3731,4929,4324,152.63
Delhi,New Delhi,Azadpur,Onion,Red,2025-04-02,3608,4762,4040,135.42
Delhi,New Delhi,Azadpur,Onion,Red,2025-04-03,3541,4750,4128,131.88
Delhi,New Delhi,Azadpur,Onion,Red,2025-04-04,3594,4556,4013,128.41
Delhi,New Delhi,Azadpur,Onion,Red,2025-04-05,3722,4853,4147,152.51
Delhi,New Delhi,Azadpur,Onion,Red,2025-04-06,3403,4392,3943,135.56
Delhi,New Delhi,Azadpur,Onion,Red,2025-04-07,3223,4238,3733,154.73
Delhi,New Delhi,Azadpur,Onion,Red,2025-04-08,3487,4205,3891,158.77
Delhi,New Delhi,Azadpur,Onion,Red,2025-04-09,3689,4673,3968,146.2
Delhi,New Delhi,Azadpur,Onion,Red,2025-04-10,3542,4446,3843,144.47
Delhi,New Delhi,Azadpur,Onion,Red,2025-04-11,3551,4488,3982,143.29
Delhi,New Delhi,Azadpur,Onion,Red,2025-04-12,3467,4513,3849,108.12
Delhi,New Delhi,Azadpur,Onion,Red,2025-04-13,3919,4806,4264,133.26
Delhi,New Delhi,Azadpur,Onion,Red,2025-04-14,3615,4404,4082,113.94
Delhi,New Delhi,Azadpur,Onion,Red,2025-04-15,3599,4478,3923,136.81
Delhi,New Delhi,Azadpur,Onion,Red,2025-04-16,3691,4508,4174,140.45
Delhi,New Delhi,Azadpur,Onion,Red,2025-04-17,3487,4357,3861,150.17
Delhi,New Delhi,Azadpur,Onion,Red,2025-04-18,3510,4351,3780,151.27
Delhi,New Delhi,Azadpur,Onion,Red,2025-04-19,3630,4785,4228,121.31
Delhi,New Delhi,Azadpur,Onion,Red,2025-04-20,3564,4648,3986,126.28
Delhi,New Delhi,Azadpur,Onion,Red,2025-04-21,3316,4079,3600,165.39
Delhi,New Delhi,Azadpur,Onion,Red,2025-04-22,3304,4217,3597,158.44
Delhi,New Delhi,Azadpur,Onion,Red,2025-04-23,3464,4239,3896,134.82
Delhi,New Delhi,Azadpur,Onion,Red,2025-04-24,3451,4242,3953,156.02
Delhi,New Delhi,Azadpur,Onion,Red,2025-04-25,3161,3995,3661,130.99
Delhi,New Delhi,Azadpur,Onion,Red,2025-04-26,3450,4185,3787,143.66
Delhi,New Delhi,Azadpur,Onion,Red,2025-04-27,3429,4338,3868,148.72
Delhi,New Delhi,Azadpur,Onion,Red,2025-04-28,2985,3822,3388,155.13
Delhi,New Delhi,Azadpur,Onion,Red,2025-04-29,3444,4502,3919,142.9
Delhi,New Delhi,Azadpur,Onion,Red,2025-04-30,3277,4349,3720,149.13
Delhi,New Delhi,Azadpur,Onion,Red,2025-05-01,3334,3988,3695,165.38
Delhi,New Delhi,Azadpur,Onion,Red,2025-05-02,2906,3737,3286,177.91
Delhi,New Delhi,Azadpur,Onion,Red,2025-05-03,3309,4044,3562,167.61
Delhi,New Delhi,Azadpur,Onion,Red,2025-05-04,3305,3918,3643,144.55
Delhi,New Delhi,Azadpur,Onion,Red,2025-05-05,2912,3794,3292,166.08
Delhi,New Delhi,Azadpur,Onion,Red,2025-05-06,2882,3678,3312,163.79
Delhi,New Delhi,Azadpur,Onion,Red,2025-05-07,3162,3789,3519,145.64
Delhi,New Delhi,Azadpur,Onion,Red,2025-05-08,2825,3645,3222,144.58
Delhi,New Delhi,Azadpur,Onion,Red,2025-05-09,3009,3582,3293,140.02
Delhi,New Delhi,Azadpur,Onion,Red,2025-05-10,3018,3970,3452,195.21
Delhi,New Delhi,Azadpur,Onion,Red,2025-05-11,3040,3898,3365,204.05
Delhi,New Delhi,Azadpur,Onion,Red,2025-05-12,3086,3589,3354,168.09
Delhi,New Delhi,Azadpur,Onion,Red,2025-05-13,2681,3528,3126,178.3
Delhi,New Delhi,Azadpur,Onion,Red,2025-05-14,2946,3664,3260,191.44
Delhi,New Delhi,Azadpur,Onion,Red,2025-05-15,2677,3370,3040,173.09
Delhi,New Delhi,Azadpur,Onion,Red,2025-05-16,2717,3621,3169,178.29
Delhi,New Delhi,Azadpur,Onion,Red,2025-05-17,2515,3253,2917,210.72
Delhi,New Delhi,Azadpur,Onion,Red,2025-05-18,3134,3723,3458,162.12
Delhi,New Delhi,Azadpur,Onion,Red,2025-05-19,2627,3276,3001,194.67
Delhi,New Delhi,Azadpur,Onion,Red,2025-05-20,2990,3803,3326,183.42
Delhi,New Delhi,Azadpur,Onion,Red,2025-05-21,2832,3584,3144,151.82
Delhi,New Delhi,Azadpur,Onion,Red,2025-05-22,2794,3428,3065,193.26
Delhi,New Delhi,Azadpur,Onion,Red,2025-05-23,2842,3344,3069,208.89
Delhi,New Delhi,Azadpur,Onion,Red,2025-05-24,2818,3514,3262,195.57
Delhi,New Delhi,Azadpur,Onion,Red,2025-05-25,2753,3748,3183,178.87
Delhi,New Delhi,Azadpur,Onion,Red,2025-05-26,2582,3249,2878,203.76
Delhi,New Delhi,Azadpur,Onion,Red,2025-05-27,2883,3439,3146,185.69
Delhi,New Delhi,Azadpur,Onion,Red,2025-05-28,2550,3424,2981,186.24
Delhi,New Delhi,Azadpur,Onion,Red,2025-05-29,2781,3371,3032,175.77
Delhi,New Delhi,Azadpur,Onion,Red,2025-05-30,2715,3318,3029,186.78
Delhi,New Delhi,Azadpur,Onion,Red,2025-05-31,2720,3460,3066,173.41
Delhi,New Delhi,Azadpur,Onion,Red,2025-06-01,2917,3797,3236,180.65
Delhi,New Delhi,Azadpur,Onion,Red,2025-06-02,2687,3217,2975,197.9
Delhi,New Delhi,Azadpur,Onion,Red,2025-06-03,2483,3370,2882,174.43
Delhi,New Delhi,Azadpur,Onion,Red,2025-06-04,2751,3533,3009,174.32
Delhi,New Delhi,Azadpur,Onion,Red,2025-06-05,2388,2892,2622,201.68
Delhi,New Delhi,Azadpur,Onion,Red,2025-06-06,2624,3160,2872,212.24
Delhi,New Delhi,Azadpur,Onion,Red,2025-06-07,3048,3621,3294,172.31
Delhi,New Delhi,Azadpur,Onion,Red,2025-06-08,2782,3396,3096,188.05
Delhi,New Delhi,Azadpur,Onion,Red,2025-06-09,2527,3043,2783,193.73
Delhi,New Delhi,Azadpur,Onion,Red,2025-06-10,2244,2935,2601,243.46
Delhi,New Delhi,Azadpur,Onion,Red,2025-06-11,2356,3013,2655,202.98
Delhi,New Delhi,Azadpur,Onion,Red,2025-06-12,2350,2897,2699,195.71
Delhi,New Delhi,Azadpur,Onion,Red,2025-06-13,2461,3020,2780,190.01
Delhi,New Delhi,Azadpur,Onion,Red,2025-06-14,2401,2916,2627,200.48
Delhi,New Delhi,Azadpur,Onion,Red,2025-06-15,2462,2955,2753,182.77
Delhi,New Delhi,Azadpur,Onion,Red,2025-06-16,2011,2705,2364,257.05
Delhi,New Delhi,Azadpur,Onion,Red,2025-06-17,2419,3111,2757,220.94
Delhi,New Delhi,Azadpur,Onion,Red,2025-06-18,2553,3072,2847,180.23
Delhi,New Delhi,Azadpur,Onion,Red,2025-06-19,2463,3266,2800,212.23
Delhi,New Delhi,Azadpur,Onion,Red,2025-06-20,2305,2795,2499,225.28
Delhi,New Delhi,Azadpur,Onion,Red,2025-06-21,2377,2974,2670,214.86
Delhi,New Delhi,Azadpur,Onion,Red,2025-06-22,2303,2935,2645,210.46
Delhi,New Delhi,Azadpur,Onion,Red,2025-06-23,2193,2964,2519,213.0
Delhi,New Delhi,Azadpur,Onion,Red,2025-06-24,2229,3022,2568,204.11
Delhi,New Delhi,Azadpur,Onion,Red,2025-06-25,2332,3140,2688,219.63
Delhi,New Delhi,Azadpur,Onion,Red,2025-06-26,2386,2791,2575,219.48
Delhi,New Delhi,Azadpur,Onion,Red,2025-06-27,2159,2803,2455,239.68
Delhi,New Delhi,Azadpur,Onion,Red,2025-06-28,1976,2431,2223,235.71
Delhi,New Delhi,Azadpur,Onion,Red,2025-06-29,2409,3083,2627,209.04
Delhi,New Delhi,Azadpur,Onion,Red,2025-06-30,2032,2602,2221,264.53
Delhi,New Delhi,Azadpur,Onion,Red,2025-07-01,2050,2541,2365,237.7
Delhi,New Delhi,Azadpur,Onion,Red,2025-07-02,2230,2873,2514,216.93
Delhi,New Delhi,Azadpur,Onion,Red,2025-07-03,2276,3041,2635,194.11
Delhi,New Delhi,Azadpur,Onion,Red,2025-07-04,2121,2831,2473,215.23
Delhi,New Delhi,Azadpur,Onion,Red,2025-07-05,2139,2772,2425,216.97
Delhi,New Delhi,Azadpur,Onion,Red,2025-07-06,1940,2344,2181,266.45
Delhi,New Delhi,Azadpur,Onion,Red,2025-07-07,1955,2395,2133,238.16
Delhi,New Delhi,Azadpur,Onion,Red,2025-07-08,2086,2736,2385,234.08
Delhi,New Delhi,Azadpur,Onion,Red,2025-07-09,1889,2532,2150,261.75
Delhi,New Delhi,Azadpur,Onion,Red,2025-07-10,1910,2423,2166,250.22
Delhi,New Delhi,Azadpur,Onion,Red,2025-07-11,2021,2683,2306,242.16
Delhi,New Delhi,Azadpur,Onion,Red,2025-07-12,1796,2382,2038,269.97
Delhi,New Delhi,Azadpur,Onion,Red,2025-07-13,2118,2605,2423,211.9
Delhi,New Delhi,Azadpur,Onion,Red,2025-07-14,2011,2592,2278,244.55
Delhi,New Delhi,Azadpur,Onion,Red,2025-07-15,1845,2453,2132,260.66
Delhi,New Delhi,Azadpur,Onion,Red,2025-07-16,2112,2574,2374,231.87
Delhi,New Delhi,Azadpur,Onion,Red,2025-07-17,1810,2368,2030,312.68
Delhi,New Delhi,Azadpur,Onion,Red,2025-07-18,1817,2310,2050,282.56
Delhi,New Delhi,Azadpur,Onion,Red,2025-07-19,1949,2378,2161,254.93
Delhi,New Delhi,Azadpur,Onion,Red,2025-07-20,2309,2906,2562,223.03
Delhi,New Delhi,Azadpur,Onion,Red,2025-07-21,1574,2135,1841,270.89
Delhi,New Delhi,Azadpur,Onion,Red,2025-07-22,1832,2286,2124,255.23
Delhi,New Delhi,Azadpur,Onion,Red,2025-07-23,1644,1903,1777,308.34
Delhi,New Delhi,Azadpur,Onion,Red,2025-07-24,1859,2280,2111,258.31
Delhi,New Delhi,Azadpur,Onion,Red,2025-07-25,1709,2216,1976,249.4
Delhi,New Delhi,Azadpur,Onion,Red,2025-07-26,1825,2415,2077,241.39
Delhi,New Delhi,Azadpur,Onion,Red,2025-07-27,1816,2184,2018,276.96
Delhi,New Delhi,Azadpur,Onion,Red,2025-07-28,1534,2021,1776,301.33
Delhi,New Delhi,Azadpur,Onion,Red,2025-07-29,1605,1928,1727,322.19
Delhi,New Delhi,Azadpur,Onion,Red,2025-07-30,1774,2325,1980,278.64
Delhi,New Delhi,Azadpur,Onion,Red,2025-07-31,1411,1818,1585,320.78
Delhi,New Delhi,Azadpur,Onion,Red,2025-08-01,1759,2308,2064,261.29
Delhi,New Delhi,Azadpur,Onion,Red,2025-08-02,2010,2575,2305,242.41
Delhi,New Delhi,Azadpur,Onion,Red,2025-08-03,2157,2722,2365,230.11
Delhi,New Delhi,Azadpur,Onion,Red,2025-08-04,1518,1937,1754,323.66
Delhi,New Delhi,Azadpur,Onion,Red,2025-08-05,1884,2403,2065,263.97
Delhi,New Delhi,Azadpur,Onion,Red,2025-08-06,1720,2133,1971,255.7
Delhi,New Delhi,Azadpur,Onion,Red,2025-08-07,1555,1964,1721,326.02
Delhi,New Delhi,Azadpur,Onion,Red,2025-08-08,1638,2118,1795,310.79
Delhi,New Delhi,Azadpur,Onion,Red,2025-08-09,1732,2141,1918,296.08
Delhi,New Delhi,Azadpur,Onion,Red,2025-08-10,1928,2478,2141,271.18
Delhi,New Delhi,Azadpur,Onion,Red,2025-08-11,1443,1773,1613,338.89
Delhi,New Delhi,Azadpur,Onion,Red,2025-08-12,1584,2085,1799,305.12
Delhi,New Delhi,Azadpur,Onion,Red,2025-08-13,1581,1963,1781,309.14
Delhi,New Delhi,Azadpur,Onion,Red,2025-08-14,1301,1512,1407,382.12
Delhi,New Delhi,Azadpur,Onion,Red,2025-08-15,1811,2129,1954,288.18
Delhi,New Delhi,Azadpur,Onion,Red,2025-08-16,1523,1854,1711,322.06
Delhi,New Delhi,Azadpur,Onion,Red,2025-08-17,2263,2785,2439,253.19
Delhi,New Delhi,Azadpur,Onion,Red,2025-08-18,1369,1835,1591,333.67
Delhi,New Delhi,Azadpur,Onion,Red,2025-08-19,1663,2249,1949,305.74
Delhi,New Delhi,Azadpur,Onion,Red,2025-08-20,1661,2044,1852,298.5
Delhi,New Delhi,Azadpur,Onion,Red,2025-08-21,1459,1845,1607,335.98
Delhi,New Delhi,Azadpur,Onion,Red,2025-08-22,1470,2009,1717,314.19
Delhi,New Delhi,Azadpur,Onion,Red,2025-08-23,1463,1871,1677,310.0
Delhi,New Delhi,Azadpur,Onion,Red,2025-08-24,1777,2354,2055,273.56
Delhi,New Delhi,Azadpur,Onion,Red,2025-08-25,1318,1771,1544,357.02
Delhi,New Delhi,Azadpur,Onion,Red,2025-08-26,1577,1969,1744,341.03
Delhi,New Delhi,Azadpur,Onion,Red,2025-08-27,1807,2185,2001,300.41
Delhi,New Delhi,Azadpur,Onion,Red,2025-08-28,1524,1988,1721,294.63
Delhi,New Delhi,Azadpur,Onion,Red,2025-08-29,1409,1771,1619,333.5
Delhi,New Delhi,Azadpur,Onion,Red,2025-08-30,1594,1962,1758,338.82
Delhi,New Delhi,Azadpur,Onion,Red,2025-08-31,1859,2448,2087,269.48
Delhi,New Delhi,Azadpur,Onion,Red,2025-09-01,1752,2154,1961,288.97
Delhi,New Delhi,Azadpur,Onion,Red,2025-09-02,1650,2192,1931,280.49
Delhi,New Delhi,Azadpur,Onion,Red,2025-09-03,1452,1836,1577,325.51
Delhi,New Delhi,Azadpur,Onion,Red,2025-09-04,1380,1733,1554,363.96
Delhi,New Delhi,Azadpur,Onion,Red,2025-09-05,1505,1859,1685,322.18
Delhi,New Delhi,Azadpur,Onion,Red,2025-09-06,1420,1728,1606,359.45
Delhi,New Delhi,Azadpur,Onion,Red,2025-09-07,1679,2226,1971,282.71
Delhi,New Delhi,Azadpur,Onion,Red,2025-09-08,1660,1988,1832,307.21
Delhi,New Delhi,Azadpur,Onion,Red,2025-09-09,1816,2368,2027,281.93
Delhi,New Delhi,Azadpur,Onion,Red,2025-09-10,1547,1915,1682,314.85
Delhi,New Delhi,Azadpur,Onion,Red,2025-09-11,2018,2525,2302,253.65
Delhi,New Delhi,Azadpur,Onion,Red,2025-09-12,1909,2507,2224,244.09
Delhi,New Delhi,Azadpur,Onion,Red,2025-09-13,1837,2330,2114,267.68
Delhi,New Delhi,Azadpur,Onion,Red,2025-09-14,1789,2431,2063,267.27
Delhi,New Delhi,Azadpur,Onion,Red,2025-09-15,1677,2159,1957,289.25
Delhi,New Delhi,Azadpur,Onion,Red,2025-09-16,1719,2002,1851,288.88
Delhi,New Delhi,Azadpur,Onion,Red,2025-09-17,1692,2036,1865,295.15
Delhi,New Delhi,Azadpur,Onion,Red,2025-09-18,1671,1983,1833,287.43
Delhi,New Delhi,Azadpur,Onion,Red,2025-09-19,1740,2189,1917,293.24
Delhi,New Delhi,Azadpur,Onion,Red,2025-09-20,1687,2184,1960,264.57
Delhi,New Delhi,Azadpur,Onion,Red,2025-09-21,2022,2526,2352,263.65
Delhi,New Delhi,Azadpur,Onion,Red,2025-09-22,1705,2157,1990,289.26
Delhi,New Delhi,Azadpur,Onion,Red,2025-09-23,1845,2178,1984,282.71
Delhi,New Delhi,Azadpur,Onion,Red,2025-09-24,1521,1830,1690,324.33
Delhi,New Delhi,Azadpur,Onion,Red,2025-09-25,1758,2281,1955,310.53
Delhi,New Delhi,Azadpur,Onion,Red,2025-09-26,1794,2164,1932,309.82
Delhi,New Delhi,Azadpur,Onion,Red,2025-09-27,1745,2245,1995,269.63
Delhi,New Delhi,Azadpur,Onion,Red,2025-09-28,1694,2184,1894,295.64
Delhi,New Delhi,Azadpur,Onion,Red,2025-09-29,1606,2138,1843,276.78
Delhi,New Delhi,Azadpur,Onion,Red,2025-09-30,1840,2297,2131,263.94
Delhi,New Delhi,Azadpur,Onion,Red,2025-10-01,1860,2488,2117,260.31
Delhi,New Delhi,Azadpur,Onion,Red,2025-10-02,1731,2164,1946,268.18
Delhi,New Delhi,Azadpur,Onion,Red,2025-10-03,1984,2637,2315,248.53
Delhi,New Delhi,Azadpur,Onion,Red,2025-10-04,1976,2568,2243,243.42
Delhi,New Delhi,Azadpur,Onion,Red,2025-10-05,1865,2338,2119,246.85
Delhi,New Delhi,Azadpur,Onion,Red,2025-10-06,1846,2331,2074,254.51
Delhi,New Delhi,Azadpur,Onion,Red,2025-10-07,1665,2075,1844,307.1
Delhi,New Delhi,Azadpur,Onion,Red,2025-10-08,2091,2563,2302,231.35
Delhi,New Delhi,Azadpur,Onion,Red,2025-10-09,1763,2082,1909,290.97
Delhi,New Delhi,Azadpur,Onion,Red,2025-10-10,1950,2515,2147,251.02
Delhi,New Delhi,Azadpur,Onion,Red,2025-10-11,1938,2433,2260,245.45
Delhi,New Delhi,Azadpur,Onion,Red,2025-10-12,2154,2603,2420,228.67
Delhi,New Delhi,Azadpur,Onion,Red,2025-10-13,1797,2202,2049,256.72
Delhi,New Delhi,Azadpur,Onion,Red,2025-10-14,2024,2413,2240,259.28
Delhi,New Delhi,Azadpur,Onion,Red,2025-10-15,2092,2562,2271,233.05
Delhi,New Delhi,Azadpur,Onion,Red,2025-10-16,1968,2511,2299,242.63
Delhi,New Delhi,Azadpur,Onion,Red,2025-10-17,1895,2422,2170,282.99
Delhi,New Delhi,Azadpur,Onion,Red,2025-10-18,2099,2692,2446,223.13
Delhi,New Delhi,Azadpur,Onion,Red,2025-10-19,2504,3264,2781,203.09
Delhi,New Delhi,Azadpur,Onion,Red,2025-10-20,2025,2614,2335,256.53
Delhi,New Delhi,Azadpur,Onion,Red,2025-10-21,2319,2844,2502,227.27
Delhi,New Delhi,Azadpur,Onion,Red,2025-10-22,1982,2518,2316,237.79
Delhi,New Delhi,Azadpur,Onion,Red,2025-10-23,2083,2708,2375,222.71
Delhi,New Delhi,Azadpur,Onion,Red,2025-10-24,2490,3087,2805,209.24
Delhi,New Delhi,Azadpur,Onion,Red,2025-10-25,2145,2604,2407,234.38
Delhi,New Delhi,Azadpur,Onion,Red,2025-10-26,2350,2841,2584,201.78
Delhi,New Delhi,Azadpur,Onion,Red,2025-10-27,1889,2508,2144,263.7
Delhi,New Delhi,Azadpur,Onion,Red,2025-10-28,2175,2731,2503,237.19
Delhi,New Delhi,Azadpur,Onion,Red,2025-10-29,2259,2701,2432,243.63
Delhi,New Delhi,Azadpur,Onion,Red,2025-10-30,2547,3235,2748,179.21
Delhi,New Delhi,Azadpur,Onion,Red,2025-10-31,2435,3138,2721,214.42
Delhi,New Delhi,Azadpur,Onion,Red,2025-11-01,2310,2900,2568,231.35
Delhi,New Delhi,Azadpur,Onion,Red,2025-11-02,2552,3175,2905,191.63
Delhi,New Delhi,Azadpur,Onion,Red,2025-11-03,2074,2726,2331,232.72
Delhi,New Delhi,Azadpur,Onion,Red,2025-11-04,2423,3282,2807,201.0
Delhi,New Delhi,Azadpur,Onion,Red,2025-11-05,2335,3046,2593,213.42
Delhi,New Delhi,Azadpur,Onion,Red,2025-11-06,2498,2898,2706,191.72
Delhi,New Delhi,Azadpur,Onion,Red,2025-11-07,2309,2997,2631,242.92
Delhi,New Delhi,Azadpur,Onion,Red,2025-11-08,2041,2711,2334,236.79
Delhi,New Delhi,Azadpur,Onion,Red,2025-11-09,2831,3418,3065,180.34
Delhi,New Delhi,Azadpur,Onion,Red,2025-11-10,2336,3088,2630,204.82
Delhi,New Delhi,Azadpur,Onion,Red,2025-11-11,2667,3371,3105,187.54
Delhi,New Delhi,Azadpur,Onion,Red,2025-11-12,2563,3402,2916,187.87
Delhi,New Delhi,Azadpur,Onion,Red,2025-11-13,2587,3355,2881,177.16
Delhi,New Delhi,Azadpur,Onion,Red,2025-11-14,2921,3739,3184,208.62
Delhi,New Delhi,Azadpur,Onion,Red,2025-11-15,2729,3303,3005,184.05
Delhi,New Delhi,Azadpur,Onion,Red,2025-11-16,2725,3533,3086,186.29
Delhi,New Delhi,Azadpur,Onion,Red,2025-11-17,2469,3158,2721,198.59
Delhi,New Delhi,Azadpur,Onion,Red,2025-11-18,2593,3003,2799,207.85
Delhi,New Delhi,Azadpur,Onion,Red,2025-11-19,2366,3089,2771,185.92
Delhi,New Delhi,Azadpur,Onion,Red,2025-11-20,2916,3637,3138,179.57
Delhi,New Delhi,Azadpur,Onion,Red,2025-11-21,3033,3707,3306,162.66
Delhi,New Delhi,Azadpur,Onion,Red,2025-11-22,2662,3408,3022,204.41
Delhi,New Delhi,Azadpur,Onion,Red,2025-11-23,2991,3856,3404,175.27
Delhi,New Delhi,Azadpur,Onion,Red,2025-11-24,2643,3261,2923,179.33
Delhi,New Delhi,Azadpur,Onion,Red,2025-11-25,2838,3592,3103,176.7
Delhi,New Delhi,Azadpur,Onion,Red,2025-11-26,2311,2821,2578,203.65
Delhi,New Delhi,Azadpur,Onion,Red,2025-11-27,2756,3435,3103,177.48
Delhi,New Delhi,Azadpur,Onion,Red,2025-11-28,2957,3596,3358,184.93
Delhi,New Delhi,Azadpur,Onion,Red,2025-11-29,2837,3586,3315,145.88
Delhi,New Delhi,Azadpur,Onion,Red,2025-11-30,3132,4020,3577,164.62
Delhi,New Delhi,Azadpur,Onion,Red,2025-12-01,3006,3943,3349,155.35
Delhi,New Delhi,Azadpur,Onion,Red,2025-12-02,3206,3957,3518,154.46
Delhi,New Delhi,Azadpur,Onion,Red,2025-12-03,2732,3549,3178,185.28
Delhi,New Delhi,Azadpur,Onion,Red,2025-12-04,2982,3769,3310,176.54
Delhi,New Delhi,Azadpur,Onion,Red,2025-12-05,2977,3865,3284,152.67
Delhi,New Delhi,Azadpur,Onion,Red,2025-12-06,2832,3621,3302,148.84
Delhi,New Delhi,Azadpur,Onion,Red,2025-12-07,3167,3994,3647,117.72
Delhi,New Delhi,Azadpur,Onion,Red,2025-12-08,3086,4155,3545,138.44
Delhi,New Delhi,Azadpur,Onion,Red,2025-12-09,3069,4082,3594,161.97
Delhi,New Delhi,Azadpur,Onion,Red,2025-12-10,2733,3558,3138,178.98
Delhi,New Delhi,Azadpur,Onion,Red,2025-12-11,2809,3714,3262,172.39
Delhi,New Delhi,Azadpur,Onion,Red,2025-12-12,2982,3872,3393,134.55
Delhi,New Delhi,Azadpur,Onion,Red,2025-12-13,3161,4144,3599,152.3
Delhi,New Delhi,Azadpur,Onion,Red,2025-12-14,3301,4084,3692,123.49
Delhi,New Delhi,Azadpur,Onion,Red,2025-12-15,2729,3510,3209,167.97
Delhi,New Delhi,Azadpur,Onion,Red,2025-12-16,3265,4172,3742,158.18
Delhi,New Delhi,Azadpur,Onion,Red,2025-12-17,3189,4042,3680,169.59
Delhi,New Delhi,Azadpur,Onion,Red,2025-12-18,3096,4036,3531,164.34
Delhi,New Delhi,Azadpur,Onion,Red,2025-12-19,3126,3710,3391,197.29
Delhi,New Delhi,Azadpur,Onion,Red,2025-12-20,3188,4133,3545,162.5
Delhi,New Delhi,Azadpur,Onion,Red,2025-12-21,3771,4468,4118,128.66
Delhi,New Delhi,Azadpur,Onion,Red,2025-12-22,3341,4065,3728,150.95
Delhi,New Delhi,Azadpur,Onion,Red,2025-12-23,3141,4123,3660,141.56
Delhi,New Delhi,Azadpur,Onion,Red,2025-12-24,3182,4079,3554,115.52
Delhi,New Delhi,Azadpur,Onion,Red,2025-12-25,3194,4312,3743,136.93
Delhi,New Delhi,Azadpur,Onion,Red,2025-12-26,3017,3798,3307,155.39
Delhi,New Delhi,Azadpur,Onion,Red,2025-12-27,3454,4529,3908,143.11
Delhi,New Delhi,Azadpur,Onion,Red,2025-12-28,3614,4573,4150,126.76
Delhi,New Delhi,Azadpur,Onion,Red,2025-12-29,3139,3989,3615,162.03
Delhi,New Delhi,Azadpur,Onion,Red,2025-12-30,3596,4619,3978,143.18
Delhi,New Delhi,Azadpur,Onion,Red,2025-12-31,3221,4246,3754,147.65
Delhi,New Delhi,Azadpur,Onion,Red,2026-01-01,3296,4247,3715,137.84
Delhi,New Delhi,Azadpur,Onion,Red,2026-01-02,3745,4740,4119,126.5
Delhi,New Delhi,Azadpur,Onion,Red,2026-01-03,3667,4733,4091,140.26
Delhi,New Delhi,Azadpur,Onion,Red,2026-01-04,3747,5167,4385,101.13
Delhi,New Delhi,Azadpur,Onion,Red,2026-01-05,3602,4338,3978,142.51
Delhi,New Delhi,Azadpur,Onion,Red,2026-01-06,3349,4177,3742,137.17
Delhi,New Delhi,Azadpur,Onion,Red,2026-01-07,3593,4617,3967,171.15
Delhi,New Delhi,Azadpur,Onion,Red,2026-01-08,3473,4615,3925,124.43
Delhi,New Delhi,Azadpur,Onion,Red,2026-01-09,3445,4261,3818,121.3
Delhi,New Delhi,Azadpur,Onion,Red,2026-01-10,3778,5068,4420,127.51
Delhi,New Delhi,Azadpur,Onion,Red,2026-01-11,3528,4761,4067,155.86
Delhi,New Delhi,Azadpur,Onion,Red,2026-01-12,3707,4849,4347,113.12
Delhi,New Delhi,Azadpur,Onion,Red,2026-01-13,3624,4410,4034,154.13
Delhi,New Delhi,Azadpur,Onion,Red,2026-01-14,3795,4956,4239,127.62
Delhi,New Delhi,Azadpur,Onion,Red,2026-01-15,3824,4651,4335,104.04
Delhi,New Delhi,Azadpur,Onion,Red,2026-01-16,3376,4082,3708,132.04
Delhi,New Delhi,Azadpur,Onion,Red,2026-01-17,3538,4597,4047,123.63
Delhi,New Delhi,Azadpur,Onion,Red,2026-01-18,3507,4428,3986,132.56
Delhi,New Delhi,Azadpur,Onion,Red,2026-01-19,3602,4995,4236,142.98
Delhi,New Delhi,Azadpur,Onion,Red,2026-01-20,3825,4903,4335,143.51
Delhi,New Delhi,Azadpur,Onion,Red,2026-01-21,3904,4678,4293,120.17
Delhi,New Delhi,Azadpur,Onion,Red,2026-01-22,3594,4586,3946,113.12
Delhi,New Delhi,Azadpur,Onion,Red,2026-01-23,3887,4935,4267,115.7
Delhi,New Delhi,Azadpur,Onion,Red,2026-01-24,3922,4719,4270,111.15
Delhi,New Delhi,Azadpur,Onion,Red,2026-01-25,3975,5400,4637,113.71
Delhi,New Delhi,Azadpur,Onion,Red,2026-01-26,3592,4801,4189,128.87
Delhi,New Delhi,Azadpur,Onion,Red,2026-01-27,3374,4372,3814,162.1
Delhi,New Delhi,Azadpur,Onion,Red,2026-01-28,3798,4609,4126,131.24
Delhi,New Delhi,Azadpur,Onion,Red,2026-01-29,3898,4756,4322,115.37
Delhi,New Delhi,Azadpur,Onion,Red,2026-01-30,3989,4936,4422,140.29
Delhi,New Delhi,Azadpur,Onion,Red,2026-01-31,3680,4350,4046,146.58
Delhi,New Delhi,Azadpur,Onion,Red,2026-02-01,3754,4793,4178,119.79
Delhi,New Delhi,Azadpur,Onion,Red,2026-02-02,3903,4780,4212,122.8
Delhi,New Delhi,Azadpur,Onion,Red,2026-02-03,4075,5009,4568,113.56
Delhi,New Delhi,Azadpur,Onion,Red,2026-02-04,3946,4625,4295,108.55
Delhi,New Delhi,Azadpur,Onion,Red,2026-02-05,3806,5043,4427,121.04
Delhi,New Delhi,Azadpur,Onion,Red,2026-02-06,3933,4829,4466,103.4
Delhi,New Delhi,Azadpur,Onion,Red,2026-02-07,4234,5337,4681,129.27
Delhi,New Delhi,Azadpur,Onion,Red,2026-02-08,4635,5896,5145,107.52
Delhi,New Delhi,Azadpur,Onion,Red,2026-02-09,3900,4943,4522,148.24
Delhi,New Delhi,Azadpur,Onion,Red,2026-02-10,4068,5051,4467,120.38
Delhi,New Delhi,Azadpur,Onion,Red,2026-02-11,4002,5071,4341,122.13
Delhi,New Delhi,Azadpur,Onion,Red,2026-02-12,3945,4925,4454,120.06
Delhi,New Delhi,Azadpur,Onion,Red,2026-02-13,4146,4899,4544,142.6
Delhi,New Delhi,Azadpur,Onion,Red,2026-02-14,3720,4777,4245,112.17
Delhi,New Delhi,Azadpur,Onion,Red,2026-02-15,3972,5199,4517,95.72
Delhi,New Delhi,Azadpur,Onion,Red,2026-02-16,4046,5161,4667,134.55
Delhi,New Delhi,Azadpur,Onion,Red,2026-02-17,3966,5210,4416,122.98
Delhi,New Delhi,Azadpur,Onion,Red,2026-02-18,4065,5272,4509,110.33
Delhi,New Delhi,Azadpur,Onion,Red,2026-02-19,3770,4903,4398,114.38
Delhi,New Delhi,Azadpur,Onion,Red,2026-02-20,4055,5042,4467,124.41
Delhi,New Delhi,Azadpur,Onion,Red,2026-02-21,3825,5156,4437,139.03
Delhi,New Delhi,Azadpur,Onion,Red,2026-02-22,3950,5221,4592,118.89
Delhi,New Delhi,Azadpur,Onion,Red,2026-02-23,3788,4818,4171,141.68
Delhi,New Delhi,Azadpur,Onion,Red,2026-02-24,4096,5175,4489,134.03
Delhi,New Delhi,Azadpur,Onion,Red,2026-02-25,3840,4635,4323,110.77
Delhi,New Delhi,Azadpur,Onion,Red,2026-02-26,3800,4796,4425,96.14
Delhi,New Delhi,Azadpur,Onion,Red,2026-02-27,4353,5367,4749,111.7
Delhi,New Delhi,Azadpur,Onion,Red,2026-02-28,3528,4428,4077,127.23
Delhi,New Delhi,Azadpur,Onion,Red,2026-03-01,4187,5261,4585,141.66
Delhi,New Delhi,Azadpur,Onion,Red,2026-03-02,3914,4935,4420,103.44
Delhi,New Delhi,Azadpur,Onion,Red,2026-03-03,4136,5286,4520,122.16
Delhi,New Delhi,Azadpur,Onion,Red,2026-03-04,3917,5046,4424,118.79
Delhi,New Delhi,Azadpur,Onion,Red,2026-03-05,4264,5015,4609,119.36
Delhi,New Delhi,Azadpur,Onion,Red,2026-03-06,3938,5138,4443,141.44
Delhi,New Delhi,Azadpur,Onion,Red,2026-03-07,4259,5164,4582,125.49
Delhi,New Delhi,Azadpur,Onion,Red,2026-03-08,4103,4943,4483,118.09
Delhi,New Delhi,Azadpur,Onion,Red,2026-03-09,3884,4921,4377,106.19
Delhi,New Delhi,Azadpur,Onion,Red,2026-03-10,3943,4895,4357,126.8
Delhi,New Delhi,Azadpur,Onion,Red,2026-03-11,3933,4870,4529,129.4
Delhi,New Delhi,Azadpur,Onion,Red,2026-03-12,3586,4581,4158,126.81
Delhi,New Delhi,Azadpur,Onion,Red,2026-03-13,3872,4720,4291,101.05
Delhi,New Delhi,Azadpur,Onion,Red,2026-03-14,4036,4942,4394,117.57
Delhi,New Delhi,Azadpur,Onion,Red,2026-03-15,3978,4978,4562,128.67
Delhi,New Delhi,Azadpur,Onion,Red,2026-03-16,3964,5088,4413,153.02
Delhi,New Delhi,Azadpur,Onion,Red,2026-03-17,3898,4994,4423,145.37
Delhi,New Delhi,Azadpur,Onion,Red,2026-03-18,3725,4668,4217,135.5
Delhi,New Delhi,Azadpur,Onion,Red,2026-03-19,3682,4643,4268,125.02
Delhi,New Delhi,Azadpur,Onion,Red,2026-03-20,3909,5033,4511,117.95
Delhi,New Delhi,Azadpur,Onion,Red,2026-03-21,3874,4952,4536,111.18
Delhi,New Delhi,Azadpur,Onion,Red,2026-03-22,3774,4712,4329,130.25
Delhi,New Delhi,Azadpur,Onion,Red,2026-03-23,3863,4947,4342,121.77
Delhi,New Delhi,Azadpur,Onion,Red,2026-03-24,3867,4903,4442,94.69
Delhi,New Delhi,Azadpur,Onion,Red,2026-03-25,3753,4856,4173,138.03
Delhi,New Delhi,Azadpur,Onion,Red,2026-03-26,3850,4846,4283,118.95
Delhi,New Delhi,Azadpur,Onion,Red,2026-03-27,4007,4719,4332,141.05
Delhi,New Delhi,Azadpur,Onion,Red,2026-03-28,3832,4752,4356,137.6
Delhi,New Delhi,Azadpur,Onion,Red,2026-03-29,3957,5038,4503,140.33
Delhi,New Delhi,Azadpur,Onion,Red,2026-03-30,3552,4849,4144,147.87
Delhi,New Delhi,Azadpur,Onion,Red,2026-03-31,3468,4678,4003,119.74
Delhi,New Delhi,Azadpur,Onion,Red,2026-04-01,4005,4672,4351,107.98
Delhi,New Delhi,Azadpur,Onion,Red,2026-04-02,3779,4652,4187,149.29
Delhi,New Delhi,Azadpur,Onion,Red,2026-04-03,3451,4758,4052,148.48
Delhi,New Delhi,Azadpur,Onion,Red,2026-04-04,3803,4538,4153,115.26
Delhi,New Delhi,Azadpur,Onion,Red,2026-04-05,3825,4971,4350,143.21
Delhi,New Delhi,Azadpur,Onion,Red,2026-04-06,3571,4339,3930,120.38
Delhi,New Delhi,Azadpur,Onion,Red,2026-04-07,3901,4798,4266,120.75
Delhi,New Delhi,Azadpur,Onion,Red,2026-04-08,3985,4992,4474,126.82
Delhi,New Delhi,Azadpur,Onion,Red,2026-04-09,3890,5017,4299,131.31
Delhi,New Delhi,Azadpur,Onion,Red,2026-04-10,3605,4372,3927,126.76
Delhi,New Delhi,Azadpur,Onion,Red,2026-04-11,3632,4509,3989,144.72
Delhi,New Delhi,Azadpur,Onion,Red,2026-04-12,3843,4546,4243,103.3
Delhi,New Delhi,Azadpur,Onion,Red,2026-04-13,3593,4774,4141,164.89
Delhi,New Delhi,Azadpur,Onion,Red,2026-04-14,3453,4452,3890,127.09
Delhi,New Delhi,Azadpur,Onion,Red,2026-04-15,3591,4413,3943,137.11
Delhi,New Delhi,Azadpur,Onion,Red,2026-04-16,3550,4367,3869,159.87
Delhi,New Delhi,Azadpur,Onion,Red,2026-04-17,3844,4592,4281,129.75
Delhi,New Delhi,Azadpur,Onion,Red,2026-04-18,3562,4602,3987,113.09
Delhi,New Delhi,Azadpur,Onion,Red,2026-04-19,3521,4391,3944,108.44
Delhi,New Delhi,Azadpur,Onion,Red,2026-04-20,3298,4420,3816,137.31
Delhi,New Delhi,Azadpur,Onion,Red,2026-04-21,3510,4540,4041,137.53
Delhi,New Delhi,Azadpur,Onion,Red,2026-04-22,3461,4208,3797,153.89
Delhi,New Delhi,Azadpur,Onion,Red,2026-04-23,3866,4947,4302,137.69
Delhi,New Delhi,Azadpur,Onion,Red,2026-04-24,3376,4353,3808,147.44
Delhi,New Delhi,Azadpur,Onion,Red,2026-04-25,3187,4136,3706,131.4
Delhi,New Delhi,Azadpur,Onion,Red,2026-04-26,3647,5009,4285,131.6
Delhi,New Delhi,Azadpur,Onion,Red,2026-04-27,3371,4291,3951,134.73
Delhi,New Delhi,Azadpur,Onion,Red,2026-04-28,3334,3892,3633,131.75
Delhi,New Delhi,Azadpur,Onion,Red,2026-04-29,3345,4220,3652,155.82
Delhi,New Delhi,Azadpur,Onion,Red,2026-04-30,3186,3845,3537,155.49
Delhi,New Delhi,Azadpur,Onion,Red,2026-05-01,3570,4488,3842,125.57
Delhi,New Delhi,Azadpur,Onion,Red,2026-05-02,3629,4411,3903,176.0
Delhi,New Delhi,Azadpur,Onion,Red,2026-05-03,3484,4335,4011,134.68
Delhi,New Delhi,Azadpur,Onion,Red,2026-05-04,3104,3939,3528,159.68
Delhi,New Delhi,Azadpur,Onion,Red,2026-05-05,3227,4133,3719,148.21
Delhi,New Delhi,Azadpur,Onion,Red,2026-05-06,3369,4166,3710,133.4
Delhi,New Delhi,Azadpur,Onion,Red,2026-05-07,3349,4083,3750,126.13
Delhi,New Delhi,Azadpur,Onion,Red,2026-05-08,3153,3950,3395,131.98
Delhi,New Delhi,Azadpur,Onion,Red,2026-05-09,3352,4313,3688,153.95
Delhi,New Delhi,Azadpur,Onion,Red,2026-05-10,3383,4218,3719,137.96
Delhi,New Delhi,Azadpur,Onion,Red,2026-05-11,2999,3764,3426,145.23
Delhi,New Delhi,Azadpur,Onion,Red,2026-05-12,3280,4112,3571,121.92
Delhi,New Delhi,Azadpur,Onion,Red,2026-05-13,2752,3775,3220,156.12
Delhi,New Delhi,Azadpur,Onion,Red,2026-05-14,3088,4120,3508,154.63
Delhi,New Delhi,Azadpur,Onion,Red,2026-05-15,3213,4061,3682,144.56
Delhi,New Delhi,Azadpur,Onion,Red,2026-05-16,3262,4136,3573,154.38
Delhi,New Delhi,Azadpur,Onion,Red,2026-05-17,2810,3819,3247,152.29
Delhi,New Delhi,Azadpur,Onion,Red,2026-05-18,2964,3437,3190,160.17
Delhi,New Delhi,Azadpur,Onion,Red,2026-05-19,2931,3854,3318,180.75
Delhi,New Delhi,Azadpur,Onion,Red,2026-05-20,3079,3812,3324,154.88
Delhi,New Delhi,Azadpur,Onion,Red,2026-05-21,2972,3798,3477,170.16
Delhi,New Delhi,Azadpur,Onion,Red,2026-05-22,2597,3401,2942,184.66
Delhi,New Delhi,Azadpur,Onion,Red,2026-05-23,3005,3945,3488,153.09
Delhi,New Delhi,Azadpur,Onion,Red,2026-05-24,2893,3800,3247,180.27
Delhi,New Delhi,Azadpur,Onion,Red,2026-05-25,2703,3409,3003,183.81
Delhi,New Delhi,Azadpur,Onion,Red,2026-05-26,2799,3716,3182,147.95
Delhi,New Delhi,Azadpur,Onion,Red,2026-05-27,3005,3637,3368,167.52
Delhi,New Delhi,Azadpur,Onion,Red,2026-05-28,2948,3679,3406,159.24
Delhi,New Delhi,Azadpur,Onion,Red,2026-05-29,2621,3251,2997,159.69
Delhi,New Delhi,Azadpur,Onion,Red,2026-05-30,2890,3739,3281,150.82
Delhi,New Delhi,Azadpur,Onion,Red,2026-05-31,3183,4125,3659,176.2
Delhi,New Delhi,Azadpur,Onion,Red,2026-06-01,2726,3317,3043,174.94
Delhi,New Delhi,Azadpur,Onion,Red,2026-06-02,2519,3263,2944,176.1
Delhi,New Delhi,Azadpur,Onion,Red,2026-06-03,3067,3994,3401,153.68
Delhi,New Delhi,Azadpur,Onion,Red,2026-06-04,2866,3390,3095,184.14
Delhi,New Delhi,Azadpur,Onion,Red,2026-06-05,2844,3721,3160,178.05
Delhi,New Delhi,Azadpur,Onion,Red,2026-06-06,2757,3302,2970,171.51
Delhi,New Delhi,Azadpur,Onion,Red,2026-06-07,2807,3419,3188,175.23
Delhi,New Delhi,Azadpur,Onion,Red,2026-06-08,2400,3254,2809,200.5
Delhi,New Delhi,Azadpur,Onion,Red,2026-06-09,2528,3343,2892,192.89
Delhi,New Delhi,Azadpur,Onion,Red,2026-06-10,2670,3439,3005,183.53
Delhi,New Delhi,Azadpur,Onion,Red,2026-06-11,2646,3286,3000,183.56
Delhi,New Delhi,Azadpur,Onion,Red,2026-06-12,2678,3338,3010,176.23
Delhi,New Delhi,Azadpur,Onion,Red,2026-06-13,2265,2932,2663,208.51
Delhi,New Delhi,Azadpur,Onion,Red,2026-06-14,2957,3783,3228,181.93
Delhi,New Delhi,Azadpur,Onion,Red,2026-06-15,2572,3234,3005,174.61
Delhi,New Delhi,Azadpur,Onion,Red,2026-06-16,2390,3037,2757,183.83
Delhi,New Delhi,Azadpur,Onion,Red,2026-06-17,2276,2837,2544,236.68
Delhi,New Delhi,Azadpur,Onion,Red,2026-06-18,2583,3277,2945,194.25
Delhi,New Delhi,Azadpur,Onion,Red,2026-06-19,2259,2957,2628,218.66
Delhi,New Delhi,Azadpur,Onion,Red,2026-06-20,2620,3108,2888,215.71
Delhi,New Delhi,Azadpur,Onion,Red,2026-06-21,2350,3008,2580,206.96
Delhi,New Delhi,Azadpur,Onion,Red,2026-06-22,2197,2731,2525,213.71
Delhi,New Delhi,Azadpur,Onion,Red,2026-06-23,2514,3018,2709,173.51
Delhi,New Delhi,Azadpur,Onion,Red,2026-06-24,2181,2755,2525,210.63
Delhi,New Delhi,Azadpur,Onion,Red,2026-06-25,2324,2885,2601,213.39
Delhi,New Delhi,Azadpur,Onion,Red,2026-06-26,2220,2784,2533,246.13
Delhi,New Delhi,Azadpur,Onion,Red,2026-06-27,2237,2802,2528,223.76
Delhi,New Delhi,Azadpur,Onion,Red,2026-06-28,2462,3225,2790,182.91
Delhi,New Delhi,Azadpur,Onion,Red,2026-06-29,2082,2679,2326,245.61
Delhi,New Delhi,Azadpur,Onion,Red,2026-06-30,2467,2921,2714,227.8
Delhi,New Delhi,Azadpur,Onion,Red,2026-07-01,2092,2561,2335,249.62
Delhi,New Delhi,Azadpur,Onion,Red,2026-07-02,2216,2845,2458,242.4
Delhi,New Delhi,Azadpur,Onion,Red,2026-07-03,2156,2911,2501,227.54
Delhi,New Delhi,Azadpur,Onion,Red,2026-07-04,2468,2932,2672,229.28
Delhi,New Delhi,Azadpur,Onion,Red,2026-07-05,2348,2888,2580,189.0
Delhi,New Delhi,Azadpur,Onion,Red,2026-07-06,2001,2583,2226,278.8
Delhi,New Delhi,Azadpur,Onion,Red,2026-07-07,2260,2770,2475,208.46
Delhi,New Delhi,Azadpur,Onion,Red,2026-07-08,1989,2506,2264,258.85
Delhi,New Delhi,Azadpur,Onion,Red,2026-07-09,2428,2964,2663,206.36
Delhi,New Delhi,Azadpur,Onion,Red,2026-07-10,2218,2744,2539,230.43
Delhi,New Delhi,Azadpur,Onion,Red,2026-07-11,2136,2550,2369,242.58
Delhi,New Delhi,Azadpur,Onion,Red,2026-07-12,2291,2938,2496,239.65
Delhi,New Delhi,Azadpur,Onion,Red,2026-07-13,2014,2727,2361,210.35
Delhi,New Delhi,Azadpur,Onion,Red,2026-07-14,2047,2564,2236,232.04
Delhi,New Delhi,Azadpur,Onion,Red,2026-07-15,2109,2597,2274,237.84
Delhi,New Delhi,Azadpur,Onion,Red,2026-07-16,1983,2339,2137,239.09
Delhi,New Delhi,Azadpur,Onion,Red,2026-07-17,1723,2203,1890,310.01
Delhi,New Delhi,Azadpur,Onion,Red,2026-07-18,2166,2667,2423,208.16
Delhi,New Delhi,Azadpur,Onion,Red,2026-07-19,2069,2781,2399,203.29
Delhi,New Delhi,Azadpur,Onion,Red,2026-07-20,1780,2232,2004,269.45
Delhi,New Delhi,Azadpur,Onion,Red,2026-07-21,1903,2291,2058,275.61
Delhi,New Delhi,Azadpur,Onion,Red,2026-07-22,1519,2034,1741,303.32
Delhi,New Delhi,Azadpur,Onion,Red,2026-07-23,1990,2650,2289,213.21
Delhi,New Delhi,Azadpur,Onion,Red,2026-07-24,1824,2313,2016,287.68
Delhi,New Delhi,Azadpur,Onion,Red,2026-07-25,2206,2657,2462,242.4
Delhi,New Delhi,Azadpur,Onion,Red,2026-07-26,1952,2568,2205,279.87
Delhi,New Delhi,Azadpur,Onion,Red,2026-07-27,1889,2497,2198,231.74
Delhi,New Delhi,Azadpur,Onion,Red,2026-07-28,1640,2110,1814,314.97
Delhi,New Delhi,Azadpur,Onion,Red,2026-07-29,1797,2260,2052,249.04
Delhi,New Delhi,Azadpur,Onion,Red,2026-07-30,1783,2310,2033,286.68
Delhi,New Delhi,Azadpur,Onion,Red,2026-07-31,1737,2172,1948,271.54
Delhi,New Delhi,Azadpur,Onion,Red,2026-08-01,1794,2334,2012,271.66
Delhi,New Delhi,Azadpur,Onion,Red,2026-08-02,1906,2471,2123,267.65
Delhi,New Delhi,Azadpur,Onion,Red,2026-08-03,1936,2294,2099,259.85
Delhi,New Delhi,Azadpur,Onion,Red,2026-08-04,1647,2226,1903,280.5
Delhi,New Delhi,Azadpur,Onion,Red,2026-08-05,1979,2559,2246,275.0
Delhi,New Delhi,Azadpur,Onion,Red,2026-08-06,1572,2000,1777,291.65
Delhi,New Delhi,Azadpur,Onion,Red,2026-08-07,1671,2214,1907,309.52
Delhi,New Delhi,Azadpur,Onion,Red,2026-08-08,1686,2236,1926,294.07
Delhi,New Delhi,Azadpur,Onion,Red,2026-08-09,1862,2292,2102,253.17
Delhi,New Delhi,Azadpur,Onion,Red,2026-08-10,1717,2192,1886,272.71
Delhi,New Delhi,Azadpur,Onion,Red,2026-08-11,1870,2315,2093,251.26
Delhi,New Delhi,Azadpur,Onion,Red,2026-08-12,1648,2031,1864,281.7
Delhi,New Delhi,Azadpur,Onion,Red,2026-08-13,2014,2437,2229,239.17
Delhi,New Delhi,Azadpur,Onion,Red,2026-08-14,1795,2250,1992,244.31
Delhi,New Delhi,Azadpur,Onion,Red,2026-08-15,1361,1710,1530,340.94
Delhi,New Delhi,Azadpur,Onion,Red,2026-08-16,2044,2608,2269,243.98
Delhi,New Delhi,Azadpur,Onion,Red,2026-08-17,1957,2342,2183,269.35
Delhi,New Delhi,Azadpur,Onion,Red,2026-08-18,1548,2089,1805,301.25
Delhi,New Delhi,Azadpur,Onion,Red,2026-08-19,1889,2380,2167,248.85
Delhi,New Delhi,Azadpur,Onion,Red,2026-08-20,1878,2298,2052,246.98
Delhi,New Delhi,Azadpur,Onion,Red,2026-08-21,1710,2236,1990,275.26
Delhi,New Delhi,Azadpur,Onion,Red,2026-08-22,1568,1931,1799,302.8
Delhi,New Delhi,Azadpur,Onion,Red,2026-08-23,1952,2405,2133,272.08
Delhi,New Delhi,Azadpur,Onion,Red,2026-08-24,1986,2325,2153,267.39
Delhi,New Delhi,Azadpur,Onion,Red,2026-08-25,1983,2521,2140,242.15
Delhi,New Delhi,Azadpur,Onion,Red,2026-08-26,1502,2052,1748,322.41
Delhi,New Delhi,Azadpur,Onion,Red,2026-08-27,1587,1856,1716,316.16
Delhi,New Delhi,Azadpur,Onion,Red,2026-08-28,1771,2288,2066,287.42
Delhi,New Delhi,Azadpur,Onion,Red,2026-08-29,1769,2132,1992,260.0
Delhi,New Delhi,Azadpur,Onion,Red,2026-08-30,1816,2283,2086,264.99
Delhi,New Delhi,Azadpur,Onion,Red,2026-08-31,1627,2018,1769,286.61
